Description,TotalSalesDollars,ProfitMargin,IsTargetBrand,LowSalesThreshold,HighMarginThreshold
(RI) 1,21519.09,18.060661487079603,False,560.146,64.9299097086893
.nparalleled Svgn Blanc,1094.63,29.978166138329854,False,560.146,64.9299097086893
10 Span Cab Svgn CC,2703.89,20.93761210700138,False,560.146,64.9299097086893
10 Span Chard CC,3325.56,27.806444628874534,False,560.146,64.9299097086893
10 Span Pnt Gris Monterey Cy,2082.22,32.22618167148524,False,560.146,64.9299097086893
10 Span Pnt Nr CC,2441.7400000000002,25.836084103958655,False,560.146,64.9299097086893
12 Days of Pearls Gift Set,309.69,97.67832348477509,True,560.146,64.9299097086893
13 Celsius Svgn Bl,34041.23,57.6699784349743,False,560.146,64.9299097086893
13th Colony Sthrn Corn Whsky,359.82,42.446223111555774,False,560.146,64.9299097086893
14 Hands Cab Svgn Wash,273570.44,38.22745980888871,False,560.146,64.9299097086893
14 Hands Chard Wash,58250.47,38.44744943688866,False,560.146,64.9299097086893
14 Hands Hot to Trot Red,168780.04,34.82224556884807,False,560.146,64.9299097086893
14 Hands Hot to Trot White,16198.86,40.02664385024625,False,560.146,64.9299097086893
14 Hands Merlot Wash,148235.97,42.287691712072316,False,560.146,64.9299097086893
14 Hands Moscato,798.15,28.512184426486243,False,560.146,64.9299097086893
14 Hands Pinot Grigio,40353.49,37.10578688485183,False,560.146,64.9299097086893
14 Hands Red Blend Ltd,9570.42,45.94594594594595,False,560.146,64.9299097086893
14 Hands Red Blend Stampede,25884.53,27.870044385584748,False,560.146,64.9299097086893
14 Hands Rsl Wash,531.48,22.781666290359006,False,560.146,64.9299097086893
14 Hands Svgn Bl,16640.6,38.90003966203142,False,560.146,64.9299097086893
1792 Full Proof Bourbon,3576.21,24.50862784903571,False,560.146,64.9299097086893
1792 Port Finish Bourbon,6998.25,23.080770192548137,False,560.146,64.9299097086893
1792 Single Barrel Bourbon,2445.3900000000003,21.448521503727438,False,560.146,64.9299097086893
1792 Sweet Wheat Bourbon,3170.11,21.418815119980064,False,560.146,64.9299097086893
1800 Anejo Tequila,30316.780000000002,35.02608126588642,False,560.146,64.9299097086893
1800 Coconut Tequila,199138.59,33.445626987717446,False,560.146,64.9299097086893
1800 Reposado Gold Tequila,511933.9,26.56187626502405,False,560.146,64.9299097086893
1800 Select Silver Tequila,2129.29,89.44577770054806,False,560.146,64.9299097086893
1800 Silver Tequila,701881.81,33.72690854199998,False,560.146,64.9299097086893
1800 Silver w/ Shot Glasses,31476.899999999998,29.307015620979193,False,560.146,64.9299097086893
1800 Ultimate Margarita RTD,149258.31999999998,31.938179392612735,False,560.146,64.9299097086893
1800 Ultimate Peach Margrita,46049.719999999994,33.595948031822985,False,560.146,64.9299097086893
19 Crimes Cab Svgn,63682.42,33.90014072957654,False,560.146,64.9299097086893
19 Crimes Red,195851.1,23.339725944863208,False,560.146,64.9299097086893
19 Crimes Warden Red,2823.87,23.088173322426318,False,560.146,64.9299097086893
2 Copas Spain White,119.88,33.33333333333333,False,560.146,64.9299097086893
2 Gingers Irish Whiskey,321.85999999999996,40.88734232274901,False,560.146,64.9299097086893
20 Mile 09 Brdx Superior,1949.48,83.76900506801813,False,560.146,64.9299097086893
24 Knots Pnt Nr,9393.619999999999,47.989699391714794,False,560.146,64.9299097086893
3 Ball Znfdl,14312.4,25.28129454179593,False,560.146,64.9299097086893
3 Blind Moose Cab Svgn Cal,6344.47,55.080250990232436,False,560.146,64.9299097086893
3 Blind Moose Chard Cal,6058.73,50.892678828731434,False,560.146,64.9299097086893
3 Blind Moose Merlot Cal,6951.85,56.1424656746046,False,560.146,64.9299097086893
3 Blind Moose Pnt Grigio Cal,7285.51,56.373678712952156,False,560.146,64.9299097086893
3 Brooms Svgn Bl Marlborough,25206.93,32.92796861815382,False,560.146,64.9299097086893
4 Orange Vodka,483.78,85.90268303774444,True,560.146,64.9299097086893
44* North Huckleberry Vodka,1057.03,12.87664493912187,False,560.146,64.9299097086893
44* North Magic Valley Vodka,1349.4,53.846153846153854,False,560.146,64.9299097086893
900 Grapes Svgn Bl,59.94,32.43243243243243,False,560.146,64.9299097086893
99 Apples Schnapps Liqueur,46523.37,43.097952706349524,False,560.146,64.9299097086893
99 Bananas,70779.07,44.6236860699074,False,560.146,64.9299097086893
99 Blackberries,16537.95,9.834653025314507,False,560.146,64.9299097086893
A Bichot Adelie Mercury,815.76,72.03834461116014,False,560.146,64.9299097086893
A Bichot Ch Gris Nuits St Ge,648.89,93.73083265268383,False,560.146,64.9299097086893
A Bichot Chablis Long Depaqt,13133.609999999999,25.219646388159845,False,560.146,64.9299097086893
A Bichot Chablis Vaucopins,1623.44,96.33001527620362,False,560.146,64.9299097086893
A Bichot Chard Bourgogne,7452.23,19.433646036152936,False,560.146,64.9299097086893
A Bichot Clos Marechaudes,539.94,67.74086009556618,True,560.146,64.9299097086893
A Bichot Cremant Brut Rose,3402.2699999999995,15.983740267527255,False,560.146,64.9299097086893
A Bichot Merc Champs M,515.88,94.5529968209661,True,560.146,64.9299097086893
A Bichot Morgon Les Charmes,9209.119999999999,84.25701912886356,False,560.146,64.9299097086893
A Bichot Petit Chablis,8693.33,33.815350389321466,False,560.146,64.9299097086893
A Bichot Pnt Nr Bourgogne,13745.23,36.545259701001726,False,560.146,64.9299097086893
A Bichot Pouilly-Fuisse,11751.31,31.171077947905378,False,560.146,64.9299097086893
A Bichot St-Amour Champlette,6804.389999999999,76.68813809908016,False,560.146,64.9299097086893
A Innocenti Nonni Cab Svgn,623.52,17.72517321016166,False,560.146,64.9299097086893
A Proper Pink,4442.58,29.561200923787524,False,560.146,64.9299097086893
A by Acacia Chard Cal,30677.23,30.033057091530107,False,560.146,64.9299097086893
A by Acacia Pnt Nr Cal,47345.5,34.61215955053806,False,560.146,64.9299097086893
A by Acacia Red Cal,143.88,45.204336947456206,False,560.146,64.9299097086893
A by Acacia Unoaked Chard Ca,31888.61,32.17731973892872,False,560.146,64.9299097086893
A to Z Ore Chard,51823.43,14.612907713750332,False,560.146,64.9299097086893
A to Z Pnt Gris Ore,121242.67,13.85659850612,False,560.146,64.9299097086893
A to Z Pnt Nr Ore,224192.78,17.170860720849255,False,560.146,64.9299097086893
A to Z Rose,798.53,14.342604535834594,False,560.146,64.9299097086893
A to Z Rsl,1002.41,33.313713949381984,False,560.146,64.9299097086893
Aalto Ribera Del Duero Red,49.99,32.42648529705941,False,560.146,64.9299097086893
Aberfeldy 12 Yr Single Malt,42761.19,8.60539662249812,False,560.146,64.9299097086893
Aberfeldy 21 Yr Single Malt,2879.82,43.22839621920815,False,560.146,64.9299097086893
Aberfeldy Single Cask,9459.62,11.204678412029235,False,560.146,64.9299097086893
Aberlour 16 Year Old Single,103249.72,27.23181234777199,False,560.146,64.9299097086893
Aberlour A'Bunadh Sngle Malt,63976.259999999995,23.45801395705218,False,560.146,64.9299097086893
Aberlour Glenlivet 12 Yr,143989.54,27.95076642372773,False,560.146,64.9299097086893
Absente  Glass & Spoon Pack,11498.41,6.100582602290224,False,560.146,64.9299097086893
Absente 'Absinthe Refined',61679.12,27.0172466792652,False,560.146,64.9299097086893
Absinthe Ordinaire,44666.75,29.051027889873343,False,560.146,64.9299097086893
Absolut 80 Proof,6244752.029999999,27.051973257161897,False,560.146,64.9299097086893
Absolut Apeach,80236.70999999999,25.304973301091664,False,560.146,64.9299097086893
Absolut Berri Acai,45821.0,35.18692302655987,False,560.146,64.9299097086893
Absolut Cilantro,4164.72,42.73516586949423,False,560.146,64.9299097086893
Absolut Citron,1028260.25,26.35369406634723,False,560.146,64.9299097086893
Absolut Elyx,674.85,17.94324664740313,False,560.146,64.9299097086893
Absolut Grapevine Vodka,5672.1,82.4375451772712,False,560.146,64.9299097086893
Absolut Hibiskus,153.93,27.557980900409284,False,560.146,64.9299097086893
Absolut Mandrin,314932.26,27.772339878782617,False,560.146,64.9299097086893
Absolut Mini Bar 5/50mls,123563.28,29.641168476589492,False,560.146,64.9299097086893
Absolut Orient Apple Vodka,119.93999999999998,87.65215941303985,True,560.146,64.9299097086893
Absolut Pears,109752.69,44.785359624231255,False,560.146,64.9299097086893
Absolut Peppar,77049.45,26.142496799133536,False,560.146,64.9299097086893
Absolut Peppar Vodka,239.88,19.739036184759044,False,560.146,64.9299097086893
Absolut Raspberri,128021.57999999999,20.68979663258903,False,560.146,64.9299097086893
Absolut Ruby Red,299239.06999999995,23.568918236201124,False,560.146,64.9299097086893
Absolut Spark Vodka,24800.019999999997,88.7516219744984,False,560.146,64.9299097086893
Absolut Vanilia,140681.87999999998,24.953165208965263,False,560.146,64.9299097086893
Absolut Wild Tea,901.8800000000001,83.9280170310906,False,560.146,64.9299097086893
Acacia Winery Pnt Nr Carnero,447.84,3.499017506252237,False,560.146,64.9299097086893
Achaval Ferrer Cab Svgn,229.89999999999998,15.010874293170929,False,560.146,64.9299097086893
Achaval Ferrer Malbec,41945.51,31.219432067937667,False,560.146,64.9299097086893
Achaval Ferrer Quimera,29358.23,33.005532009252605,False,560.146,64.9299097086893
Acorn Alegria Vyds Cab Franc,2944.94,52.1660882734453,False,560.146,64.9299097086893
Acorn Cve Alegria Russ Syrah,2780.0099999999998,66.74472393984195,False,560.146,64.9299097086893
Acorn Dolcetto Alegria RRV,3023.0099999999998,57.297527960542624,False,560.146,64.9299097086893
Acorn Medley Alegria RRV,1934.25,85.08517513248029,False,560.146,64.9299097086893
Acorn Sangiovese Alegria RRV,8434.98,32.769965074013214,False,560.146,64.9299097086893
Acquese Moscato D'Asti Dolc,14795.66,29.584148324576258,False,560.146,64.9299097086893
Acrobat King Est Rose Pnt Nr,31785.280000000002,41.996169295976,False,560.146,64.9299097086893
Acrobat Pnt Gris Oregon,110585.18,21.702202772559577,False,560.146,64.9299097086893
Acumen Moutainside Red Napa,114829.05,50.564382445034596,False,560.146,64.9299097086893
Adaption by Odette Chard,3294.97,81.47327593270954,False,560.146,64.9299097086893
Adelsheim Auxerrois Ribbon S,901.5899999999999,78.57340919930344,False,560.146,64.9299097086893
Adelsheim Bryan Creek Pnt Nr,2449.65,77.14285714285714,False,560.146,64.9299097086893
Adelsheim Caitlins Rsv Chard,1639.5900000000001,61.98561835580847,False,560.146,64.9299097086893
Adelsheim Chard Willmete Vly,1813.2399999999998,45.520725331450876,False,560.146,64.9299097086893
Adelsheim Elizbth RSV Pnt Nr,2561.45,64.866384274532,False,560.146,64.9299097086893
Adelsheim Pnt Gris Ore,12788.15,24.18825240554732,False,560.146,64.9299097086893
Adelsheim Pnt Nr Ore,33531.43,17.354672914337385,False,560.146,64.9299097086893
Adissat Cotes du Rhone,1244.17,89.62440824003151,False,560.146,64.9299097086893
Adissat Gabrielle Ch du Pape,639.84,74.8312078019505,False,560.146,64.9299097086893
Adissat Lirac,6176.91,80.20126568138438,False,560.146,64.9299097086893
Admiral Nelson Egg Nog,450.31,79.38753303279962,True,560.146,64.9299097086893
Admiral Nelson Spiced Rum,122358.39,25.888335078616187,False,560.146,64.9299097086893
After Shock Hot & Cool Cinmn,87915.35,19.91642883275214,False,560.146,64.9299097086893
Agave Loco Pepper Cured Teq,15159.74,45.24807153684694,False,560.146,64.9299097086893
Agave Underground Tequila,24975.95,20.483024669732288,False,560.146,64.9299097086893
Agavero Orange Liqueur Agave,1209.45,40.305924180412596,False,560.146,64.9299097086893
Agavero Tequila Liqueur,805.69,13.161389616353695,False,560.146,64.9299097086893
Agua de Piedra Malbec Selccn,134120.52,44.15221473940005,False,560.146,64.9299097086893
Agua de Piedra Malbec Selecn,707.16,37.99423044289835,False,560.146,64.9299097086893
Aguardiente Cristal Liqueur,1415.9099999999999,16.977774011060017,False,560.146,64.9299097086893
Alabaster 07 Tinta de Toro,674.95,86.39454774427735,False,560.146,64.9299097086893
Alain Lorieux Chinon Express,485.73,59.68130442838614,False,560.146,64.9299097086893
Alamos Red Mendoza,25449.13,48.948824576714415,False,560.146,64.9299097086893
Alamos Ridge Cab Svgn Mendza,50651.64,46.63242888088124,False,560.146,64.9299097086893
Alamos Ridge Chard Mendoza,30135.94,44.74132879213325,False,560.146,64.9299097086893
Alamos Ridge Malbec Mendoza,382832.11,44.953402680877524,False,560.146,64.9299097086893
Alamos Slcn Malbec Mendoza,62768.16,37.7460164516532,False,560.146,64.9299097086893
Alamos Torrontes,31632.47,53.56331642770862,False,560.146,64.9299097086893
Alate Kosher Wine,7967.74,40.531443044075225,False,560.146,64.9299097086893
Albero Sparkling Wh Organic,5.79,28.497409326424876,False,560.146,64.9299097086893
Albert I Noya Xarello Clsc,911.3399999999999,35.5191256830601,False,560.146,64.9299097086893
Alberta Rye Dark Batch,5871.33,88.95275857429237,False,560.146,64.9299097086893
Alberto Furque Malbec Mendoz,1379.08,48.591814833077116,False,560.146,64.9299097086893
Albola Chianti,3025.49,31.05877064541611,False,560.146,64.9299097086893
Albola Pinot Grigio,64481.99,31.300212664032234,False,560.146,64.9299097086893
Alderbrook Pnt Nr RRV,21426.09,92.67668529349032,False,560.146,64.9299097086893
Aldial Naia Rueda White,9153.2,37.74821920202772,False,560.146,64.9299097086893
Alexana Pnt Nr Willamette,919.5999999999999,15.832970856894294,False,560.146,64.9299097086893
Alexana Revana Vyd Pnt Nr,8047.110000000001,48.09440904871438,False,560.146,64.9299097086893
Alexander Vly Vyd Cab Svgn,63030.82,32.911264679723345,False,560.146,64.9299097086893
Alexander Vly Vyds Gewurz,5164.83,29.957036340015065,False,560.146,64.9299097086893
Alexander Vly Vyds Merlot,6072.1900000000005,14.419344585726082,False,560.146,64.9299097086893
Alexander Vly Vyds Sin Znfdl,479.76,35.46773386693346,False,560.146,64.9299097086893
Alexanders Crown Cab Svgn,5389.26,68.83134233642467,False,560.146,64.9299097086893
Alias Cab Svgn,912.17,38.1167984038063,False,560.146,64.9299097086893
Alias Chard,582.47,24.967809500918502,False,560.146,64.9299097086893
Alibi Whiskey,531.72,63.50710900473935,False,560.146,64.9299097086893
Alice White Chard Ausl,43800.57,44.56053882403814,False,560.146,64.9299097086893
Alice White Lexia Muscato,512.85,40.80140391927464,False,560.146,64.9299097086893
Alice White Shiraz Ausl,17023.14,39.16709843189917,False,560.146,64.9299097086893
Alisios Pinot Grigio,119.88,33.33333333333333,False,560.146,64.9299097086893
Alize Coco Liqueur,95.94,21.263289555972477,False,560.146,64.9299097086893
Alize Red Passion,139.93,31.437147145001077,False,560.146,64.9299097086893
Allegrini La Grola Veronese,629.79,21.19277854522936,False,560.146,64.9299097086893
Allegrini Palazzo Della Tor,67061.20999999999,24.923513906176158,False,560.146,64.9299097086893
Allegrini Solosole Vermentin,1849.0299999999997,40.34710091237026,False,560.146,64.9299097086893
Allegrini Sondraia,3134.37,80.46880234305458,False,560.146,64.9299097086893
Allegrini Valpolicella Clsc,19738.41,38.8319525230249,False,560.146,64.9299097086893
Allen's Amaretto Liqueur,101.83,45.67416282038692,False,560.146,64.9299097086893
Allen's Blue Curacao Liqueur,5.99,20.03338898163606,False,560.146,64.9299097086893
Allen's Ginger Brandy,464.7,11.1426726920594,False,560.146,64.9299097086893
Allen's Pomegranate Liqueur,107.82,13.522537562604326,False,560.146,64.9299097086893
Allens Coffee Brandy,540403.5599999999,32.041960071952026,False,560.146,64.9299097086893
Allens Triple Sec,12668.630000000001,27.2549596917741,False,560.146,64.9299097086893
Alma Negra Gran Almanegra,249.95000000000002,86.20524104820964,True,560.146,64.9299097086893
Almaden B/B Wh Znfdl Cal,96892.04,37.36183075513736,False,560.146,64.9299097086893
Almaden Burgundy B/B,89359.33,35.692322223096355,False,560.146,64.9299097086893
Almaden Cab Svgn Cal B/B,173797.08,34.9006323926731,False,560.146,64.9299097086893
Almaden Chablis B/B,103053.05,35.78581128845774,False,560.146,64.9299097086893
Almaden Chard Cal,4935.51,41.111252940425615,False,560.146,64.9299097086893
Almaden Chard Cal B/B,299322.23,37.870274453053476,False,560.146,64.9299097086893
Almaden Merlot Cal B/B,148332.39,34.435088654608755,False,560.146,64.9299097086893
Almaden Moscato,1151.36,21.375590605892157,False,560.146,64.9299097086893
Almaden Moscato Rhine,260.71,19.911012235817573,False,560.146,64.9299097086893
Almaden Mt Rhine Calif B/B,106528.44,37.81065413142256,False,560.146,64.9299097086893
Almaden Pnt Grigio B/B,5560.71,32.02306899658497,False,560.146,64.9299097086893
Alpataco Malbec,575.64,32.45778611632271,False,560.146,64.9299097086893
Alpataco Pnt Nr,735.54,47.48348152377845,False,560.146,64.9299097086893
Alphonse Dolly Pouilly-Fume,1914.1599999999999,14.20257449742968,False,560.146,64.9299097086893
Alphonse Dolly Sancerre Cvee,41356.979999999996,37.51961579399656,False,560.146,64.9299097086893
Alta Classe Mntplcno Abruzzo,327.59000000000003,60.73140205744987,False,560.146,64.9299097086893
Alta Vista Malbec Mendoza,137.88,42.81984334203655,False,560.146,64.9299097086893
Altadonna Nero D'Avola,1594.8600000000001,86.8678128487767,False,560.146,64.9299097086893
Altadonna Vermentino,530.41,96.49327878433664,True,560.146,64.9299097086893
Alter Ego de Palmer Mrgx 11,2240.73,73.37296327536116,False,560.146,64.9299097086893
Alto Ego De Palmer Margaux,2665.6899999999996,97.91873773769643,False,560.146,64.9299097086893
Alto Moncayo Garnacha,12237.45,36.939313337337445,False,560.146,64.9299097086893
Alto Moncayo Veraton Garnach,12446.34,35.695152149145855,False,560.146,64.9299097086893
Altocedro Finca Tanos Malbec,1783.9499999999998,23.950222820146294,False,560.146,64.9299097086893
Altocedro Malbec Reserva,239.92,31.043681227075687,False,560.146,64.9299097086893
Alverdi Pnt Grigio,14932.98,44.31078056757593,False,560.146,64.9299097086893
Alverez de Toledo Godello,2115.99,40.15567181319381,False,560.146,64.9299097086893
Alverez de Toledo Mencia Rbl,5350.84,36.647703911909154,False,560.146,64.9299097086893
Amadeo Chianti,191.76,31.53942428035044,False,560.146,64.9299097086893
Amador Double Barrel Bourbon,29952.510000000002,19.809859006807773,False,560.146,64.9299097086893
Amapola Creek 09 Cab Svgn,2507.56,82.33900684330584,False,560.146,64.9299097086893
Amaretto DiSaronno,1546173.66,29.5663070065659,False,560.146,64.9299097086893
Amaretto DiSaronno Summer Pk,52419.86,12.186144716906924,False,560.146,64.9299097086893
Amaretto di Amore,201082.33000000002,36.11271327715477,False,560.146,64.9299097086893
Amaretto di Amore VAP,9650.349999999999,5.744040371592738,False,560.146,64.9299097086893
Amaro Montenegro Liqueur,24380.25,37.92475466822531,False,560.146,64.9299097086893
Amaro Sfumato Rabarbaro,43.98,21.282401091405184,False,560.146,64.9299097086893
Amarula Cream Liqueur,108737.40999999999,26.011186030640225,False,560.146,64.9299097086893
Ame Neyers Cab Svgn Napa,1999.7499999999998,31.13039129891235,False,560.146,64.9299097086893
American Harvest Organic,51896.09,83.6654924053295,False,560.146,64.9299097086893
Americano Petite Syrah,1560.12,30.774555803399732,False,560.146,64.9299097086893
Amrut Fusion Single Malt,5384.19,90.64297508074566,False,560.146,64.9299097086893
AnCnoc 12 Yr Old Scotch,58483.83,26.58893919909143,False,560.146,64.9299097086893
Anakota 11 Helena Montana CS,1919.76,18.351773138308953,False,560.146,64.9299097086893
Anakota Cab Svgn Helena Dako,1359.83,37.809137906944244,False,560.146,64.9299097086893
Anarkos Puglia,299.76,66.21297037630104,True,560.146,64.9299097086893
Anastasi Estates Messinia Rd,323.73,85.28403299045502,True,560.146,64.9299097086893
Ancho Reyes Chile Liqueur,11224.73,63.24953918713412,False,560.146,64.9299097086893
Anderra Cab Svgn,4374.21,45.415515030142586,False,560.146,64.9299097086893
Anderra Carmenere,107.88,32.92547274749722,False,560.146,64.9299097086893
Anderra Svgn Bl,5655.8,39.36224760422928,False,560.146,64.9299097086893
Andre Bourgogne Pnt Nr RSV,12986.039999999999,27.01277679723765,False,560.146,64.9299097086893
Andre Brut,140239.79,34.78833646285409,False,560.146,64.9299097086893
Andre Cold Duck,15360.84,35.464987591824396,False,560.146,64.9299097086893
Andre Extra Dry,244003.85,42.761558885238905,False,560.146,64.9299097086893
Andre Moscato,558.04,23.44634793204788,False,560.146,64.9299097086893
Andre Pink,52191.44,35.95608781823228,False,560.146,64.9299097086893
Andre Pink Moscato,240.58,20.093108321556237,False,560.146,64.9299097086893
Andre Spumante Calif,2295.15,34.048754983334426,False,560.146,64.9299097086893
Andrew Will Two Blondes WA,803.88,33.333333333333336,False,560.146,64.9299097086893
AnestasiA Vodka,7990.389999999999,68.47212714273019,False,560.146,64.9299097086893
Anew Rose,14112.27,26.6682114216919,False,560.146,64.9299097086893
Anew Rsl,13142.64,37.65255686833086,False,560.146,64.9299097086893
Angel's Envy Rye,34475.689999999995,50.40505353192351,False,560.146,64.9299097086893
Angela Yamhill-Carlton Pnt N,1072.71,19.389210504236935,False,560.146,64.9299097086893
Angeline Chard Cal,217.76,18.497428361498898,False,560.146,64.9299097086893
Angeline Chard RRV,22166.09,65.4492064229641,False,560.146,64.9299097086893
Angeline Pnt Nr,223629.58000000002,42.54602633515656,False,560.146,64.9299097086893
Angeline Pnt Nr Rsv,190470.9,39.7738552188287,False,560.146,64.9299097086893
Angeline Rsv Cab Svgn,20447.39,51.45355959856002,False,560.146,64.9299097086893
Angeline Svgn Bl RRV,255.14999999999998,34.15637860082304,False,560.146,64.9299097086893
Angelini Pnt Grigio Veneto,58661.03,31.33772114127556,False,560.146,64.9299097086893
Angelini Pnt Nr Veneto,31536.690000000002,38.29587061926919,False,560.146,64.9299097086893
Angelini Sangiovese Pesaresi,1888.81,38.052530429212034,False,560.146,64.9299097086893
Angels & Cowboys Rose,12087.36,32.06084703359542,False,560.146,64.9299097086893
Angels Envy Hanover Chop,275.94,23.070232659273753,False,560.146,64.9299097086893
Angels Envy Whiskey,160767.84,24.32908223435732,False,560.146,64.9299097086893
Angels Landing Cab Svgn,4817.59,22.404355704823374,False,560.146,64.9299097086893
Angoves Nine Vines Moscato,395.67,2.289786943665176,False,560.146,64.9299097086893
Anna de Codorniu Brut Cava,20522.89,28.758279170233823,False,560.146,64.9299097086893
Anna de Codorniu Brut Rose,191.88,34.64665415884928,False,560.146,64.9299097086893
Annabella Cab Svgn Napa,1039.35,24.60095251840092,False,560.146,64.9299097086893
Anne Amie Pnt Nr,23639.89,27.466159952520936,False,560.146,64.9299097086893
Antech Limoux Brut,1618.65,0.9174311926605588,False,560.146,64.9299097086893
Anterra Chardonnay,4634.2,91.84325234128869,False,560.146,64.9299097086893
Anthology Conn Crk Cab Napa,4164.9400000000005,23.311020086723943,False,560.146,64.9299097086893
Antica Cab Svgn Napa Valley,2791.4,21.007379809414633,False,560.146,64.9299097086893
Antica Chard Napa Valley,1193.62,31.12380824718084,False,560.146,64.9299097086893
Antica Fratta Franciacorta B,6680.38,44.51872498271057,False,560.146,64.9299097086893
Antico Colle Chianti Colli,263.76,33.75796178343949,False,560.146,64.9299097086893
Antico Colle Rosso di Montep,11538.45,34.922541589208265,False,560.146,64.9299097086893
Antigal Uno Cab Mendza,782.52,72.64478863160048,False,560.146,64.9299097086893
Antigal Uno Malbec Mendoza,41807.119999999995,27.807033825817225,False,560.146,64.9299097086893
Antinori Badia Chianti Clsc,455.88000000000005,28.737825743616746,False,560.146,64.9299097086893
Antinori Bolgheri Guado,5948.39,56.80242889252386,False,560.146,64.9299097086893
Antinori Brnllo Mntlcno Pain,1413.74,50.89196033216857,False,560.146,64.9299097086893
Antinori Cervaro della Salla,271.92,37.65813474551339,False,560.146,64.9299097086893
Antinori Chianti Clsc Pepoli,10940.35,43.461498032512665,False,560.146,64.9299097086893
Antinori Orvieto Clsc Campo,8881.82,42.359561441236146,False,560.146,64.9299097086893
Antinori Tenuta Marchese,21272.48,33.714921814475794,False,560.146,64.9299097086893
Antinori Tignanello,9115.970000000001,48.28273897347184,False,560.146,64.9299097086893
Antinori Toscana Rd,137534.81,41.00437554681611,False,560.146,64.9299097086893
Antinori Villa Chianti Class,31553.89,29.44781134750739,False,560.146,64.9299097086893
Antinori Villa Wh,29022.829999999998,36.739353123041404,False,560.146,64.9299097086893
Antiquary 12 Yr Old Scotch,134.94,24.23299244108493,False,560.146,64.9299097086893
Anton Bauer Gmork Rose,167.88,34.66761972837741,False,560.146,64.9299097086893
Apaltagua Envero Gran Rsv,750.5,8.892738174550301,False,560.146,64.9299097086893
Apaltagua Rose Carmenere,7671.02,30.4559237233119,False,560.146,64.9299097086893
Aperol Liqueur,118710.73999999999,31.68541447892583,False,560.146,64.9299097086893
Apimed Old Slavic Mead Dark,953.0999999999999,34.93862134088762,False,560.146,64.9299097086893
Apimed Old Slavic Mead Light,635.4,39.093484419263454,False,560.146,64.9299097086893
Apimed Slovak Mead,464.58,38.163502518403725,False,560.146,64.9299097086893
Apimed Trnava Mead,335.7,40.12511170688114,False,560.146,64.9299097086893
Apothic Crush,108390.36,21.474382039140753,False,560.146,64.9299097086893
Apothic Dark,243756.84,35.56915572092254,False,560.146,64.9299097086893
Apothic Inferno,47582.369999999995,34.6063468465316,False,560.146,64.9299097086893
Apothic Winemakers Red Blend,812899.38,36.57299135841387,False,560.146,64.9299097086893
Apothic Winemakers White,147400.08000000002,38.2769670138578,False,560.146,64.9299097086893
Apple Orchard Liqueur,2017.98,90.2090209020902,False,560.146,64.9299097086893
Appleton Est VX Jamaican Rum,48949.89,32.300910175691925,False,560.146,64.9299097086893
Appleton Estate Reserve Rum,49021.39,23.09157288277627,False,560.146,64.9299097086893
Appleton Special Gold Rum,154424.53999999998,30.686047063118004,False,560.146,64.9299097086893
Aquilon 06 Garnacha de Borja,629.93,90.60213039544075,False,560.146,64.9299097086893
Aquinas Cab Svgn,3592.35,90.42409564769581,False,560.146,64.9299097086893
Aquinas Napa Chard,643.54,85.31559809802033,False,560.146,64.9299097086893
Aquitania Cab Svgn,2526.42,7.556938276296106,False,560.146,64.9299097086893
Arabella Chard,131.88,33.75796178343949,False,560.146,64.9299097086893
Arak Razzouk,18801.449999999997,46.53805956455485,False,560.146,64.9299097086893
Arak-Gantous & Abouraad,23676.829999999998,28.14325228503985,False,560.146,64.9299097086893
Arca Nova Rose,263.76,31.028207461328485,False,560.146,64.9299097086893
Arca Nova Vinho Verde,55629.54,34.030444975816806,False,560.146,64.9299097086893
Archetype Shiraz/Cab Barossa,142.89,26.768843166071797,False,560.146,64.9299097086893
Ardbeg 10 Yr Single Malt Sc,139529.88,14.001961443670702,False,560.146,64.9299097086893
Ardbeg Auriverdes Scotch,3959.58,82.65220048591011,False,560.146,64.9299097086893
Ardbeg Corryvreckan Scotch,41324.24,29.209103422107702,False,560.146,64.9299097086893
Ardbeg Dark Cove Com Release,7259.34,21.982990189190748,False,560.146,64.9299097086893
Ardbeg Exploration Pk +50mls,41806.93,75.86766117483393,False,560.146,64.9299097086893
Ardbeg Perpetuum Single Malt,13228.619999999999,61.0784798414347,False,560.146,64.9299097086893
Ardbeg Uigeadail Scotch,47357.74,29.519060664634754,False,560.146,64.9299097086893
Ardmore Legacy Single Malt,29665.960000000003,20.63631178630323,False,560.146,64.9299097086893
Aresti Pnt Nr Curico Vly,94.81,96.54044931969202,True,560.146,64.9299097086893
Argentiera Poggio Ginerpi Bo,227.88,32.43812532912059,False,560.146,64.9299097086893
Argiano Non Confunditur Rsso,263.88,35.470668485675304,False,560.146,64.9299097086893
Argiola Costera Isola dei N,149.85,45.945945945945944,False,560.146,64.9299097086893
Argiolas SerraLori Rose 13,503.4,33.77830750893921,False,560.146,64.9299097086893
Argyle Brut,14523.109999999999,39.41242612635999,False,560.146,64.9299097086893
Argyle Willamette Pnt Nr,40334.71,32.63172091729431,False,560.146,64.9299097086893
Arindo Verdejo Rueda,708.37,63.71387834041532,False,560.146,64.9299097086893
Armand De Brignac Brut,37638.67,36.521455194883345,False,560.146,64.9299097086893
Armand Kabinett Rsl,577.6999999999999,46.40817033062142,False,560.146,64.9299097086893
Armand de Brignac Brut Rose,9239.78,51.836082677293184,False,560.146,64.9299097086893
Armas de Guerra Rosado Mncia,10814.27,24.954250263771858,False,560.146,64.9299097086893
Armorik Single Malt Whiskey,1199.8,96.24020670111686,False,560.146,64.9299097086893
Arnaldo Caprai Grecante Grec,1614.1499999999999,4.618529876405522,False,560.146,64.9299097086893
Arpa Brunello di Montalcino,28727.02,8.497017790219807,False,560.146,64.9299097086893
Arpa Pnt Grigio,14885.1,20.13422818791946,False,560.146,64.9299097086893
Arrogant Frog Chardonnay,239.76,67.51751751751752,True,560.146,64.9299097086893
Arrogant Frog Pnt Nr,2607.39,35.385960673316994,False,560.146,64.9299097086893
Arrow Apricot Brandy,575.28,24.280350438047563,False,560.146,64.9299097086893
Arrow Blackberry Brandy,10085.59,35.44889292545107,False,560.146,64.9299097086893
Arrow Blackraspberry Liqueur,383.52,20.650813516896118,False,560.146,64.9299097086893
Arrow Blue Curacao,4554.3,23.705509079331627,False,560.146,64.9299097086893
Arrow Brown Creme de Cacao,24832.92,27.254628130723248,False,560.146,64.9299097086893
Arrow Cherry Brandy,11353.79,17.604958344306173,False,560.146,64.9299097086893
Arrow Coffee Brandy,313194.52,28.12917841298174,False,560.146,64.9299097086893
Arrow Creme de Banana,21373.25,26.242943866749318,False,560.146,64.9299097086893
Arrow Creme de Strawberry,3835.2,34.85372340425531,False,560.146,64.9299097086893
Arrow Ginger Brandy,93900.6,38.32787010945617,False,560.146,64.9299097086893
Arrow Kirsch,17023.510000000002,27.412384402511584,False,560.146,64.9299097086893
Arrow Peppermint Schnapps,134082.63,19.873474642114164,False,560.146,64.9299097086893
Arrow Sloe Gin,14086.37,20.329013081439722,False,560.146,64.9299097086893
Arrow White Creme de Cacao,29666.870000000003,22.19469057571628,False,560.146,64.9299097086893
Arrowood Cab Svgn Sonoma Vly,8667.01,30.575942568429028,False,560.146,64.9299097086893
Arrowood Sonoma Est Cab Svgn,1766.96,26.603884638022375,False,560.146,64.9299097086893
Art In The Age Root Liqueur,34674.74,26.07532168950653,False,560.146,64.9299097086893
Art In The Age Sage,20027.48,35.55045367664829,False,560.146,64.9299097086893
Art In The Age Snap,35592.47,27.18673359842686,False,560.146,64.9299097086893
Art in the Age Rhubarb Tea,28164.03,28.204592879641144,False,560.146,64.9299097086893
Art of Eart Montepulciano d',2160.89,61.296502829852514,False,560.146,64.9299097086893
Artesa Carneros Chard,50184.02,53.360990211625136,False,560.146,64.9299097086893
Artesa Carneros Pnt Nr,50959.46,49.047497756059414,False,560.146,64.9299097086893
Artesa Elements Napa Red,744.3299999999999,2.8992516760039133,False,560.146,64.9299097086893
Asamai Shuzo Heavens Door,119.96,1.3171057019006323,False,560.146,64.9299097086893
Asbach Uralt German Brandy,44350.95,27.429874670102887,False,560.146,64.9299097086893
Ashuelot Vodka,12877.48,7.161028399966453,False,560.146,64.9299097086893
Aska Bolgheri Rosso,434.84999999999997,28.876624123260896,False,560.146,64.9299097086893
Assyrtiko-Athiri Atlantis,191.88,33.771106941838646,False,560.146,64.9299097086893
Astraly Touraine Nobel Rose,89.94,31.02068045363576,False,560.146,64.9299097086893
Aszu Royal Tokaji 5 Puttony,9098.050000000001,19.63519655310754,False,560.146,64.9299097086893
Atalon Cab Svgn Napa,1589.47,55.90228189270638,False,560.146,64.9299097086893
Atalon Pauline's Cuvee Red N,2358.8199999999997,90.5804597213861,False,560.146,64.9299097086893
Atalon Svgn Bl Napa Valley,2118.94,63.47230218883026,False,560.146,64.9299097086893
Atamisque Assemblage,5344.38,27.63426253372702,False,560.146,64.9299097086893
Atamisque Malbec,23657.879999999997,33.399442384524725,False,560.146,64.9299097086893
Atholl Brose Scotch Liqueur,329.94,27.532278596108384,False,560.146,64.9299097086893
Atlas Peak Cab Svgn,559.84,60.80308659617034,False,560.146,64.9299097086893
Atteca Garnacha Old Vines,10674.26,42.73242360594551,False,560.146,64.9299097086893
Attems Pnt Grigio Ramato,12815.33,32.41625459508261,False,560.146,64.9299097086893
Attitude 13 Rose Jolivet,2350.32,88.79641921100105,False,560.146,64.9299097086893
Au Bon Climate Pnt Nr,2155.02,22.770090300786077,False,560.146,64.9299097086893
Au Contraire Chard RRV,21128.05,26.467989237056898,False,560.146,64.9299097086893
Auchentoshan 12 Yr Sngle Mlt,35098.47,21.409195329596994,False,560.146,64.9299097086893
Auchentoshan American Oak,36451.450000000004,24.975494801990052,False,560.146,64.9299097086893
Auchentoshan Classic Scotch,359.88,94.4009114149161,True,560.146,64.9299097086893
Aultmore 12 Yr Scotch,16593.72,54.31042587195638,False,560.146,64.9299097086893
Austin Cocktails Vodkarita,2353.43,91.54128229860245,False,560.146,64.9299097086893
Avalon Cab Svgn Cal,24047.34,31.834706042331508,False,560.146,64.9299097086893
Avalon Cab Svgn Napa,24770.62,35.91294848493901,False,560.146,64.9299097086893
Avante Tinto Fino Ribera Del,892.53,32.43812532912059,False,560.146,64.9299097086893
Aveleda Follies,3429.36,90.13810156997224,False,560.146,64.9299097086893
Averna Amaro,34815.92,12.759565164442005,False,560.146,64.9299097086893
Aviary Chard,215.88,42.301278488048915,False,560.146,64.9299097086893
Aviary Red Blend,5894.719999999999,16.0625101786005,False,560.146,64.9299097086893
Avion Anejo Tequila,37473.18,30.493355514530652,False,560.146,64.9299097086893
Avion Espresso,202.93,39.97930320800276,False,560.146,64.9299097086893
Avion Silver Tequila,152901.77,37.505870359627664,False,560.146,64.9299097086893
Avion Tasting Flight 3/375mL,9852.960000000001,46.84927169094364,False,560.146,64.9299097086893
Avion Tequila 3/50ml Sampler,24005.97,10.192339655510693,False,560.146,64.9299097086893
Ayala Brut Majeur,8117.150000000001,24.956542628878363,False,560.146,64.9299097086893
Ayala Rose Majeur,2607.56,60.66437589163816,False,560.146,64.9299097086893
B & B Dom VAP,1319.48,97.25497923424379,False,560.146,64.9299097086893
B & B Liqueur Dom,322338.36,29.410647823519326,False,560.146,64.9299097086893
B & G CDP Rose,2572.73,14.260726932091586,False,560.146,64.9299097086893
B & G Cotes du Rhone Red,155.88,49.03772132409546,False,560.146,64.9299097086893
B & G Pnt Nr Bistro,6114.81,34.73877356778053,False,560.146,64.9299097086893
B & G Sancerre Svgn Bl,243.91,15.329424787831572,False,560.146,64.9299097086893
B & G Sauternes,6997.139999999999,34.170818362931136,False,560.146,64.9299097086893
B & G Vouvray,18135.66,33.507134562513855,False,560.146,64.9299097086893
B Doon Not Drinking Any Merl,54035.91,31.430524627048946,False,560.146,64.9299097086893
B Doon The Heart Has Rieslin,27493.59,31.09892160318096,False,560.146,64.9299097086893
B Side Cab Svgn,887.63,1.5806135439315903,False,560.146,64.9299097086893
B Side Napa Vly Red,1259.46,46.73907865275595,False,560.146,64.9299097086893
BR Cohn Olive Hill Cab Svgn,99.98,33.32666533306662,False,560.146,64.9299097086893
BR Cohn Silver Cab Svgn Snm,50490.92,21.275350102553098,False,560.146,64.9299097086893
BV Beaurouge Red,6880.41,84.39366258696793,False,560.146,64.9299097086893
BV Coastal Estate Cab Svgn,40100.79,28.407101185047857,False,560.146,64.9299097086893
BV Coastal Estate Chard,19073.77,50.32927418124472,False,560.146,64.9299097086893
BV Coastal Estate Merlot,15790.38,45.182953165154984,False,560.146,64.9299097086893
BV Coastal Estate Moscato,164.85,57.77979981801637,False,560.146,64.9299097086893
BV Coastal Estate Pnt Nr,23527.71,41.05707695309063,False,560.146,64.9299097086893
BV Coastal Estate Red,450.59,1.5690539070995793,False,560.146,64.9299097086893
BV Coastal Estate Svgn Bl,560.3499999999999,52.77951280449719,False,560.146,64.9299097086893
BV GDL Private Rsv Cab Svgn,4799.6,28.604050337528136,False,560.146,64.9299097086893
Babich Svgn Bl Marlboro,20320.420000000002,28.717221396014462,False,560.146,64.9299097086893
Bacardi 151 Proof,161219.35,36.44758523092918,False,560.146,64.9299097086893
Bacardi 1873 Solera Rum,2353.43,89.38145600251546,False,560.146,64.9299097086893
Bacardi 8,57553.189999999995,30.118208912485983,False,560.146,64.9299097086893
Bacardi 8 Gift Set,869.65,91.7898004944518,False,560.146,64.9299097086893
Bacardi Anejo Mexican Rum,2476.23,59.05711504989439,False,560.146,64.9299097086893
Bacardi Artic Grape Rum,195.85999999999999,51.046665985908305,False,560.146,64.9299097086893
Bacardi Black,167766.34,33.989320940485385,False,560.146,64.9299097086893
Bacardi Black Razz,37736.47,56.50157526657898,False,560.146,64.9299097086893
Bacardi Coco Rum,72356.79000000001,31.132765839943993,False,560.146,64.9299097086893
Bacardi Coconut,5752.89,97.84282334617905,False,560.146,64.9299097086893
Bacardi Dragon Berry,3203.64,94.76345656815374,False,560.146,64.9299097086893
Bacardi Dragon Berry Rum,322292.83,34.37387291928774,False,560.146,64.9299097086893
Bacardi Dragon Berry Trav,709.2900000000001,87.92031468087806,False,560.146,64.9299097086893
Bacardi Gold Rum,597005.62,28.74843263628509,False,560.146,64.9299097086893
Bacardi Gold Rum Traveler,213320.77,44.538724475821084,False,560.146,64.9299097086893
Bacardi Gran Reserva Maestro,12064.359999999999,89.59331452310774,False,560.146,64.9299097086893
Bacardi Grand Melon,24690.35,50.91588414097006,False,560.146,64.9299097086893
Bacardi Grapefruit Rum,10784.07,6.1854197904872565,False,560.146,64.9299097086893
Bacardi Limon Rum,388625.95999999996,33.24317364237568,False,560.146,64.9299097086893
Bacardi Limon Traveler,409.59000000000003,96.4403427818062,True,560.146,64.9299097086893
Bacardi Mango Fusion,86888.22,63.168709454374564,False,560.146,64.9299097086893
Bacardi Mojito Cocktail,59087.82,26.72914654830726,False,560.146,64.9299097086893
Bacardi O Orange Rum,2294.35,23.806194171219655,False,560.146,64.9299097086893
Bacardi Oakheart Spiced Rum,306032.05,41.32788737368194,False,560.146,64.9299097086893
Bacardi Oakheart Spiced Trav,399.6,98.13313313313314,True,560.146,64.9299097086893
Bacardi Party Drinks Bahama,72655.53,31.090943800148445,False,560.146,64.9299097086893
Bacardi Party Drinks Hurricn,159.9,33.35834896810507,False,560.146,64.9299097086893
Bacardi Party Drinks Rum Run,303.81,4.315196998123832,False,560.146,64.9299097086893
Bacardi Party Drinks Zombie,52286.16,32.15246635056008,False,560.146,64.9299097086893
Bacardi Party Mai Tai,34810.2,34.64185784626345,False,560.146,64.9299097086893
Bacardi Peach Red Rum,287.76,39.6163469557965,False,560.146,64.9299097086893
Bacardi Pineapple Fusion,155020.07,48.023431899860384,False,560.146,64.9299097086893
Bacardi Raspberry Rum,11611.71,16.387853296370647,False,560.146,64.9299097086893
Bacardi Reserva Limitada,2879.68,95.30086676297365,False,560.146,64.9299097086893
Bacardi Superior Rum,3164376.06,36.21580703150621,False,560.146,64.9299097086893
Bacardi Superior Rum Trav,1623375.63,30.032985770069786,False,560.146,64.9299097086893
Bacardi Tangerine,17399.25,38.398724082934606,False,560.146,64.9299097086893
Bacardi Tangerine Rum,11563.369999999999,58.41549652047803,False,560.146,64.9299097086893
Bacardi Torched Cherry Rum,57060.38,29.30031310692287,False,560.146,64.9299097086893
Bacardi Twin Pack 2/750mls,67253.9,81.37021050080367,False,560.146,64.9299097086893
Bacio Divino 12 Pazzo,45585.27,33.43553740056821,False,560.146,64.9299097086893
Backbone Blended Bourbon,20896.170000000002,7.004202205475951,False,560.146,64.9299097086893
Backhouse Chard,12736.39,34.47656675086112,False,560.146,64.9299097086893
Backhouse Pnt Nr,18226.4,39.623732607646055,False,560.146,64.9299097086893
Badenhorst Secateurs Chen Bl,6785.28,32.84256508205999,False,560.146,64.9299097086893
Badenhorst Secateurs Red,4045.17,16.494980433455204,False,560.146,64.9299097086893
Bailey's 50mL 4 Pack,47482.73,35.307931957577,False,560.146,64.9299097086893
Bailey's Espresso Creme,115722.07999999999,20.435581524286462,False,560.146,64.9299097086893
Baileys Chocolate Cherry,102789.76999999999,40.20390355966357,False,560.146,64.9299097086893
Baileys Espresso Creme,10360.35,49.662704445313146,False,560.146,64.9299097086893
Baileys Irish Cream,4150122.07,27.784080329939645,False,560.146,64.9299097086893
Baileys Irish Cream Mini's 4,245204.17,32.88153296903557,False,560.146,64.9299097086893
Baileys Irish Cream w/4 Glss,241001.44,23.012078268080057,False,560.146,64.9299097086893
Baileys Pumpkin Spice,91270.84,25.46056649230236,False,560.146,64.9299097086893
Baileys Salted Caramel,231267.08,31.259477137861563,False,560.146,64.9299097086893
Baileys Vanilla Cinnamon,68132.62999999999,39.26857072741797,False,560.146,64.9299097086893
Baja Luna Black Raspberry,88925.01,28.429977123421178,False,560.146,64.9299097086893
Baja Rosa Strawberry Liqueur,44336.04,28.573323192599076,False,560.146,64.9299097086893
Bak's Krupnik Honey Liqueur,704.53,36.672675400621685,False,560.146,64.9299097086893
Bakers Bourbon,48827.79,41.39435759840861,False,560.146,64.9299097086893
Bakon Vodka,2049.18,43.77751100440176,False,560.146,64.9299097086893
Balcones Baby Blue Corn Whis,275.94,22.483148510545767,False,560.146,64.9299097086893
Balcones TX Whisky Single Ba,389.94,23.08047391906447,False,560.146,64.9299097086893
Ballantines,112041.26999999999,36.26491381256209,False,560.146,64.9299097086893
Ballatore Gran Spumante,92932.26,31.411675558089296,False,560.146,64.9299097086893
Balletto 15 Rose Pnt Nr RRV,9956.14,15.818278971569297,False,560.146,64.9299097086893
Balletto Vyds Pnt Gris,30694.4,58.1715883027523,False,560.146,64.9299097086893
Balvenie 12 Yr Doublewood S,456461.78,21.038324391584336,False,560.146,64.9299097086893
Balvenie 12 Yr Single Barrel,16237.82,42.08779257314097,False,560.146,64.9299097086893
Balvenie 14 Yr Caribean Cask,299856.37,33.18510458857352,False,560.146,64.9299097086893
Balvenie 15 Yr Sherry Cask,85631.95999999999,22.32472548800704,False,560.146,64.9299097086893
Balvenie 15 Yr Single Malt,899.9000000000001,57.141904656072896,False,560.146,64.9299097086893
Balvenie 17 Yr Doublewood,94993.34000000001,24.944590852369238,False,560.146,64.9299097086893
Balvenie Portwood 21 Yr Sin,78421.39,14.320608191209056,False,560.146,64.9299097086893
Banfi Brunello Montalcino,111974.13,56.596045890242685,False,560.146,64.9299097086893
Banfi Centine Bianco Toscana,4649.83,39.384235552697625,False,560.146,64.9299097086893
Banfi Centine Mntcln Tscna,131280.55,48.782527190813866,False,560.146,64.9299097086893
Banfi Centine Rose Toscana,14138.98,24.951092653076813,False,560.146,64.9299097086893
Banfi Chianti Clsc RSV,219699.09,39.370964167398235,False,560.146,64.9299097086893
Banfi Chianti Clsc Tuscany,32726.350000000002,36.26860312867155,False,560.146,64.9299097086893
Banfi Chianti Superiore,13517.0,45.80602204631206,False,560.146,64.9299097086893
Banfi Grappa Castello,1984.48,35.06812867854552,False,560.146,64.9299097086893
Banfi Pnt Grigio Rime,7485.78,35.1410273879275,False,560.146,64.9299097086893
Banfi Pnt Grigio San Angelo,156530.98,40.81245770006679,False,560.146,64.9299097086893
Banfi Poggio All'Oro Br Mont,3755.75,55.343140517872605,False,560.146,64.9299097086893
Banfi Poggio Alle Mura Montl,9308.6,28.801538362374586,False,560.146,64.9299097086893
Banfi Poggio Alle Mura Rsva,1876.82,72.32339808825566,False,560.146,64.9299097086893
Banfi Principessa Gavia Gav,62798.38,36.579255706914736,False,560.146,64.9299097086893
Banfi Rosa Regale,98217.26,34.119576068004974,False,560.146,64.9299097086893
Banfi Rosso di Montalcino,47286.619999999995,36.128211320665336,False,560.146,64.9299097086893
Banfi Sangiovese CollePino,25937.940000000002,35.29478439691047,False,560.146,64.9299097086893
Banfi Summus Tuscany Red,2902.52,83.68176618938027,False,560.146,64.9299097086893
Banknote Counterfeit,579.71,38.46578461644615,False,560.146,64.9299097086893
Banshee 12 Marine Layer Pnt,1221.74,39.67292549969716,False,560.146,64.9299097086893
Banshee Cab Svgn Napa Vly,6997.9400000000005,60.37548192753869,False,560.146,64.9299097086893
Banshee Chard,670.64,82.15137778838125,False,560.146,64.9299097086893
Banshee Mordecai Proprietary,4977.51,30.782660406508473,False,560.146,64.9299097086893
Banshee Pnt Nr Sonoma Cnty,43594.189999999995,39.98700285519698,False,560.146,64.9299097086893
Banshee Rose 14 Pnt Nr Sonom,203.88,34.66745144202473,False,560.146,64.9299097086893
Baracchi O'Lillo,18596.49,83.66627250626328,False,560.146,64.9299097086893
Barbarossa Spiced Rum,945.14,98.22460164631696,False,560.146,64.9299097086893
Barbera d'Alba Alessandria,5085.53,45.47706925335216,False,560.146,64.9299097086893
Barboursville Rsv Cab Franc,143.94,33.76406836181742,False,560.146,64.9299097086893
Barco Negro Douro,43297.81,44.66814834283766,False,560.146,64.9299097086893
Barco de Piedra Temp Red,407.76,35.49146556798116,False,560.146,64.9299097086893
Barcraft Watermelon Fresca V,6294.75,84.72504865165415,False,560.146,64.9299097086893
Barefoot Bubbly Berry Fusion,109.89000000000001,33.333333333333336,False,560.146,64.9299097086893
Barefoot Bubbly Brut Cuvee,53196.75,30.69106665350797,False,560.146,64.9299097086893
Barefoot Bubbly Brut Cve,257728.91,33.9491250709903,False,560.146,64.9299097086893
Barefoot Bubbly Moscato,100847.39,27.97963338466171,False,560.146,64.9299097086893
Barefoot Bubbly Peach Fusion,26823.15,33.151028123095166,False,560.146,64.9299097086893
Barefoot Bubbly Pink Moscato,203011.37,33.555279436703074,False,560.146,64.9299097086893
Barefoot Bubbly Prosecco,31863.170000000002,33.84813877589708,False,560.146,64.9299097086893
Barefoot Bubbly Red Moscato,16563.420000000002,31.1258785927061,False,560.146,64.9299097086893
Barefoot Bubbly Tropical Fus,459.54,16.161813987900953,False,560.146,64.9299097086893
Barefoot Cab Svgn Cal,129869.29000000001,41.70312445528015,False,560.146,64.9299097086893
Barefoot Cellars Cab Svgn,2329.91,27.80407826911769,False,560.146,64.9299097086893
Barefoot Cellars Malbec,6333.43,23.204301424394835,False,560.146,64.9299097086893
Barefoot Cellars Moscato,1979.45,29.782010154335797,False,560.146,64.9299097086893
Barefoot Cellars Pink Moscat,178993.11,32.53990777511871,False,560.146,64.9299097086893
Barefoot Cellars Pnt Nr,81989.65000000001,36.84310603121029,False,560.146,64.9299097086893
Barefoot Cellars Red Moscato,55120.369999999995,25.19214668165888,False,560.146,64.9299097086893
Barefoot Cellars Rich Red,298.74,12.365267456651267,False,560.146,64.9299097086893
Barefoot Cellars Rosa Red,406.58,76.09326577795268,True,560.146,64.9299097086893
Barefoot Cellars Rsl,106737.62,31.392749924298258,False,560.146,64.9299097086893
Barefoot Cellars Sweet Red,1495.77,24.71364271376871,False,560.146,64.9299097086893
Barefoot Cellars Winter Red,6105.9,32.654154178745145,False,560.146,64.9299097086893
Barefoot Chard Cal,293247.09,40.15813755884121,False,560.146,64.9299097086893
Barefoot Crisp White Spritz,271.66,4.586615622469276,False,560.146,64.9299097086893
Barefoot Merlot Cal,170021.78,37.004905473567426,False,560.146,64.9299097086893
Barefoot Moscato Cal,313410.15,42.35132392606539,False,560.146,64.9299097086893
Barefoot Perfectly Pink,1145.57,30.18148170779611,False,560.146,64.9299097086893
Barefoot Pnt Grigio Cal,400105.54,37.38962997648978,False,560.146,64.9299097086893
Barefoot Premium X-Dry,150188.07,30.481342492782552,False,560.146,64.9299097086893
Barefoot Refresh Crisp Red,546.08,45.887049516554356,False,560.146,64.9299097086893
Barefoot Refresh Crisp White,36234.32,29.028777137255503,False,560.146,64.9299097086893
Barefoot Refresh Summer Red,39872.36,28.390372224152326,False,560.146,64.9299097086893
Barefoot Refresh Summer Whit,18936.3,22.57331157617908,False,560.146,64.9299097086893
Barefoot Refresh Sweet White,22467.58,32.879998646939285,False,560.146,64.9299097086893
Barefoot Sparklng Pnt Grigio,31828.14,32.08745468632475,False,560.146,64.9299097086893
Barefoot Summer Red Spritzer,367.54,16.254013168634724,False,560.146,64.9299097086893
Barefoot Svgn Bl Cal,43200.18,30.632132161679536,False,560.146,64.9299097086893
Barefoot Sweet Red,43166.79,42.1084125087828,False,560.146,64.9299097086893
Barefoot Syrah Cal,7928.18,36.15411490900414,False,560.146,64.9299097086893
Barefoot Wh Znfdl Cal,47782.64,33.42076321639496,False,560.146,64.9299097086893
Barefoot Znfdl Cal,613.1800000000001,22.838550684445973,False,560.146,64.9299097086893
Barenjager Honey & Bourbon,9154.68,63.66142781615524,False,560.146,64.9299097086893
Barenjager Honey Liqueur,70677.23,56.1288295356462,False,560.146,64.9299097086893
Bargetto Chaucer's Hney Mead,26447.58,31.6814619711898,False,560.146,64.9299097086893
Barkan Clsc Cab Svgn,9121.48,34.26593052881769,False,560.146,64.9299097086893
Barkan Clsc Chard,1189.15,33.031156708573356,False,560.146,64.9299097086893
Barkan Clsc Merlot,6015.7,31.17209967252357,False,560.146,64.9299097086893
Baroca White Rum,33418.21,20.686954806974995,False,560.146,64.9299097086893
Baron K Kabinett,911.5199999999999,52.77777777777778,False,560.146,64.9299097086893
Baron La Rose Bordeaux Blanc,1988.11,80.1570335645412,False,560.146,64.9299097086893
Baron de Seillac Brut Rose,311.76,31.023864511162436,False,560.146,64.9299097086893
Barone Fini Pnt Gr Valdadige,59976.99,33.24513284177816,False,560.146,64.9299097086893
Barr Hill Gin,175066.06,19.067865560382387,False,560.146,64.9299097086893
Barr Hill Vodka,13729.42,1.9555086813572573,False,560.146,64.9299097086893
Barra Petite Sirah,160.93,33.318834275772076,False,560.146,64.9299097086893
Barrique Chard,1036.3899999999999,10.033867559509453,False,560.146,64.9299097086893
Barrow's Intense Ginger,10035.5,45.046285774654606,False,560.146,64.9299097086893
Barsol Primero Quebranta Pso,1457.32,27.11552713199571,False,560.146,64.9299097086893
Bartenura Asti Spumante,2631.1499999999996,37.89407673450772,False,560.146,64.9299097086893
Bartenura Moscato,63850.36,32.52044311104903,False,560.146,64.9299097086893
Bartenura Ovidia Est Chianti,2056.53,52.00070020860381,False,560.146,64.9299097086893
Barterhouse Bourbon,17622.649999999998,39.69039843610353,False,560.146,64.9299097086893
Barton Gin,6347.22,25.68872671815378,False,560.146,64.9299097086893
Barton Light Rum,15265.83,26.63772621600004,False,560.146,64.9299097086893
Barton Long Island Iced Tea,18125.07,22.927525245419737,False,560.146,64.9299097086893
Barton Vodka,80895.93000000001,30.28034853689765,False,560.146,64.9299097086893
Basil Hayden Bourbon,494732.98000000004,26.616889377376868,False,560.146,64.9299097086893
Basilica Amaretto,47.45,85.07903055848261,True,560.146,64.9299097086893
Basilica Sambuca,7490.900000000001,65.75885407627922,False,560.146,64.9299097086893
Bastille 1789 French Whiskey,23504.12,16.203244367370473,False,560.146,64.9299097086893
Batavia Arrack Rum,31.99,28.071272272585173,False,560.146,64.9299097086893
Battle Axe Malbec Mendoza,20377.079999999998,41.40377325897528,False,560.146,64.9299097086893
Bauchant Orange Liqueur,34802.59,20.928902130559813,False,560.146,64.9299097086893
Bauers Obstler Echt,49726.75,22.876922380811127,False,560.146,64.9299097086893
Be. Bright Pnt Grigio,1042.26,74.43056435054592,False,560.146,64.9299097086893
Beat 3 Reserve,11236.58,17.43065950671824,False,560.146,64.9299097086893
Beat 3 Single Malt Whiskey,36.99,23.384698567180322,False,560.146,64.9299097086893
Beat 3 White Kosher Whiskey,2426.17,15.958898181083766,False,560.146,64.9299097086893
BeatBox Blue Razzberry Rtd,15872.06,12.570895019298064,False,560.146,64.9299097086893
Beaucanon Merlot Napa,80.97,54.64987032234161,False,560.146,64.9299097086893
Beaulieu Cab Svgn Napa,46244.15,36.93403381833162,False,560.146,64.9299097086893
Beaulieu Cab Svgn Rutherford,54922.979999999996,19.91565279232845,False,560.146,64.9299097086893
Beaulieu Cstl Clr Slct Chard,174.75,4.618025751072957,False,560.146,64.9299097086893
Beaulieu Tapestry 05 Rsv,13565.76,4.2656659118250655,False,560.146,64.9299097086893
Beaux Freres Pnt Nr Will Vly,6898.849999999999,79.2678489893243,False,560.146,64.9299097086893
Beaux Freres Vyds Pnt Nr,5669.37,93.7347535969605,False,560.146,64.9299097086893
Becker Family Pnt Bl,395.78,64.70766587498105,False,560.146,64.9299097086893
Beefeater,1369169.38,17.96341564786681,False,560.146,64.9299097086893
Beefeater 24,11206.249999999998,54.38237881147829,False,560.146,64.9299097086893
Beefeater Gin,142803.54,20.121972588101748,False,560.146,64.9299097086893
Belaire Sparkling Rose,53708.03,29.39312799222016,False,560.146,64.9299097086893
Belcreme de Lys Chard,51742.87,35.29404147856507,False,560.146,64.9299097086893
Belguardo Serrata Toscana,2957.04,90.86924762600438,False,560.146,64.9299097086893
Bell'Agio Chianti Flask,68464.06,34.48708709357874,False,560.146,64.9299097086893
Bella Bolla Moscato,187.25,8.411214953271028,False,560.146,64.9299097086893
Bella Bolla Pink Moscato,456.89,50.314079975486436,False,560.146,64.9299097086893
Bella Bolla Red Moscato,89.88,33.778371161548726,False,560.146,64.9299097086893
Bella Bolle Fusione Red,98.89,27.79856406107796,False,560.146,64.9299097086893
Bella Italia Pnt Grigio Ter,455.52,41.93888303477344,False,560.146,64.9299097086893
Bella Sera Moscato,11500.23,31.842421682398765,False,560.146,64.9299097086893
Bella Sera Pinot Grigio Del,231821.49,39.003411633666914,False,560.146,64.9299097086893
Bella Sera Pinot Noir Delle,24624.28,36.70767226493526,False,560.146,64.9299097086893
Bella Sera Pnt Grigio Del,46163.37,27.71966171447189,False,560.146,64.9299097086893
Bella Sera Pnt Nr Venezie,155.76,30.97072419106317,False,560.146,64.9299097086893
Bellafina Prosecco,1686.47,47.07169413034326,False,560.146,64.9299097086893
Belle Ambiance Chard,352.66,18.561787557420754,False,560.146,64.9299097086893
Belle Ambiance Pnt Grigio,19175.52,37.933365040426544,False,560.146,64.9299097086893
Belle Glos Alturas Pnt Nr,25995.22,30.30641787220882,False,560.146,64.9299097086893
Belle Glos Clark & Telephone,24740.46,27.76815790813913,False,560.146,64.9299097086893
Belle Glos Dairyman Vyd PN,17526.77,39.762489038196996,False,560.146,64.9299097086893
Belvedere Cytrus Vodka,35992.69,29.828584637602813,False,560.146,64.9299097086893
Belvedere Mango Passion,23559.809999999998,46.8924409831828,False,560.146,64.9299097086893
Belvedere Pink Grapefruit,24724.35,32.86933731321551,False,560.146,64.9299097086893
Belvedere Polish Vodka,536414.8200000001,19.135798671632536,False,560.146,64.9299097086893
Belvedere UF Intense Vodka,58138.659999999996,21.951692729072185,False,560.146,64.9299097086893
Belvedere Vodka,722495.84,22.270331540634373,False,560.146,64.9299097086893
Belvedere Wild Berry,30166.96,34.943792811738405,False,560.146,64.9299097086893
Ben Marco Cab Svgn,4284.53,38.41284808368713,False,560.146,64.9299097086893
Ben Marco Malbec,8271.76,38.93838796096599,False,560.146,64.9299097086893
BenRiach 1994,12919.32,43.10815120300449,False,560.146,64.9299097086893
Bench Pnt Nr,1363.38,25.06271178981649,False,560.146,64.9299097086893
Benchmark Egg Nog,6931.98,29.590679719214414,False,560.146,64.9299097086893
Benchmark Old #8 Bourbon,139130.56,24.727385557852994,False,560.146,64.9299097086893
Benedictine Liqueur Dom,52909.2,27.527915750001885,False,560.146,64.9299097086893
Beniotome Sesame Shochu,4768.41,99.5342262934605,False,560.146,64.9299097086893
Benromach 10Yr Single Malt,16349.08,38.70731564100244,False,560.146,64.9299097086893
Bentley's Vodka,520763.55,22.895312085494464,False,560.146,64.9299097086893
Benton Lane Pnt Gris Willamt,2206.62,22.52177538497792,False,560.146,64.9299097086893
Benton Lane Pnt Nr Ore,18082.329999999998,43.481619901859986,False,560.146,64.9299097086893
Benvolio Pnt Grigio Friuli,4306.05,89.34708143193878,False,560.146,64.9299097086893
Benvolio Toscana Rosso,649.5,35.11316397228638,False,560.146,64.9299097086893
Benziger Cab Svgn Sonoma,62984.799999999996,38.529422971891634,False,560.146,64.9299097086893
Benziger Chard,49876.53,34.367527171597544,False,560.146,64.9299097086893
Benziger Merlot,11044.97,32.856675934837305,False,560.146,64.9299097086893
Benziger Pnt Nr Sonoma,2158.92,34.21710855427714,False,560.146,64.9299097086893
Benziger Svgn Bl N Cst,23244.86,33.73141417070269,False,560.146,64.9299097086893
Beran Znfdl Sonoma Cty,2519.16,21.95255561377602,False,560.146,64.9299097086893
Berentzen Apple Liqueur,9077.41,81.50639885165482,False,560.146,64.9299097086893
Berentzen Bushel & Barrel,1333.58,84.82036799317765,False,560.146,64.9299097086893
Beringer Cab Svgn Napa Vly,27082.26,43.60293417166809,False,560.146,64.9299097086893
Beringer Cab Svgn Pvt RSV Np,15448.970000000001,8.665755710574881,False,560.146,64.9299097086893
Beringer Chard Napa Vly,25874.829999999998,25.933503717705577,False,560.146,64.9299097086893
Beringer Chard Private RSV,33967.630000000005,35.248647020707665,False,560.146,64.9299097086893
Beringer Classic Cab Svgn,117394.39,41.764200411308984,False,560.146,64.9299097086893
Beringer Classic Chard,252971.05,38.20567137921638,False,560.146,64.9299097086893
Beringer Classic Chenin Blan,28280.32,43.99221790983978,False,560.146,64.9299097086893
Beringer Classic Merlot,100059.17,35.96768791905829,False,560.146,64.9299097086893
Beringer Classic Moscato,31986.41,41.68235822650932,False,560.146,64.9299097086893
Beringer Classic Pink Moscat,57972.46,39.714512718625365,False,560.146,64.9299097086893
Beringer Classic Pnt Grigio,272994.48,38.97219200162567,False,560.146,64.9299097086893
Beringer Classic Red Moscato,47359.62,29.092452046747447,False,560.146,64.9299097086893
Beringer Classic Svgn Bl,10523.5,41.009740105478215,False,560.146,64.9299097086893
Beringer Classic Wh Merlot,130390.41,39.84467737070711,False,560.146,64.9299097086893
Beringer Classic Wh Zin Mosc,22619.69,45.777417816070866,False,560.146,64.9299097086893
Beringer Classic Wh Zin Spkl,6043.04,30.586095739892507,False,560.146,64.9299097086893
Beringer Classic Wh Znfdl,567350.13,37.47060276713799,False,560.146,64.9299097086893
Beringer Fndr Est Pnt Grigio,11221.27,45.31456778065228,False,560.146,64.9299097086893
Beringer Fndrs Est Cab Svgn,139867.45,40.475123071315146,False,560.146,64.9299097086893
Beringer Fndrs Est Chard,85733.15,43.19712312924953,False,560.146,64.9299097086893
Beringer Fndrs Est Merlot,73963.70999999999,44.36809124791562,False,560.146,64.9299097086893
Beringer Fndrs Est Pnt Nr,17843.84,43.20123919515082,False,560.146,64.9299097086893
Beringer Fndrs Est Svgn Bl,7779.65,48.73818230897276,False,560.146,64.9299097086893
Beringer KVR Cab Svgn,7898.42,29.772283570638177,False,560.146,64.9299097086893
Beringer Knights Vly Cab Svg,137281.11000000002,31.624503910261225,False,560.146,64.9299097086893
Beringer Luminus Chard,9945.25,27.14190191297353,False,560.146,64.9299097086893
Beringer Wh Znfdl/Chard LVS,13041.32,37.30450598559042,False,560.146,64.9299097086893
Berkshire Mtn Ethereal Gin,1832.4099999999999,86.36113096959741,False,560.146,64.9299097086893
Bertani Amarone 04,5984.37,92.64133066638594,False,560.146,64.9299097086893
Bertani Amarone 1993,2039.88,83.33284310841815,False,560.146,64.9299097086893
Bertani Amarone Valpolicell,8799.12,56.54906399730882,False,560.146,64.9299097086893
Bertani Due Uve White Venet,12869.289999999999,28.518589603622264,False,560.146,64.9299097086893
Bertani Secco 11 Orig V Ed,1524.3899999999999,87.64620602339296,False,560.146,64.9299097086893
Bertani Villa Arvedi Amarone,5998.14,46.805309049755266,False,560.146,64.9299097086893
Bex Rsl Mosel,5667.110000000001,47.51610609287628,False,560.146,64.9299097086893
Beyond Svgn Bl,195.45000000000002,40.90560245587107,False,560.146,64.9299097086893
Bib & Tucker Bourbon,56269.95,10.529972036584358,False,560.146,64.9299097086893
Big Claw White,194.85,35.026943802925324,False,560.146,64.9299097086893
Big House Birdman Pnt Grigio,8567.64,27.489600403378283,False,560.146,64.9299097086893
Big House Cardinal Bst Znfdl,30023.28,34.348112531342345,False,560.146,64.9299097086893
Big House Red,38430.03,31.747021795195057,False,560.146,64.9299097086893
Big House Red Cal,45799.950000000004,35.93984272908595,False,560.146,64.9299097086893
Big House White,6171.210000000001,49.06166966020302,False,560.146,64.9299097086893
Big Peat Scotch,8139.63,47.77109033211583,False,560.146,64.9299097086893
Bigi Orvieto Amabile,21718.66,37.250962996796304,False,560.146,64.9299097086893
Bigi Orvieto Clsc Vendemmia,419.65000000000003,32.31502442511617,False,560.146,64.9299097086893
Bila-Haut Cotes Roussillon,20823.95,21.368664446466692,False,560.146,64.9299097086893
Billecart-Salmon Brut Rose,31045.82,17.751053120838808,False,560.146,64.9299097086893
Billecart-Salmon Brut Rsv,27541.73,23.89759103730957,False,560.146,64.9299097086893
Billette Bousquet Prov Rose,1067.1100000000001,22.76709992409406,False,560.146,64.9299097086893
Binyamina Cab Svgn,2280.32,4.266944990176825,False,560.146,64.9299097086893
Binyamina Chard,1673.67,15.754599174269721,False,560.146,64.9299097086893
Biokult Gruner Veltliner,279.8,18.341672623302365,False,560.146,64.9299097086893
Bird Dog Apple Whiskey,51426.31,26.83219931587547,False,560.146,64.9299097086893
Bird Dog Blackberry Whiskey,74248.82,21.711617773858226,False,560.146,64.9299097086893
Bird Dog Bourbon,28413.3,66.11270074225803,False,560.146,64.9299097086893
Bird Dog Chocolate Whiskey,8970.27,48.1571903632778,False,560.146,64.9299097086893
Bird Dog Hot Cinnamon Whisky,152.91,24.249558563861097,False,560.146,64.9299097086893
Bird Dog Kentucky Whiskey,10834.560000000001,4.270777954988492,False,560.146,64.9299097086893
Bird Dog Maple Whiskey,1865.4599999999998,31.443182914669844,False,560.146,64.9299097086893
Bird Dog Peach Whiskey,47354.41,18.8242657864389,False,560.146,64.9299097086893
Bird Dog Strawberry Whiskey,16374.6,5.554700572838429,False,560.146,64.9299097086893
Bisol Crede Prosseco Super V,263.88,34.60663938153706,False,560.146,64.9299097086893
Bitch Grenache Aragon,15738.75,32.71670240648083,False,560.146,64.9299097086893
Bitch Vodka,945.5699999999999,39.3508677305752,False,560.146,64.9299097086893
Black & White Scotch,3481.71,17.758802427542786,False,560.146,64.9299097086893
Black Box Cab Svgn,485370.39999999997,39.877270174793594,False,560.146,64.9299097086893
Black Box Chard,479228.93,38.22304560153726,False,560.146,64.9299097086893
Black Box Malbec,203177.05,38.72789766363868,False,560.146,64.9299097086893
Black Box Merlot,27371.68,37.53357484816423,False,560.146,64.9299097086893
Black Box Merlot Cal,281227.38,43.3769286617825,False,560.146,64.9299097086893
Black Box Moscato B/B,134.91,70.76569564895115,True,560.146,64.9299097086893
Black Box Pnt Grigio,379803.54,36.983633288846114,False,560.146,64.9299097086893
Black Box Pnt Nr,236148.2,21.595958900812608,False,560.146,64.9299097086893
Black Box Rsl,43544.35,39.61209663251374,False,560.146,64.9299097086893
Black Box Shiraz Cntrl Coast,100643.87,31.905927305855787,False,560.146,64.9299097086893
Black Box Svgn Bl,165918.04,36.08796246628758,False,560.146,64.9299097086893
Black Button Citrus Gin,9032.83,73.71366448831651,False,560.146,64.9299097086893
Black Ink Red Wine,15844.43,29.567299044522272,False,560.146,64.9299097086893
Black Opal Cashmore Cab Svgn,15056.52,42.12699880184797,False,560.146,64.9299097086893
Black Opal Cashmore Chard,17275.77,41.31769524600061,False,560.146,64.9299097086893
Black Opal Cshmre Cab/Merlot,15193.79,54.88920144348447,False,560.146,64.9299097086893
Black Pearl Oro,8298.96,21.0937274068076,False,560.146,64.9299097086893
Black Stallion Cab Svgn Napa,54276.03999999999,37.16450205283951,False,560.146,64.9299097086893
Black Stallion Carnrs Pnt Nr,24174.989999999998,29.4886161276592,False,560.146,64.9299097086893
Black Stallion Chard Napa Vy,2670.33,9.579714866701867,False,560.146,64.9299097086893
Black Velvet,10197.47,59.8087504226632,False,560.146,64.9299097086893
Black Velvet Canadian Whisky,948838.5700000001,27.377944806775727,False,560.146,64.9299097086893
Black Velvet Cinnamon Rush,15174.81,85.53840212826388,False,560.146,64.9299097086893
Black Velvet Plastic,93900.98,35.23202846232276,False,560.146,64.9299097086893
Black Velvet Reserve,97465.37,57.649559569325724,False,560.146,64.9299097086893
Black Velvet Toasted Caramel,87981.93000000001,54.57893300516513,False,560.146,64.9299097086893
Black Velvet Traveler,129924.08,30.23602707057845,False,560.146,64.9299097086893
Blackbird Vyds Arise Red,3550.33,34.51538307706607,False,560.146,64.9299097086893
Blackheart Spiced Rum,76507.54000000001,29.976052033564283,False,560.146,64.9299097086893
Blackstone Cab Svgn Cal,105848.34,43.63506314789631,False,560.146,64.9299097086893
Blackstone Chard Monterey,50086.14,43.75549802799737,False,560.146,64.9299097086893
Blackstone Delectable Red,4646.64,39.890759774805026,False,560.146,64.9299097086893
Blackstone Merlot Cal,182797.05000000002,37.04423379865842,False,560.146,64.9299097086893
Blackstone Montry Pnt Grigio,5561.66,37.25146808686615,False,560.146,64.9299097086893
Blackstone Pnt Nr Monterey,70090.59,41.783640286092606,False,560.146,64.9299097086893
Blackstone Syrah Cal,1527.24,26.76134726696523,False,560.146,64.9299097086893
Blackstone Winemakers Malbec,419.3,83.25542570951586,True,560.146,64.9299097086893
Blackstone Znfdl Cal,3721.71,33.20247950538865,False,560.146,64.9299097086893
Blanc de Bleu Mousseux Brut,23371.38,33.46400597654055,False,560.146,64.9299097086893
Blantons Sgl Barrel Bourbon,302732.61,27.39637464229572,False,560.146,64.9299097086893
Bleu de Mer Rose,9404.76,29.702193357406248,False,560.146,64.9299097086893
Blindfold White,12685.769999999999,18.328331666110913,False,560.146,64.9299097086893
Bliss Cab Svgn,363.74,5.778853026887347,False,560.146,64.9299097086893
Bliss Chard,5570.56,35.54687500000001,False,560.146,64.9299097086893
Bliss Merlot,167.88,32.88062902072909,False,560.146,64.9299097086893
Block Nine Caiden Vyd Pnt Nr,33942.66,33.31082478509345,False,560.146,64.9299097086893
Blood Oath Bourbon,14188.58,28.652479670270033,False,560.146,64.9299097086893
Blood Orange Liqueur,3158.82,87.35762088374773,False,560.146,64.9299097086893
Bloom Gin,3782.2799999999997,85.577746755925,False,560.146,64.9299097086893
Blossom Hill Chard,7154.49,30.39252273746976,False,560.146,64.9299097086893
Blossom Hill Merlot,791.28,21.656050955414,False,560.146,64.9299097086893
Blossom Hill Wh Znfdl,263.76,19.358507734303913,False,560.146,64.9299097086893
Blue Chair Bay Banana Cream,14463.9,12.075166448883074,False,560.146,64.9299097086893
Blue Chair Bay Banana Rum,14085.19,77.7792159887387,False,560.146,64.9299097086893
Blue Chair Bay Coc Spced Rum,645.66,36.25127776228974,False,560.146,64.9299097086893
Blue Chair Bay CocSpc Cream,2803.35,84.72684466798653,False,560.146,64.9299097086893
Blue Chair Bay Coconut Rum,64026.009999999995,60.2367328200813,False,560.146,64.9299097086893
Blue Current Junmai Ginjo,5298.21,7.578597299842772,False,560.146,64.9299097086893
Blue Fish Pfalz Rsl,11585.5,30.600146735143063,False,560.146,64.9299097086893
Blue Nun Authentic White,16649.73,42.334200014054275,False,560.146,64.9299097086893
Bluebird Chardonnay,215.76,32.48053392658509,False,560.146,64.9299097086893
Bluebird Pinot Noir,9959.210000000001,34.47311583950937,False,560.146,64.9299097086893
Bluecoat Gin,18556.86,20.285112890866237,False,560.146,64.9299097086893
Bluegray Priorat DOQ,2356.69,30.118938002028266,False,560.146,64.9299097086893
Blufeld Rsl,32045.88,35.232391808244934,False,560.146,64.9299097086893
Boca Loca Cachaca,10766.64,50.32359213273594,False,560.146,64.9299097086893
Bocelli Prosecco,4728.51,39.37392540144782,False,560.146,64.9299097086893
Bocelli Sangiovese,431.76,32.40689271817677,False,560.146,64.9299097086893
Bodega Elena de Mendoza Mlbc,1013.5500000000001,96.71254501504613,False,560.146,64.9299097086893
Bodega Garzon Albarino,179.88,35.090060040026685,False,560.146,64.9299097086893
Bodega Noemia D Patagonia 13,2873.85,13.06609600361884,False,560.146,64.9299097086893
Bodegas Borsao 14 Rose,8417.12,39.74661166764879,False,560.146,64.9299097086893
Bodegas Borsao Berola,19497.44,37.686434731944296,False,560.146,64.9299097086893
Bodegas Faustino V RSV Rioj,6701.009999999999,35.57239878764544,False,560.146,64.9299097086893
Bodegas Izadi Tempranillo Rd,29315.079999999998,34.91936573258541,False,560.146,64.9299097086893
Bodegas Jeromin Zesto Rosada,287.76,31.02585487906589,False,560.146,64.9299097086893
Bodegas La Cartuja Priorat,17647.579999999998,31.69205069476947,False,560.146,64.9299097086893
Bodegas Numanthia Termes,815.66,20.127258906897477,False,560.146,64.9299097086893
Bodini Malbec Mendoza,457.62,28.04073248546829,False,560.146,64.9299097086893
Boen Pnt Nr RRV,1949.35,1.1193474747992889,False,560.146,64.9299097086893
Boggy Meadow Switchel Vodka,27320.89,19.525864640573566,False,560.146,64.9299097086893
Bogle Cab Svgn Cal,258987.15,32.70740652576778,False,560.146,64.9299097086893
Bogle Chard,591669.53,41.57375317265367,False,560.146,64.9299097086893
Bogle Essential Red,186549.84,39.916056749231196,False,560.146,64.9299097086893
Bogle Merlot,502198.46,43.63140022372829,False,560.146,64.9299097086893
Bogle Old Vine Znfdl Cal,114241.84,37.9825552529616,False,560.146,64.9299097086893
Bogle Petite Sirah,82941.16,41.57265222719335,False,560.146,64.9299097086893
Bogle Phantom Red Cal,211854.54,34.06189926352299,False,560.146,64.9299097086893
Bogle Russian River Pnt Nr,68625.28,35.25949912335513,False,560.146,64.9299097086893
Bogle Svgn Bl Cal,52533.88,37.235475468402484,False,560.146,64.9299097086893
Bolla Amarone Valpolicella,39256.7,31.243176324041492,False,560.146,64.9299097086893
Bolla Bardolino,6721.79,36.40265465002626,False,560.146,64.9299097086893
Bolla Chianti,20337.72,25.29707477209287,False,560.146,64.9299097086893
Bolla Merlot,4383.84,38.99526442570897,False,560.146,64.9299097086893
Bolla Pinot Grigio,24573.149999999998,37.747795043467704,False,560.146,64.9299097086893
Bolla Prosecco 3pk/187mls,1573.95,94.74443279646748,False,560.146,64.9299097086893
Bolla Prosecco Extra Dry,22178.03,35.83731287224338,False,560.146,64.9299097086893
Bolla Soave,2132.5,32.24853458382181,False,560.146,64.9299097086893
Bolla Torr'Alta Veronese Ros,2050.92,41.138610964835294,False,560.146,64.9299097086893
Bolla Valpo Ripasso Cls Sup,683.46,42.8759547010798,False,560.146,64.9299097086893
Bolla Valpolicella,63757.03,36.89071974645276,False,560.146,64.9299097086893
Bollinger Brut Grande Annee,7787.410000000001,81.5517611118459,False,560.146,64.9299097086893
Bollinger R.D. 2002,3359.88,61.36945367096443,False,560.146,64.9299097086893
Bollini Pinot Grigio,21541.4,44.003639503467745,False,560.146,64.9299097086893
Bols Amaretto Liqueur,5155.95,43.13306545376524,False,560.146,64.9299097086893
Bols Anisette,1588.41,15.676682972280457,False,560.146,64.9299097086893
Bols Apricot Flavored Brand,670.39,23.111919927206543,False,560.146,64.9299097086893
Bols Blackberry Brandy,560.49,23.79168227800675,False,560.146,64.9299097086893
Bols Blue Curacao,129877.48000000001,26.36696491242565,False,560.146,64.9299097086893
Bols Brown Creme de Cacao,1998.0,25.04504504504505,False,560.146,64.9299097086893
Bols Butterscotch,319.68,23.611111111111114,False,560.146,64.9299097086893
Bols Cherry Flavored Brandy,2593.64,35.24313320275751,False,560.146,64.9299097086893
Bols Creme De Noyaux,1108.8899999999999,15.34958381805227,False,560.146,64.9299097086893
Bols Creme de Banana,2467.53,30.904588799325644,False,560.146,64.9299097086893
Bols Creme de Cassis,1828.17,32.1616698665879,False,560.146,64.9299097086893
Bols Curacao Orange,109769.75,32.89681355746916,False,560.146,64.9299097086893
Bols Genever Amsterdam,164.95000000000002,20.00606244316461,False,560.146,64.9299097086893
Bols Green Creme De Menthe,4795.2,27.658908908908913,False,560.146,64.9299097086893
Bols Lychee,139.86,28.028028028028036,False,560.146,64.9299097086893
Bols Maraschino Liqueur,218.31,19.01424579726077,False,560.146,64.9299097086893
Bols Melon Liqueur,869.13,45.40057298677988,False,560.146,64.9299097086893
Bols Orange Curacao,17188.36,18.43288132201094,False,560.146,64.9299097086893
Bols Peach Flavored Brandy,2329.88,18.13183511597164,False,560.146,64.9299097086893
Bols Peach Schnapps,6088.97,49.98554757017575,False,560.146,64.9299097086893
Bols Peppermint Schnapps,1318.68,37.1917371917372,False,560.146,64.9299097086893
Bols Pomegranate Liqueur,465.01000000000005,50.46558138534656,False,560.146,64.9299097086893
Bols Pumpkin Spice,6183.81,67.1865726793029,False,560.146,64.9299097086893
Bols Sloe Gin,1338.66,32.35175473981445,False,560.146,64.9299097086893
Bols Strawberry Liqueur,1568.43,36.29808152101147,False,560.146,64.9299097086893
Bols Triple Sec,12409.73,27.29200830172516,False,560.146,64.9299097086893
Bols White Creme De Cacao,3786.21,14.744295746934268,False,560.146,64.9299097086893
Bols White Creme De Menthe,219.78,13.049413049413038,False,560.146,64.9299097086893
Bols Yogurt Liqueur,1857.57,66.33881899470813,False,560.146,64.9299097086893
Bombay Dry Gin,399103.88,23.27694514129011,False,560.146,64.9299097086893
Bombay Sapphire East Gin,113409.79,37.2709886862501,False,560.146,64.9299097086893
Bombay Sapphire Gin,2668756.42,26.9603073019463,False,560.146,64.9299097086893
Bon Affair Svgn Bl Spritzer,9076.91,44.58391276502207,False,560.146,64.9299097086893
Bonal Apertif,56.97,35.49236440231701,False,560.146,64.9299097086893
Bone Shaker Znfdl,15273.65,37.53228599581632,False,560.146,64.9299097086893
Bongiovanni Dolceo D'Alba,815.52,83.10771041789287,False,560.146,64.9299097086893
Bonnie Rose Orange Peel,8035.65,59.002694243776176,False,560.146,64.9299097086893
Bonnie Rose Spiced Apple,7419.07,60.913969001505585,False,560.146,64.9299097086893
Bonny Doon Clos de Gilroy Rd,860.43,52.302918308287715,False,560.146,64.9299097086893
Bonny Doon Vin Gris de Cigar,47909.08,33.97806845800421,False,560.146,64.9299097086893
Bonpas Blanc Rhone Vly,2547.96,34.08138275326144,False,560.146,64.9299097086893
Bonpas Ch du Pape Rouge Rsv,5976.59,58.869857226277865,False,560.146,64.9299097086893
Bonpas Cote du Rhone Rouge R,11507.53,39.972522339720165,False,560.146,64.9299097086893
Bonterra Cab Svgn Organic,142666.23,41.369439705528066,False,560.146,64.9299097086893
Bonterra Mendocino Org Chard,148890.37,36.275945851971485,False,560.146,64.9299097086893
Bonterra Mendocino Org Znfdl,27377.54,33.69217979409399,False,560.146,64.9299097086893
Bonterra Merlot Organic Mndc,24637.51,30.54492925624383,False,560.146,64.9299097086893
Bonterra Pnt Nr,1075.31,46.50100901135487,False,560.146,64.9299097086893
Bonterra Svgn Bl Organic,49528.92,48.643640927361226,False,560.146,64.9299097086893
Bonterra Viognier Orgnic,29079.309999999998,31.25246094216127,False,560.146,64.9299097086893
Booker's Bourbon,181998.5,23.688783149311675,False,560.146,64.9299097086893
Booker's Rye,50398.32,24.810827027567598,False,560.146,64.9299097086893
Boones Sangria,391.69,30.57775281472594,False,560.146,64.9299097086893
Boones Strawberry Hill,1988.3500000000001,32.58028013176755,False,560.146,64.9299097086893
Booth's Cask Mellowed Gin,3783.14,76.3910402469906,False,560.146,64.9299097086893
Booths London Dry Gin,110611.21,27.107026493969283,False,560.146,64.9299097086893
Bootstrap Red,19463.64,31.53942428035044,False,560.146,64.9299097086893
Borealis Northern Whites,1706.78,26.93610189948324,False,560.146,64.9299097086893
Borsao Campo de Borja Red,32635.73,35.3935088934735,False,560.146,64.9299097086893
Borsao Tres Picos Garnacha,120325.19,38.94621732988745,False,560.146,64.9299097086893
Boru Original Irish Vodka,136991.27,28.43214753757665,False,560.146,64.9299097086893
Bota Box Cab Svgn,138489.06999999998,38.584099091718926,False,560.146,64.9299097086893
Bota Box Chard Cal,156711.02,36.560938726580936,False,560.146,64.9299097086893
Bota Box Malbec,122361.85999999999,38.942371421944706,False,560.146,64.9299097086893
Bota Box Merlot Cal,37511.63,37.47779022132602,False,560.146,64.9299097086893
Bota Box Nighthawk Dark Red,48915.0,27.808647654093832,False,560.146,64.9299097086893
Bota Box Pnt Grigio Cal,164562.84,38.08249784702305,False,560.146,64.9299097086893
Bota Box Pnt Nr,49884.979999999996,37.155432356593096,False,560.146,64.9299097086893
Bota Box RedVolution,84026.42,38.695472209812095,False,560.146,64.9299097086893
Bota Box Rsl,2094.88,28.603070342931346,False,560.146,64.9299097086893
Bota Box Shiraz Cal,22837.649999999998,39.62820167574158,False,560.146,64.9299097086893
Bota Box Svgn Bl,57590.74999999999,33.59635010830731,False,560.146,64.9299097086893
Bota Box Znfdl,55937.67,38.601375423752906,False,560.146,64.9299097086893
Bota Brick Cab Svgn,427.59000000000003,34.18929348207394,False,560.146,64.9299097086893
Bota Brick Chard,269.74,20.99058352487581,False,560.146,64.9299097086893
Bota Brick Pnt Grigio,387.63,17.529602971906197,False,560.146,64.9299097086893
Bota Mini Cab Svgn,6802.950000000001,36.27411637598396,False,560.146,64.9299097086893
Bota Mini Chard,18633.3,34.502423081257746,False,560.146,64.9299097086893
Bota Mini Merlot,258.65999999999997,12.317327766179536,False,560.146,64.9299097086893
Bota Mini Moscato,593.96,17.312613644016427,False,560.146,64.9299097086893
Bota Mini Pnt Grigio,19802.37,31.438105640890456,False,560.146,64.9299097086893
Bota Mini RedVolution,614.63,25.14520931291996,False,560.146,64.9299097086893
Botani 13 Muscat Srra Malaga,4074.58,62.47171487613448,False,560.146,64.9299097086893
Botromagno Gravina,89.88,30.97463284379172,False,560.146,64.9299097086893
Bouchaine Pnt Nr W Lindsay V,16943.22,21.036261112114467,False,560.146,64.9299097086893
Bouchaine Terraces Vyd Pnt N,17368.05,27.790166426282738,False,560.146,64.9299097086893
Bouchard Aine & Fils Pnt Nr,7971.76,3.679112266300039,False,560.146,64.9299097086893
Boundary Breaks Dry Rsl #239,721.62,12.862725534214691,False,560.146,64.9299097086893
Boundary Breaks OLN Rsl,6440.83,15.116530012436288,False,560.146,64.9299097086893
Boundary Breaks Rsl Rsv #198,359.81999999999994,8.687677171919276,False,560.146,64.9299097086893
Bouvet Brut,2064.21,32.93124246079614,False,560.146,64.9299097086893
Bouvier Marsannay Rose,545.79,62.64497334139504,False,560.146,64.9299097086893
Bouvier Morey St Denis Rue d,1812.63,98.1981981981982,False,560.146,64.9299097086893
Bouza Tannat Las Violetas,5664.99,32.300851369552284,False,560.146,64.9299097086893
Bouza Temp Tannat,699.72,15.417595609672437,False,560.146,64.9299097086893
Bowen's American Whiskey,11385.599999999999,59.09218662169757,False,560.146,64.9299097086893
Bowman Brothers Small Batch,25521.489999999998,17.474645876866898,False,560.146,64.9299097086893
Bowman Vodka,229056.21000000002,27.142839742262392,False,560.146,64.9299097086893
Bowman's Gin,144.67000000000002,19.706919195410254,False,560.146,64.9299097086893
Bowman's Light Vodka,618.88,75.84022750775596,False,560.146,64.9299097086893
Bowman's Rum,172.27,15.632437452835667,False,560.146,64.9299097086893
Bowman's Vodka,47211.659999999996,27.30990606981411,False,560.146,64.9299097086893
Bowmore 12-Yr Scotch,72319.23000000001,17.694920147794726,False,560.146,64.9299097086893
Bowmore Darkest Islay 15 Yr,27215.23,3.78549069767184,False,560.146,64.9299097086893
Bowmore Islay 18-Yr Sgl Malt,11699.1,17.657084733013658,False,560.146,64.9299097086893
Bowmore Legend Single Malt,242.91,51.64464204849533,False,560.146,64.9299097086893
Bowmore Mizurana,7999.92,72.0149701497015,False,560.146,64.9299097086893
Bowmore Small Batch Sngl Mlt,59392.450000000004,21.481871854082474,False,560.146,64.9299097086893
Boya Pnt Nr,7867.08,44.44444444444444,False,560.146,64.9299097086893
Boya Svgn Bl,6995.0,65.54110078627592,False,560.146,64.9299097086893
Bracero Blanco Tequila,11660.730000000001,56.8767993084481,False,560.146,64.9299097086893
Bracero Reposado Tequila,14894.4,29.06864324846923,False,560.146,64.9299097086893
Brady's Irish Cream,54299.229999999996,25.632647092785653,False,560.146,64.9299097086893
Brancaia Tre Rosso Toscana,17381.26,32.804871453507964,False,560.146,64.9299097086893
Brancott Estate 'B' Svgn Bl,31.47,35.08102955195424,False,560.146,64.9299097086893
Brancott Pnt Nr Marlboro,7065.1900000000005,39.095763878961506,False,560.146,64.9299097086893
Brancott Svgn Bl Marlboro,203016.11,42.67314056997743,False,560.146,64.9299097086893
Brandborg Benchlands Pnt Nr,24.99,32.41296518607442,False,560.146,64.9299097086893
Brazin Old Vine Znfdl Lodi,26868.4,42.39381578359709,False,560.146,64.9299097086893
Bread & Butter Chard,221166.75,31.771412294117457,False,560.146,64.9299097086893
Bread & Butter Pnt Nr,62560.33,25.609983195421126,False,560.146,64.9299097086893
Breca OV Garnacha Calatayud,31455.760000000002,38.797377650388995,False,560.146,64.9299097086893
Bregeon Muscadet Sevre et M,1613.1499999999999,62.09155999132132,False,560.146,64.9299097086893
Brenne French Sng Mlt Whisky,3275.2200000000003,89.15187376725838,False,560.146,64.9299097086893
Bridlewood Blend 175 C C,4453.27,28.9764599945658,False,560.146,64.9299097086893
Bridlewood Cab Svgn,18987.82,22.186749189743747,False,560.146,64.9299097086893
Bridlewood Chard Monterey,11816.62,29.94384180924833,False,560.146,64.9299097086893
Bridlewood Pnt Nr,9520.47,33.87280249819599,False,560.146,64.9299097086893
Bridlewood Pnt Nr Monterey C,22869.850000000002,45.89575357949441,False,560.146,64.9299097086893
Bridlewood Slct Pnt Nr Lucia,5436.6,77.94945370268182,False,560.146,64.9299097086893
Briggs Lockhart Cab Svgn,1091.1599999999999,31.485758275596602,False,560.146,64.9299097086893
Briggs Lockhart Chard,324.75,36.44341801385681,False,560.146,64.9299097086893
Brinley Gold Shipwrck Coffee,149.94,27.010804321728692,False,560.146,64.9299097086893
Brinley Gold Shipwreck,119.94,23.661830915457728,False,560.146,64.9299097086893
Brinley Gold Shipwrk Coconut,449.82,23.649459783913564,False,560.146,64.9299097086893
Brinley Shipwreck Coconut Cr,22649.22,18.4983853748606,False,560.146,64.9299097086893
Brittan Vyds Chard Wlmete Vy,3912.09,82.9208939467139,False,560.146,64.9299097086893
Broadbent Auction RSV,5742.33,55.922073444054945,False,560.146,64.9299097086893
Broadbent Gruner Veltliner,16273.27,44.98167854401727,False,560.146,64.9299097086893
Broadbent Madeira Rainwater,8072.889999999999,28.031720982200913,False,560.146,64.9299097086893
Broadbent Vinho Verde Rose,26608.49,30.743082377090918,False,560.146,64.9299097086893
Broadbent Vinho Verde Wh,43732.520000000004,39.353140409013704,False,560.146,64.9299097086893
Broadside Cab Svgn Paso Rob,326.94,56.98293264819233,False,560.146,64.9299097086893
Broker's London Dry Gin,32526.71,22.667616860112812,False,560.146,64.9299097086893
Brooks Runaway Red,263.88,34.19736243747158,False,560.146,64.9299097086893
Brotherhood Holiday Spiced,1425.3899999999999,23.64405531117798,False,560.146,64.9299097086893
Brotte La Griveliere CDR,9872.880000000001,39.99400377600052,False,560.146,64.9299097086893
Brousko Dry Red,131.88,33.75796178343949,False,560.146,64.9299097086893
Brown Jug Cream Bourbon,12172.59,25.80905131939874,False,560.146,64.9299097086893
Brownstone Cab Svgn Cal,1357.49,24.260215544865904,False,560.146,64.9299097086893
Brownstone Merlot Cal,467.47999999999996,21.451185077436463,False,560.146,64.9299097086893
Brownstone Pnt Nr,359.59999999999997,1.3904338153503737,False,560.146,64.9299097086893
Brugal Anejo Rum,76435.68,24.89735160333499,False,560.146,64.9299097086893
Brugal XV Rum,9971.009999999998,84.65320965478924,False,560.146,64.9299097086893
Bruichladdich Islay Barley,16857.43,32.65343531012735,False,560.146,64.9299097086893
Bruichladdich Octomore 61,7589.3099999999995,92.19599673751631,False,560.146,64.9299097086893
Bruichladdich Rocks Sngl Mlt,899.82,76.02187104087484,False,560.146,64.9299097086893
Bruichladdich Scotish Barley,36532.73,19.297709204869175,False,560.146,64.9299097086893
Bruichladdich Wee Laddie Box,1199.8,26.471078513085505,False,560.146,64.9299097086893
Bruno Giacosa Roero Arneisxc,149.88,35.468374699759806,False,560.146,64.9299097086893
Buchanans Deluxe 12Yr Scotch,611353.35,17.621390867344232,False,560.146,64.9299097086893
Buchanans Deluxe 18 Yr Old,93502.43,11.55498311648156,False,560.146,64.9299097086893
Buehler Cab Svgn Napa,70717.5,60.80279987273306,False,560.146,64.9299097086893
Buehler Chard RRV,161330.26,34.43676344413007,False,560.146,64.9299097086893
Buehler Estate Cab Svgn Napa,4271.69,92.70663367426006,False,560.146,64.9299097086893
Buehler Wh Znfdl Napa,2037.96,26.59325992659326,False,560.146,64.9299097086893
Buena Vista Ch Napa Vly Cab,2924.35,15.521739873818108,False,560.146,64.9299097086893
Buenas Tempranillo,252.77,33.75796178343949,False,560.146,64.9299097086893
Buffalo Trace Bourbon,412468.63999999996,18.879316497855438,False,560.146,64.9299097086893
Buglioni L'Amarone,4289.22,28.301649250912753,False,560.146,64.9299097086893
Buil & Gine Montsant 17X1,2077.29,80.9155197396608,False,560.146,64.9299097086893
Bulldog Gin,26138.75,22.737812634498596,False,560.146,64.9299097086893
Bulleit 10 Yr Old Bourbon,134604.65,20.077946787128077,False,560.146,64.9299097086893
Bulleit 95 Rye,916830.89,24.86753310532194,False,560.146,64.9299097086893
Bulleit Bourbon,1429562.88,20.06429402258667,False,560.146,64.9299097086893
Bully Boy American Whiskey,47924.02,20.264097210542847,False,560.146,64.9299097086893
Bully Boy Vodka,17696.829999999998,13.433818373121056,False,560.146,64.9299097086893
Bully Boy White Rum,335.88,20.65023222579493,False,560.146,64.9299097086893
Bully Hill Goat Wh Semi-Dry,9643.8,36.49204670358157,False,560.146,64.9299097086893
Bully Hill Love My Goat Rd,44356.8,40.16678389784656,False,560.146,64.9299097086893
Bully Hill NY Rsl,155.88,32.409545804464976,False,560.146,64.9299097086893
Bully Hill Sweet Walter Rd,70914.78,39.2164933741598,False,560.146,64.9299097086893
Bunnahabhain 12 Yr Single,64902.490000000005,29.366346345109417,False,560.146,64.9299097086893
Bunraku Nihonjin No Wasuremo,1230.01,14.960040975276623,False,560.146,64.9299097086893
Buoncristiani Family Chard,1835.4900000000002,67.10851053397185,False,560.146,64.9299097086893
Buoncristiani Family Red OPC,1139.77,66.04578116637568,False,560.146,64.9299097086893
Burgans Albarino Baixas Rio,93003.18000000001,38.283336118184344,False,560.146,64.9299097086893
Burgess Cab Svgn Napa,66261.44,33.96050553685522,False,560.146,64.9299097086893
Buried Cane Cab Svgn,6978.23,39.28431708327182,False,560.146,64.9299097086893
Buried Cane Chard,4859.17,51.170878977273894,False,560.146,64.9299097086893
Burnett's Peach Vodka,19177.29,34.808307117429,False,560.146,64.9299097086893
Burnetts Gin,166549.45,37.07014943609842,False,560.146,64.9299097086893
Burnetts Peach Vodka,28067.329999999998,35.86871284158485,False,560.146,64.9299097086893
Burnetts Pineapple Vodka,26245.350000000002,37.347301521983894,False,560.146,64.9299097086893
Burnetts Vodka,731677.26,28.76396397125803,False,560.146,64.9299097086893
Bushmills 10 Yr Irish Whisky,41317.92,22.53075663053706,False,560.146,64.9299097086893
Bushmills 16 Yr Old Irish W,2045.6899999999998,18.144977978090516,False,560.146,64.9299097086893
Bushmills 21 Year Old Irish,3119.7,16.070455492515304,False,560.146,64.9299097086893
Bushmills Black Bush,113444.31999999999,13.763099238892488,False,560.146,64.9299097086893
Bushmills Irish Honey,16814.16,90.9958035370188,False,560.146,64.9299097086893
Butter Chard,368418.66,30.316254882420996,False,560.146,64.9299097086893
Butterfly Kiss Chard,1076.4,35.451505016722415,False,560.146,64.9299097086893
Butterfly Kiss Pnt Grigio,107.64,32.77591973244147,False,560.146,64.9299097086893
Butternut Chard,120864.65,31.969281340739414,False,560.146,64.9299097086893
Butternut Pnt Nr Cal,20259.68,38.64019569904362,False,560.146,64.9299097086893
Byron Pnt Nr Nielson Vyd SMV,575.8199999999999,31.978743357299148,False,560.146,64.9299097086893
Byron Santa Barbara Pnt Nr,16033.13,17.53475459875894,False,560.146,64.9299097086893
Byrrh Apertif,689.56,52.01287777713324,False,560.146,64.9299097086893
C Back Goats Do Roam Rouge,19281.55,35.10267587408688,False,560.146,64.9299097086893
C K Mondavi Cab Svgn,86267.59,23.92977478564082,False,560.146,64.9299097086893
C K Mondavi Chard,125279.82,42.29816901077923,False,560.146,64.9299097086893
C K Mondavi Merlot,29571.07,27.750143252538408,False,560.146,64.9299097086893
C K Mondavi Svgn Bl Cal,71.94,38.4487072560467,False,560.146,64.9299097086893
C K Mondavi Wh Znfdl,153.8,38.04941482444734,False,560.146,64.9299097086893
C K Mondavi Willw Pnt Grigio,11368.12,34.55698919434348,False,560.146,64.9299097086893
C Krug Cab Svgn,62053.75,38.94892734121629,False,560.146,64.9299097086893
C Krug Chard,902.54,16.96766902297959,False,560.146,64.9299097086893
C Krug Merlot Napa,16160.679999999998,48.57239918122256,False,560.146,64.9299097086893
C Krug RSV Generations Napa,513.9,16.263864565090483,False,560.146,64.9299097086893
C Krug Svgn Bl Napa,9075.529999999999,33.364552813995424,False,560.146,64.9299097086893
C Monaci Kreos Rosato,395.78,66.20344635908837,True,560.146,64.9299097086893
C R Clrs Fortissimo Red,34766.189999999995,35.71556158440139,False,560.146,64.9299097086893
C Y Toro Carmenere Terrunyo,175.92,91.77467030468395,True,560.146,64.9299097086893
C Y Toro Carmenere de Casa,14624.21,33.30901293129679,False,560.146,64.9299097086893
C Y Toro Casa Diablo Chard,7148.72,48.54435479358543,False,560.146,64.9299097086893
C Y Toro Casa Diablo Merlot,11893.09,22.441518562459375,False,560.146,64.9299097086893
C Y Toro Casa Diablo Svgn Bl,21481.09,33.97653471029635,False,560.146,64.9299097086893
C Y Toro Casa Diblo Cab Svgn,78070.79000000001,42.97098825309697,False,560.146,64.9299097086893
C Y Toro Casillero Carmenere,83915.46,50.7590138932683,False,560.146,64.9299097086893
C Y Toro Casillero Diab Malb,21557.600000000002,30.56833784836902,False,560.146,64.9299097086893
C Y Toro Casillero Pnt Nr,11780.19,56.62378959931886,False,560.146,64.9299097086893
C Y Toro Diablo Red,11.99,33.778148457047536,False,560.146,64.9299097086893
C Y Toro Don Melchr Cab Svgn,8250.97,4.976263396909677,False,560.146,64.9299097086893
C Y Toro Front Cab/Merlot,92977.79,44.94057129127289,False,560.146,64.9299097086893
C Y Toro Frontera Cab Svgn,13222.66,37.90175350496799,False,560.146,64.9299097086893
C Y Toro Frontera Carmenere,9385.73,37.769358377025554,False,560.146,64.9299097086893
C Y Toro Frontera Chard,44891.62,42.07970218049605,False,560.146,64.9299097086893
C Y Toro Frontera Malbec,62584.53,41.544979246468735,False,560.146,64.9299097086893
C Y Toro Frontera Merlot,32049.55,58.970032340547675,False,560.146,64.9299097086893
C Y Toro Frontera Pnt Grigio,9999.470000000001,39.60259893774371,False,560.146,64.9299097086893
C Y Toro Frontera Shiraz,6523.13,34.5136460564177,False,560.146,64.9299097086893
C Y Toro Frontera Svgn Bl,33142.04,29.158253384523107,False,560.146,64.9299097086893
C Y Toro Gran Reserva Cab Sv,29999.829999999998,30.630540239728028,False,560.146,64.9299097086893
C Y Toro Gran Rsva Carmenere,12490.52,5.589999455587127,False,560.146,64.9299097086893
C Y Toro Marques Cs Cab Svgn,14994.98,40.11829292203124,False,560.146,64.9299097086893
C Y Toro Privada Rsv Casa Di,17018.14,33.83248698153851,False,560.146,64.9299097086893
C&P Breton Chinon St Louand,1024.59,3.7273445963751297,False,560.146,64.9299097086893
C'est La Vie Syrah-Grenache,27.98,32.4517512508935,False,560.146,64.9299097086893
CC Ranch Cab Svgn CC Ranch,1994.81,29.35668058612098,False,560.146,64.9299097086893
Ca Del Monte Amarone Red,20472.530000000002,1.516031482186142,False,560.146,64.9299097086893
Ca'Momi Bianco di Napa,3763.66,63.992496665479884,False,560.146,64.9299097086893
Ca'Momi Cab Svgn Napa,57193.35,54.64070560650845,False,560.146,64.9299097086893
Ca'Momi Chard Napa Vly,19209.66,12.834376037889264,False,560.146,64.9299097086893
Ca'Momi Chard Rsv Napa,4408.53,17.652369383898943,False,560.146,64.9299097086893
Ca'Momi Merlot Napa Valley,154967.99,27.088942690680824,False,560.146,64.9299097086893
Ca'Momi Pinot Noir Napa Vall,9584.619999999999,48.77418197069888,False,560.146,64.9299097086893
Ca'Momi Rosso di Napa,11248.74,32.99089498023778,False,560.146,64.9299097086893
Ca'Montini Pinot Grigio Tre,39881.84,38.15606301013192,False,560.146,64.9299097086893
Cabin Fever Maple Liqueur,94099.19,48.96228768967688,False,560.146,64.9299097086893
Cabo Wabo Anejo Tequila,66420.86,20.38806784495112,False,560.146,64.9299097086893
Cabo Wabo Blanco Tequila,212452.59,31.164454149511666,False,560.146,64.9299097086893
Cabo Wabo Reposado Tequila,109404.45000000001,26.00890548784808,False,560.146,64.9299097086893
Cabot Trail Cana Cream Maple,45284.10999999999,29.899384132756484,False,560.146,64.9299097086893
Cabot Trail Maple Whisky,13887.6,60.5581958005703,False,560.146,64.9299097086893
Cabreo Il Borgo Toscana,764.83,77.08510387929344,False,560.146,64.9299097086893
Cabreo La Pietra White,1253.58,87.98959779192394,False,560.146,64.9299097086893
Cabrito Blanco,1043.42,48.89881351708804,False,560.146,64.9299097086893
Cadaretta Svgn Bl Semillon C,275.88,31.970421922575028,False,560.146,64.9299097086893
Cade Cab Svgn Howell Mtn,40198.32,34.58002722501836,False,560.146,64.9299097086893
Cade Cab Svgn Napa Cuvee,19098.35,35.82995389654079,False,560.146,64.9299097086893
Cade Svgn Bl Napa Cuvee,1469.54,2.69608176708357,False,560.146,64.9299097086893
Cafaggio Basilica Chianti Cl,16454.27,40.2060377032831,False,560.146,64.9299097086893
Caffo Amaretto Liqueur,9515.08,75.34681789328098,False,560.146,64.9299097086893
Caffo Grappa Italiana,373.83,26.964128079608386,False,560.146,64.9299097086893
Caffo Limoncino Dell'l Sola,11186.84,81.68115392729315,False,560.146,64.9299097086893
Caffo Sambuca Secolare,11412.76,75.8770008306492,False,560.146,64.9299097086893
Caffo Vecchio Amaro del Capo,4815.8099999999995,82.41043562765142,False,560.146,64.9299097086893
Cakebread Benchland Cab Svgn,7599.24,71.15922118527642,False,560.146,64.9299097086893
Cakebread Cab Svgn,110158.04999999999,27.83563252980603,False,560.146,64.9299097086893
Cakebread Chard,194360.12,27.678497008542696,False,560.146,64.9299097086893
Cakebread Chard Rsv,2969.46,14.067204138126133,False,560.146,64.9299097086893
Cakebread Clrs Cab Svgn 11,779.94,44.809857168500145,False,560.146,64.9299097086893
Cakebread Clrs Two Creeks 12,16155.960000000001,56.30764126675233,False,560.146,64.9299097086893
Cakebread Dancing Bear Cab S,3909.66,71.16373290772088,False,560.146,64.9299097086893
Cakebread Merlot Napa,20299.77,21.953105872628115,False,560.146,64.9299097086893
Cakebread Svgn Bl,102029.47,35.10342649040517,False,560.146,64.9299097086893
Cakebread Vine Hill Cab,1699.83,52.30581881717583,False,560.146,64.9299097086893
Calaches Lanessan Haut-Medoc,1196.37,80.561197622809,False,560.146,64.9299097086893
Calandray RSV Cotes Roussiln,215.88,35.07504168982768,False,560.146,64.9299097086893
Caldwells Vodka,111508.19,24.489035289694865,False,560.146,64.9299097086893
Calera Ctrl Coast Chard,5301.33,21.90978490303377,False,560.146,64.9299097086893
Calera Ctrl Coast Pnt Nr,3221.8399999999997,12.353189481786792,False,560.146,64.9299097086893
Calera Mills Vyd Pnt Nr,5075.23,43.300500666964844,False,560.146,64.9299097086893
Calera Mt Harlan Chard,1784.55,63.80936370513576,False,560.146,64.9299097086893
Calera Ryan Vyd Pnt Nr,719.8800000000001,41.79029838306385,False,560.146,64.9299097086893
Calera Selleck Vyd Pnt Nr,2687.72,28.730671349694152,False,560.146,64.9299097086893
Calera de Villiers Pnt Nr,989.82,96.56402174132671,False,560.146,64.9299097086893
Calico Jack Cherry Rum,203.88,28.54620364920541,False,560.146,64.9299097086893
Calico Jack Coconut Rum,179783.85,30.164405757246826,False,560.146,64.9299097086893
Calico Jack Mango Rum,15592.14,61.6239977321907,False,560.146,64.9299097086893
Calico Jack Pin/Coc Rum,95228.84000000001,58.57064057454808,False,560.146,64.9299097086893
Calico Jack Silver Rum,118800.69,29.37221155870391,False,560.146,64.9299097086893
Calico Jack Spiced Rum,343902.62,26.082356295958803,False,560.146,64.9299097086893
Calico Jack Spiced Rum No 94,61012.58,23.881517549331637,False,560.146,64.9299097086893
Callia Alta Malbec,9461.46,40.514466054921755,False,560.146,64.9299097086893
Callia Alta Pnt Grigio,4728.74,37.101215122844565,False,560.146,64.9299097086893
Calling All Angels Chard,9963.53,36.096142632179564,False,560.146,64.9299097086893
Calma Rioja,255.84,50.65666041275798,False,560.146,64.9299097086893
Calmel & Joseph CdRoussillon,3973.1600000000003,56.59877779903151,False,560.146,64.9299097086893
Calmel & Joseph Chard,2432.69,54.28147441720893,False,560.146,64.9299097086893
Calmel & Joseph Terra Larzac,2478.7599999999998,8.434862592586596,False,560.146,64.9299097086893
Calumet Bourbon,83086.68000000001,22.092674782528324,False,560.146,64.9299097086893
Calumet Farm Bourbon VAP,7199.41,75.33756238358421,False,560.146,64.9299097086893
Calvados Boulard Grnd Brandy,26359.980000000003,13.864881536328944,False,560.146,64.9299097086893
Calvados Marquis De St Loup,29521.31,44.85610564029849,False,560.146,64.9299097086893
Calypso Spiced Rum,189110.7,18.17693023186949,False,560.146,64.9299097086893
Camarena Reposado Tequila,115963.75,41.74722704293367,False,560.146,64.9299097086893
Camarena Silver Tequila,207243.15999999997,23.66726597049867,False,560.146,64.9299097086893
Cambas Mavrodafne of Patras,5001.150000000001,30.88709596792738,False,560.146,64.9299097086893
Cambas Nemea RSV Attica Rd,179.88,67.54503002001334,True,560.146,64.9299097086893
Cambria Julias Vyd Pnt Nr,44194.119999999995,49.50097433776258,False,560.146,64.9299097086893
Cambria Katherine Vyd Chard,1710.93,33.152145324472656,False,560.146,64.9299097086893
Cambria Katherines Chard,52837.03,33.95484189781296,False,560.146,64.9299097086893
Cambridge & Sunset Pnt Nr,6808.1,31.18197441283178,False,560.146,64.9299097086893
Cambridge Chard Carneros,1743.04,84.39966954286763,False,560.146,64.9299097086893
Cambrige Meritage Napa Vly,1282.4399999999998,96.8606718442968,False,560.146,64.9299097086893
Camelot Merlot,98.91,20.149630977656464,False,560.146,64.9299097086893
Cameron Hughes Cam Col Cab S,9603.24,67.14608819523411,False,560.146,64.9299097086893
Cameron Hughes Cam Coll Char,297.79,63.410457033479986,False,560.146,64.9299097086893
Camigiliano Brunello Di Mont,3079.23,27.763759121598593,False,560.146,64.9299097086893
Camila Malbec,234.96,66.24106230847804,True,560.146,64.9299097086893
Camp Cab Svgn Sonoma County,1167.27,16.111953532601706,False,560.146,64.9299097086893
Camp Chard Sonoma Cnty,1387.0,27.498197548666187,False,560.146,64.9299097086893
Camp Meeting Ridge Chard,2321.73,12.284374152033184,False,560.146,64.9299097086893
Camp Meeting Ridge Pnt Nr,650.93,90.14794217504186,False,560.146,64.9299097086893
Camp Merlot Sonoma Cnty,575.64,34.64665415884927,False,560.146,64.9299097086893
Campari,278457.14999999997,29.3412469387121,False,560.146,64.9299097086893
Campo Viejo Gr Cava Brut Rsv,31702.09,30.02448734452523,False,560.146,64.9299097086893
Campo Viejo Gran RSV Rioja,54738.579999999994,40.71055551678541,False,560.146,64.9299097086893
Campo Viejo Tempranillo,45968.33,35.98011935608712,False,560.146,64.9299097086893
Campo Viejo Tempranillo RSV,99151.21,35.06096395596181,False,560.146,64.9299097086893
Campus Oaks Old Vines Znfdl,2574.16,32.52167697423625,False,560.146,64.9299097086893
Camus Elegance VS Cognac,14707.5,32.483154852966166,False,560.146,64.9299097086893
Camus Elegance XO,5329.59,96.27626140097081,False,560.146,64.9299097086893
Camus Extra Elegance,8839.74,83.03185387805523,False,560.146,64.9299097086893
Camus Grand VSOP Elegance,22903.68,24.659618017715925,False,560.146,64.9299097086893
Canada House Canadian Whisky,27748.98,56.51461783460149,False,560.146,64.9299097086893
Canadian Club,1819338.25,25.40551208145073,False,560.146,64.9299097086893
Canadian Club 1858,138305.41,25.58425588702568,False,560.146,64.9299097086893
Canadian Club 1858 VAP,18716.25,35.4347158218126,False,560.146,64.9299097086893
Canadian Club Classic,61452.77,26.571544293284088,False,560.146,64.9299097086893
Canadian Club Sherry Cask,413.82,25.358851674641148,False,560.146,64.9299097086893
Canadian Club Traveler,96493.44,24.678403008536133,False,560.146,64.9299097086893
Canadian Club Triple Aged,68543.69,22.85214000004961,False,560.146,64.9299097086893
Canadian Hunter Rye,10124.73,22.18103593873614,False,560.146,64.9299097086893
Canadian Ltd,899110.55,30.51827386521046,False,560.146,64.9299097086893
Canadian Ltd Traveler,61361.97,28.474493240683117,False,560.146,64.9299097086893
Canadian Mist,518089.37,26.81461308499728,False,560.146,64.9299097086893
Canadian Mist Traveler,23178.940000000002,44.51135384102984,False,560.146,64.9299097086893
Canadian Regal,167333.36000000002,27.57982030600474,False,560.146,64.9299097086893
Canadian Rich & Rare,74835.84,23.1306283192652,False,560.146,64.9299097086893
Canaletto Mntplcno Abruzzo,4111.21,31.647860362277765,False,560.146,64.9299097086893
Canaletto Pnt Grigio Venezie,561.37,87.91171598054758,False,560.146,64.9299097086893
Canaletto Pnt Nr Pavia,359.64,31.931931931931935,False,560.146,64.9299097086893
Candia Vyds Black Ice,15478.47,27.648921372719652,False,560.146,64.9299097086893
Candia Vyds Classic Cab Svgn,7092.93,31.15820965383841,False,560.146,64.9299097086893
Candia Vyds Diamond,7345.1,34.4239016487182,False,560.146,64.9299097086893
Candia Vyds Ice Storm,16066.259999999998,31.27261727371522,False,560.146,64.9299097086893
Candia Vyds Noiret Vault RSV,6640.57,30.010225025863736,False,560.146,64.9299097086893
Candoni Moscato,362.25,17.846790890269144,False,560.146,64.9299097086893
Candor Znfdl,167.88,35.45389563974267,False,560.146,64.9299097086893
Canella Bellini Cocktail Vnz,4442.58,29.927204462271924,False,560.146,64.9299097086893
Canella Bellini Fusion,9320.44,23.91764766470253,False,560.146,64.9299097086893
Canella Prosecco,4311.360000000001,32.97706524159431,False,560.146,64.9299097086893
Canella Prosecco Di Conegli,9224.66,37.14846942868355,False,560.146,64.9299097086893
Cannonball Cab Svgn Cal,71724.58,40.34825996889769,False,560.146,64.9299097086893
Cannonball Chard,30223.989999999998,43.04573949369359,False,560.146,64.9299097086893
Cannonball Svgn Bl,15158.79,30.51120834842359,False,560.146,64.9299097086893
Cantele Chard Salento,350.72999999999996,52.1597810281413,False,560.146,64.9299097086893
Cantele Primitivo Salento,671.52,31.95139385275196,False,560.146,64.9299097086893
Cantele Salice Salentino Rsv,9190.06,42.73584720883215,False,560.146,64.9299097086893
Cantina Gabriele Dolc White,808.75,89.55425038639876,False,560.146,64.9299097086893
Cantine Cantena Fiano Avelno,322.83,3.280364278412779,False,560.146,64.9299097086893
Cantine Cantena Taurasi,359.88,31.04368122707569,False,560.146,64.9299097086893
Cantine Maschio Prosecco Brt,81831.25,31.58237156223759,False,560.146,64.9299097086893
Cantine Maschio Sparkling Ro,568.5,18.21635883905013,False,560.146,64.9299097086893
Canyon Oaks Cab Svgn Cal,7689.9,30.62235843152089,False,560.146,64.9299097086893
Canyon Oaks Chard Cal,10530.64,30.04921068159687,False,560.146,64.9299097086893
Canyon Oaks Merlot Cal,5776.0599999999995,32.06285723804578,False,560.146,64.9299097086893
Canyon Oaks Pink Moscato,71.88,33.72287145242069,False,560.146,64.9299097086893
Canyon Oaks Wh Znfdl Cal,569.05,32.68781302170283,False,560.146,64.9299097086893
Canyon Oaks Znfdl Cal,143.76,31.051752921535886,False,560.146,64.9299097086893
Canyon Rd Cab Svgn,20145.089999999997,31.769081476448008,False,560.146,64.9299097086893
Canyon Rd Chard,37690.45,32.21174377600752,False,560.146,64.9299097086893
Canyon Rd Merlot,8207.869999999999,35.453656064240775,False,560.146,64.9299097086893
Canyon Rd Merlot Cal,5719.259999999999,33.402922755741116,False,560.146,64.9299097086893
Canyon Rd Moscato,3602.08,37.12632701106027,False,560.146,64.9299097086893
Canyon Rd Pnt Grigio,28997.08,35.86469819547824,False,560.146,64.9299097086893
Canyon Rd Pnt Nr,10269.76,33.16211868631789,False,560.146,64.9299097086893
Canyon Rd Svgn Bl,4536.13,32.43249201411776,False,560.146,64.9299097086893
Canyon Rd Wh Znfdl,5548.9,34.053636379061146,False,560.146,64.9299097086893
Caol Ila 12 Yr Islay Single,76535.94,22.557062734187355,False,560.146,64.9299097086893
Caol Ila 17 Yr Single Malt,1799.85,23.660305025418783,False,560.146,64.9299097086893
Caparzo Brnllo di Montalcino,20286.66,23.82679061018423,False,560.146,64.9299097086893
Cape Indaba Chard S Africa,5071.53,38.89891216260181,False,560.146,64.9299097086893
Cape Indaba Svgn Bl S Africa,17601.99,32.77260127974167,False,560.146,64.9299097086893
Cape Mentelle Sem/Svgn Bl,715.34,24.872088796935714,False,560.146,64.9299097086893
Capel Premium Pisco,1986.58,25.477453714423792,False,560.146,64.9299097086893
Caposaldo Moscato,167.88,32.45175125089349,False,560.146,64.9299097086893
Caposaldo Pnt Grigio Veneto,152.82999999999998,53.28142380422691,False,560.146,64.9299097086893
Caposaldo Prosecco Brut,9137.04,34.318116151401334,False,560.146,64.9299097086893
Caposaldo Sweet Moscato,569.62,11.351427267301002,False,560.146,64.9299097086893
Capostrano Montepulciano Abr,798.1,51.26926450319509,False,560.146,64.9299097086893
Cappelletti Apertivoch,459.7699999999999,59.13608978402244,False,560.146,64.9299097086893
Caprai Montefalco Passito 06,3518.9,80.34840433089886,False,560.146,64.9299097086893
Caprai Montefalco Rosso 09,813.3199999999999,22.392170363448567,False,560.146,64.9299097086893
Capri Natura Limoncello,3807.0099999999998,12.655863788117184,False,560.146,64.9299097086893
Capt Morgan Black Spiced Rum,129920.66,45.51402226848254,False,560.146,64.9299097086893
Capt Morgan Cannon Blast,281585.68,45.818553098232655,False,560.146,64.9299097086893
Capt Morgan Jack O Blast,81787.78,23.255705036194392,False,560.146,64.9299097086893
Capt Morgan Lime Bite Rum,827.56,41.29591951291181,False,560.146,64.9299097086893
Capt Morgan Long Isl Tea RTD,155357.43999999997,34.051496888143,False,560.146,64.9299097086893
Capt Morgan Original Barrel,1635666.5799999998,19.455499298640675,False,560.146,64.9299097086893
Capt Morgan Parrot Bay Cocnt,92106.15,17.26111665724819,False,560.146,64.9299097086893
Capt Morgan Parrot Bay Coco,94622.49,39.27639148883252,False,560.146,64.9299097086893
Capt Morgan Parrot Bay Mango,1034.31,25.350233488992657,False,560.146,64.9299097086893
Capt Morgan ParrotBay Pineap,764.24,53.74275231563095,False,560.146,64.9299097086893
Capt Morgan ParrotBayPassion,29.98,25.350233488992668,False,560.146,64.9299097086893
Capt Morgan Private Stock,555259.77,17.68495788634638,False,560.146,64.9299097086893
Capt Morgan Silver Spicd Rum,334500.85,30.414581861109482,False,560.146,64.9299097086893
Capt Morgan Spiced Rum,6356320.62,27.261763602349223,False,560.146,64.9299097086893
Capt Morgan Spiced Rum 100,573172.7,42.723288679066876,False,560.146,64.9299097086893
Capt Morgan Spiced Rum Trav,447487.39999999997,24.371376713623665,False,560.146,64.9299097086893
Capt Morgan Tattoo,1322.37,26.317898923901783,False,560.146,64.9299097086893
Capt Morgan Tattoo Rum,52493.74,26.32431981413402,False,560.146,64.9299097086893
Capt Morgan White,364780.94,38.6820150109738,False,560.146,64.9299097086893
Capt Morgan White Coconut,96385.72,48.27395876690097,False,560.146,64.9299097086893
Capt Morgan White Grapefruit,43522.299999999996,52.576206339927666,False,560.146,64.9299097086893
Capt Morgan White PET,220629.66999999998,29.8582280433996,False,560.146,64.9299097086893
Capt Morgan White Pineapple,79102.77,52.170169904526716,False,560.146,64.9299097086893
Caravan Cab Svgn,10347.93,71.76826669681763,False,560.146,64.9299097086893
Caravella Limoncello,77476.40999999999,27.817602803227448,False,560.146,64.9299097086893
Cardamaro Vino Amaro,5836.089999999999,36.92900554994868,False,560.146,64.9299097086893
Cardhu Scotch,66515.93000000001,27.64470105131207,False,560.146,64.9299097086893
Cardinale Cab Svgn Napa Vly,1124.95,48.38881728076803,False,560.146,64.9299097086893
Caribou Crossing Canadian,7398.52,24.860782967404287,False,560.146,64.9299097086893
Carlo Rossi Blush Calif,4291.87,27.096592874282578,False,560.146,64.9299097086893
Carlo Rossi Burgundy Calif,127684.59,33.92186609103428,False,560.146,64.9299097086893
Carlo Rossi Chablis Calif,76148.05,32.55313885246,False,560.146,64.9299097086893
Carlo Rossi Chianti Cal,1016.13,7.830493907149575,False,560.146,64.9299097086893
Carlo Rossi Moscato Sangria,1334.1100000000001,29.118288596892317,False,560.146,64.9299097086893
Carlo Rossi Paisano Calif,146028.72,31.6352748211516,False,560.146,64.9299097086893
Carlo Rossi RSV Cab Svgn Cal,4297.23,26.17777738226552,False,560.146,64.9299097086893
Carlo Rossi RSV Chard Cal,847.3,29.90304595760449,False,560.146,64.9299097086893
Carlo Rossi RSV Merlot Cal,1822.82,23.193960705502935,False,560.146,64.9299097086893
Carlo Rossi RSV Wh Znfdl Cal,1642.9499999999998,27.825038604995616,False,560.146,64.9299097086893
Carlo Rossi Red Sangria Cal,3867.42,35.91076221356874,False,560.146,64.9299097086893
Carlo Rossi Rhine Calif,27571.87,35.889552081865546,False,560.146,64.9299097086893
Carlo Rossi Spanada Sangria,43827.3,31.976279624800075,False,560.146,64.9299097086893
Carlo Rossi Sweet Red,1436.01,33.04687472821344,False,560.146,64.9299097086893
Carmel Road Chard Liberated,191.76,35.04380475594493,False,560.146,64.9299097086893
Carmel Road Pnt Gris,111.48,31.001076426264802,False,560.146,64.9299097086893
Carmel Road Pnt Nr Monterey,32418.22,32.599507314096826,False,560.146,64.9299097086893
Carmel Road The Barrymore PG,842.49,19.051858182292964,False,560.146,64.9299097086893
Carmel Road Unoaked Chard Mo,15242.94,26.77580571726978,False,560.146,64.9299097086893
Carnaval Red Moscato Sparklg,175.84,51.000909918107375,False,560.146,64.9299097086893
Carnivor Cab Svgn,335379.21,39.34007716220693,False,560.146,64.9299097086893
Carol Shelton Rocky Rsv Znfd,782.76,22.045071286218008,False,560.146,64.9299097086893
Carol Shelton Wild Thing Zin,134.9,22.075611564121573,False,560.146,64.9299097086893
Carolans Irish Cr Gift Set,7569.41,45.420316775019444,False,560.146,64.9299097086893
Carolans Irish Cream,155762.03999999998,36.14749575478733,False,560.146,64.9299097086893
Carpano Antica Formula,104297.31,38.37952135433143,False,560.146,64.9299097086893
Carpene Malvolti Prosecco,18305.57,32.59865713004294,False,560.146,64.9299097086893
Carpene Malvolti Sprklg Rose,6666.66,25.047175047175042,False,560.146,64.9299097086893
Carpineto Brunello Montalci,5813.97,37.30170606315479,False,560.146,64.9299097086893
Carpineto Cab Svgn Farnito,4657.48,64.91278545479528,False,560.146,64.9299097086893
Carpineto Chianti Castldo 14,10795.7,6.137628870754099,False,560.146,64.9299097086893
Carpineto Chianti Clsc,19843.88,31.004017359508328,False,560.146,64.9299097086893
Carpineto Chianti Clsc RSV,72267.31999999999,46.01750832879923,False,560.146,64.9299097086893
Carpineto Dogajolo Rose,16636.37,36.44767458285671,False,560.146,64.9299097086893
Carpineto Dogajolo Tuscan R,48676.35,52.715024852931656,False,560.146,64.9299097086893
Carpineto Dogajolo Tuscan Rd,181998.88,49.523041020911776,False,560.146,64.9299097086893
Carpineto Dogajolo Tuscan Wh,49511.85,57.90159325494806,False,560.146,64.9299097086893
Carpineto Molin Vecchio,479.79999999999995,33.34722801167152,False,560.146,64.9299097086893
Carpineto Montepulciano 11,2247.35,3.502347208934969,False,560.146,64.9299097086893
Carpineto Vino Nobile RSV d,39496.829999999994,32.49858279765743,False,560.146,64.9299097086893
Carstairs White Seal,5118.0599999999995,26.347092452999753,False,560.146,64.9299097086893
Cartlidge & Browne Cab Svgn,167.88,33.30950679056469,False,560.146,64.9299097086893
Cartlidge & Browne Pnt Nr,5115.0,23.473704789833818,False,560.146,64.9299097086893
Casa E Mirafiori Barb d'Alba,972.63,79.85256469572191,False,560.146,64.9299097086893
Casa Ferreirinha Esteva Doro,9411.18,41.284514800481986,False,560.146,64.9299097086893
Casa Ferreirinha Papas Figos,509.65999999999997,30.35356904603069,False,560.146,64.9299097086893
Casa Julia Merlot Rapel,215.82,55.24047817625799,False,560.146,64.9299097086893
Casa Julia Svgn Bl Manta,2763.16,32.14761360181821,False,560.146,64.9299097086893
Casa Lapostolle Merlot,1480.86,24.17108977215941,False,560.146,64.9299097086893
Casa Lapostolle Svgn Bl,4695.6,40.84419456512481,False,560.146,64.9299097086893
Casa Liliana Good Chard,582.47,95.36456813226432,False,560.146,64.9299097086893
Casa Liliana Good Chianti,10012.67,39.30200436047528,False,560.146,64.9299097086893
Casa Liliana Good Merlot,142.87,81.82963533282003,True,560.146,64.9299097086893
Casa Liliana Good Pnt Grg,27656.78,36.09321114027012,False,560.146,64.9299097086893
Casa Noble Blanco Crystal,48556.96,27.414731070478865,False,560.146,64.9299097086893
Casa Noble Reposado,31413.230000000003,8.392355704905242,False,560.146,64.9299097086893
Casa Noble Repsdo La Carreta,695.88,25.366442490084495,False,560.146,64.9299097086893
Casa Noble Sngl Barrel Anejo,1169.91,25.925071159319952,False,560.146,64.9299097086893
Casa Silva Carmenere,13671.45,66.50538165300681,False,560.146,64.9299097086893
Casa Silva Los Lingues Cab S,9961.77,63.066804393195184,False,560.146,64.9299097086893
Casa Silva Svgn Gris,2302.6,7.409015895075129,False,560.146,64.9299097086893
Casal Garcia Duoro Red,231.71,18.89862327909887,False,560.146,64.9299097086893
Casal Garcia Vinho Verde Ros,18911.62,33.80366145258841,False,560.146,64.9299097086893
Casal Garcia Vinho Verde Wh,106802.51,35.53175857009353,False,560.146,64.9299097086893
Casalini Monteplciano D'Abrz,1090.44,31.47353361945637,False,560.146,64.9299097086893
Casalini Pnt Grigio,6535.65,36.019370682334575,False,560.146,64.9299097086893
Casamigos Anejo,126810.95000000001,37.86126513522689,False,560.146,64.9299097086893
Casamigos Anejo Tequila,23486.45,22.795228738272495,False,560.146,64.9299097086893
Casamigos Blanco,185431.07,31.356006606017807,False,560.146,64.9299097086893
Casamigos Reposado,146981.99,34.32560473504851,False,560.146,64.9299097086893
Casamigos Reposado Tequila,40090.02,32.285042511827136,False,560.146,64.9299097086893
Casas Del Bosque Sauv Bl,740.6,22.938158250067513,False,560.146,64.9299097086893
Cashmore Black Opal Shiraz,17932.94,58.88749976300595,False,560.146,64.9299097086893
Casoni Limoncello di Sorento,833.9900000000001,48.56053429897242,False,560.146,64.9299097086893
Castano Solanera Yecla Mona,15451.21,41.65466652773472,False,560.146,64.9299097086893
Castano Yecla Monastrell Red,8343.93,51.224423023683094,False,560.146,64.9299097086893
CastelGiocondo 10 Brun Montl,4883.26,23.919676609478103,False,560.146,64.9299097086893
CastelGiocondo Brunello 07,21594.600000000002,89.78263084289591,False,560.146,64.9299097086893
Castell Del Remei Gotim Bru,13081.62,45.0095630357708,False,560.146,64.9299097086893
Castellani Biagio Chianti,5650.96,44.071095884593056,False,560.146,64.9299097086893
Castellare Chianti Clsc,24499.93,38.06382303949441,False,560.146,64.9299097086893
Castello Banfi Belnero Prop,8887.39,31.46953154975758,False,560.146,64.9299097086893
Castello Banfi Brun Montalcn,8832.11,59.5793077758316,False,560.146,64.9299097086893
Castello Banfi Excelsus,655.9,3.2459216343954815,False,560.146,64.9299097086893
Castello Chianti Classico,50408.34,46.25889287367923,False,560.146,64.9299097086893
Castello Del Poggio Moscato,130455.78,26.380310630927966,False,560.146,64.9299097086893
Castello Di Ama Chianti,3107.1600000000003,89.61141363817762,False,560.146,64.9299097086893
Castello Di Cacchiano Chiant,799.8000000000001,80.0,False,560.146,64.9299097086893
Castello Montauto Vernaccia,3092.56,76.64847246294333,False,560.146,64.9299097086893
Castello d Cacchiano Chianti,2207.04,41.23531970421922,False,560.146,64.9299097086893
Castello del Poggio Rosato,714.21,31.196706850926205,False,560.146,64.9299097086893
Castello di Bossi Chianti Cl,6380.01,2.6647293656279567,False,560.146,64.9299097086893
Castello di Meleto Chianti,2976.2799999999997,81.31627400647788,False,560.146,64.9299097086893
Castillo Monastrell Red,2448.25,20.261411212090277,False,560.146,64.9299097086893
Castillo Silver Label Rum,182628.63,29.977261803428096,False,560.146,64.9299097086893
Castillo Spiced Rum,3674.57,81.25331671460879,False,560.146,64.9299097086893
Castle Rock Chard Cntrl Cst,18326.52,44.52165495686033,False,560.146,64.9299097086893
Castle Rock Merlot Cal,13279.4,60.182990195340146,False,560.146,64.9299097086893
Castle Rock Paso Ro Cab Svgn,19925.24,39.601129020277796,False,560.146,64.9299097086893
Castle Rock Pnt Nr,61624.88,40.57555974145507,False,560.146,64.9299097086893
Castle Rock Pnt Nr Cal Cuvee,1879.29,32.71820740811689,False,560.146,64.9299097086893
Castle Rock Pnt Nr Carneros,65126.49,34.67722581087972,False,560.146,64.9299097086893
Cataldi Madonna Malandrino,782.4200000000001,84.9633189335651,False,560.146,64.9299097086893
Catalpa Cab Svgn,2812.41,40.87064119385153,False,560.146,64.9299097086893
Catalpa Chard,7910.74,35.760244932838134,False,560.146,64.9299097086893
Catalpa Malbec,9269.79,39.6038097950439,False,560.146,64.9299097086893
Catena Alta Historic Malbec,12956.050000000001,35.363015733962136,False,560.146,64.9299097086893
Catena Alta Historic Rows CS,5530.71,6.865845433949702,False,560.146,64.9299097086893
Catena Historic Rows Chard,5516.08,11.37691984162667,False,560.146,64.9299097086893
Catena Lunlunta Malbec Argn,187011.91,39.587697917207514,False,560.146,64.9299097086893
Catena Malbec Mendoza,107.88,31.92436040044494,False,560.146,64.9299097086893
Catena Padrillos Malbec,16219.7,36.9130748410883,False,560.146,64.9299097086893
Catena RSV Cab Svgn,31668.76,35.75750992460709,False,560.146,64.9299097086893
Catena RSV Chard,26265.329999999998,33.52453595671555,False,560.146,64.9299097086893
Catena Vista Flores Malbec,5889.79,28.921914024099326,False,560.146,64.9299097086893
Catena Zapata Nicasia Vyd,719.92,74.48883209245471,False,560.146,64.9299097086893
Catskill Defiant Rye,4027.0,62.59423888750931,False,560.146,64.9299097086893
Catskill Fearless Whiskey,3861.11,74.26076957144447,False,560.146,64.9299097086893
Catskill Most Righteous Brbn,5310.15,78.01568693916369,False,560.146,64.9299097086893
Catskill Otay,2655.2200000000003,58.816971851673316,False,560.146,64.9299097086893
Catskill Wicked White Whisky,2553.8199999999997,88.91072980867877,False,560.146,64.9299097086893
Cava Mistinguett Brut,86403.86,43.526874841008265,False,560.146,64.9299097086893
Cavas Hill 1887 Brut Cava,1724.74,10.449111170379306,False,560.146,64.9299097086893
Cave de Tain St Joseph Red,2041.55,85.2597291273787,False,560.146,64.9299097086893
Cave de Tain Syrah,503.64,31.52251608291637,False,560.146,64.9299097086893
Cavicchioli Prosecco,51093.56,34.93318923167617,False,560.146,64.9299097086893
Cavicchioli Sw Italian Spkln,12635.45,34.64245436450622,False,560.146,64.9299097086893
Cavit Alta Luna Phases Rosso,1318.68,85.94351927685263,False,560.146,64.9299097086893
Cavit Alta Luna Pnt Grigio,22166.83,32.58169977394152,False,560.146,64.9299097086893
Cavit Cab Svgn,18346.51,42.090839075115646,False,560.146,64.9299097086893
Cavit Chard,188.79,50.548228190052434,False,560.146,64.9299097086893
Cavit Chardonnay Trentino,53345.65,40.50855130643268,False,560.146,64.9299097086893
Cavit Merlot Trentino,34732.990000000005,34.941347554058375,False,560.146,64.9299097086893
Cavit Moscato,48518.840000000004,22.93673286912883,False,560.146,64.9299097086893
Cavit Pinot Grigio,1157821.76,39.105218945691746,False,560.146,64.9299097086893
Cavit Pinot Grigio Bottega,21852.62,36.842355744986186,False,560.146,64.9299097086893
Cavit Pinot Grigio Del Vene,239.52,33.26653306613226,False,560.146,64.9299097086893
Cavit Pinot Grigio Delle Ve,39744.79,29.958115264918998,False,560.146,64.9299097086893
Cavit Pinot Noir Bottega Vi,359.76,32.88859239492995,False,560.146,64.9299097086893
Cavit Pinot Noir Delle Vene,219943.67,36.45703132026857,False,560.146,64.9299097086893
Cavit Prosecco Lunetta,232084.44,33.39334274496139,False,560.146,64.9299097086893
Cavit Riesling Trentino,68164.31000000001,34.55390459561316,False,560.146,64.9299097086893
Cavit Select Red Blend,647.28,89.40952910641454,False,560.146,64.9299097086893
Caymus Cab Svgn Napa Vly,534970.9199999999,29.393049999801846,False,560.146,64.9299097086893
Caymus Conundrum Red,80228.70999999999,44.65132245052924,False,560.146,64.9299097086893
Caymus Conundrum White,76554.40999999999,42.64879057914494,False,560.146,64.9299097086893
Cazadores Anejo Tequila,389.87,59.81737502244337,False,560.146,64.9299097086893
Cazadores Blanco Tequila,42528.979999999996,31.200795316511233,False,560.146,64.9299097086893
Cazadores Reposado Tequila,69816.12,19.29121506710772,False,560.146,64.9299097086893
Cecchi Bonizio Red Blend,11938.28,44.50984563940535,False,560.146,64.9299097086893
Cecchi Cern Chianti Clsc RSV,8157.42,25.03463104756161,False,560.146,64.9299097086893
Cecchi Chianti Classico,133815.98,33.46480741687204,False,560.146,64.9299097086893
Cecchi Chianti Clsc Rsv Fami,1891.3799999999999,26.339498144212172,False,560.146,64.9299097086893
Cecchi Coevo Wood,4859.18,83.93638432821999,False,560.146,64.9299097086893
Cecchi La Mora Morellino,5129.64,37.47338994549326,False,560.146,64.9299097086893
Cecchi La Mora Vermentino,10349.199999999999,69.01934449039538,False,560.146,64.9299097086893
Cecchi Litorale Vermentino,4416.95,20.36563692140504,False,560.146,64.9299097086893
Cecchi Natio Organic Chianti,735.08,98.57974642215812,False,560.146,64.9299097086893
Cecchi Nobile Montepulciano,7202.0,35.39433490697029,False,560.146,64.9299097086893
Cecchi Sangiovese,153620.59,40.0303891555162,False,560.146,64.9299097086893
Celani Family Cab Svgn,311.96,31.0296191819464,False,560.146,64.9299097086893
Celani Family Chard,610.87,64.58002520994647,False,560.146,64.9299097086893
Cella Lambrusco,71.94,35.446205170975816,False,560.146,64.9299097086893
Cellar No 8 Pnt Nr,8085.28,46.93022381414125,False,560.146,64.9299097086893
Cellier des Dauphines CdR,95.88,33.79224030037547,False,560.146,64.9299097086893
Celtic Honey Liqueur,659.6999999999999,65.93906321055026,False,560.146,64.9299097086893
Cenyth Sonoma Red,2049.62,52.530225114899345,False,560.146,64.9299097086893
Cepa 21 Ribera Duero 06 Tnto,6746.25,35.07504168982768,False,560.146,64.9299097086893
Cercius CdR Vielles V Rouge,429.69,16.139542460843856,False,560.146,64.9299097086893
Ceretto Arneis Blange Lange,742.63,35.81729798149819,False,560.146,64.9299097086893
Cesari Bardolino Chiaretto,4394.5,83.9897599271817,False,560.146,64.9299097086893
Cesari Boscarel,78581.34,30.782956869913384,False,560.146,64.9299097086893
Cesari Jema Corvina Veronese,3292.11,22.144764300099336,False,560.146,64.9299097086893
Cesari Lugana Cento Filari,10768.71,82.18226695676641,False,560.146,64.9299097086893
Cesari Mara Vino di Ripasso,25110.53,37.50366877959166,False,560.146,64.9299097086893
Cesari Recioto Valpolicella,1279.68,35.483870967741936,False,560.146,64.9299097086893
Cesari Sangioves Romagna RS,4945.34,28.60834644331836,False,560.146,64.9299097086893
Cesari Valpo Classico,989.34,73.60967918005943,False,560.146,64.9299097086893
Cesari Valpolicella Clsc Am,67757.69,59.16354291298892,False,560.146,64.9299097086893
Ch Alie d'Argent Mout-Rth 12,2969.73,62.20868563808831,False,560.146,64.9299097086893
Ch Alter Ego 10 Brdx,2249.8199999999997,88.81377176840813,False,560.146,64.9299097086893
Ch Angelus 09 St Emilion,5099.83,57.430737887341344,False,560.146,64.9299097086893
Ch Angelus 10,6935.83,31.505674158680364,False,560.146,64.9299097086893
Ch Angelus 10 Brdx,3239.94,32.432082075593996,False,560.146,64.9299097086893
Ch Angelus 11 Brdx,2799.9,32.4333011893282,False,560.146,64.9299097086893
Ch Angelus 12 St Emilion,5585.860000000001,70.84567103364567,False,560.146,64.9299097086893
Ch Angelus Saint Emilion,2929.9,34.639407488310184,False,560.146,64.9299097086893
Ch Beaucastel Chtnf Pap,9799.019999999999,27.891156462585027,False,560.146,64.9299097086893
Ch Beaucastel Coud Rouge,9303.18,31.888881006279572,False,560.146,64.9299097086893
Ch Beauchene CDR White RSV,21778.01,30.54888853481103,False,560.146,64.9299097086893
Ch Beauchene Chtnf Pape RSV,184491.55,29.602580714401284,False,560.146,64.9299097086893
Ch Beauchene Cotes du Rhone,391223.66,34.91878107892449,False,560.146,64.9299097086893
Ch Beauchene Rose,31591.08,32.49774936469408,False,560.146,64.9299097086893
Ch Beaulieu Grand Vin Brdx,13600.44,29.43044489737097,False,560.146,64.9299097086893
Ch Beaulieu Lalande de Pomer,5572.719999999999,25.83872866391996,False,560.146,64.9299097086893
Ch Beaulieu Rose Cote d Prov,575.04,34.557595993322195,False,560.146,64.9299097086893
Ch Beausejour Pentimento,575.76,38.89120466861192,False,560.146,64.9299097086893
Ch Behere Courtin Pauillac,2654.55,93.91233919120002,False,560.146,64.9299097086893
Ch Bellevue Lussac St Emili,3342.48,25.75572628706829,False,560.146,64.9299097086893
Ch Bellevue Mondotte 10 Brdx,1559.97,31.973691801765412,False,560.146,64.9299097086893
Ch Bellevue St-Emil 09 Gr Cr,1819.74,69.23076923076924,False,560.146,64.9299097086893
Ch Bellevue-Mondotte 11 Emil,1889.91,35.06357445592648,False,560.146,64.9299097086893
Ch Bernadotte 10 Haut Medoc,1539.56,57.633728684386014,False,560.146,64.9299097086893
Ch Bernadotte Haut-Medoc 11,1074.57,77.49797593455988,False,560.146,64.9299097086893
Ch Bois du Fil Brdx,179.88,34.2228152101401,False,560.146,64.9299097086893
Ch Bonnet Red,7606.639999999999,28.382571016901014,False,560.146,64.9299097086893
Ch Boston Margaux,6454.87,10.547230230817965,False,560.146,64.9299097086893
Ch Bouscaut Rouge 11 GCG,1609.54,64.01953353131951,False,560.146,64.9299097086893
Ch Boyd Cantenac Margaux,4179.62,70.96003942942181,False,560.146,64.9299097086893
Ch Branaire Ducru 10 Brdx,5417.570000000001,95.28589386016239,False,560.146,64.9299097086893
Ch Brane Cantenac Margaux 11,649.9,41.560240036928754,False,560.146,64.9299097086893
Ch Brane-Cantenac Margaux 01,8579.22,27.574534747914143,False,560.146,64.9299097086893
Ch Brannon 12 Pessac-Leognan,1709.8100000000002,51.199256057690626,False,560.146,64.9299097086893
Ch Bruni Brdx Superieur,5462.19,89.10931329741368,False,560.146,64.9299097086893
Ch Calon 12 Segur St-Estphe,5015.43,58.864544017163034,False,560.146,64.9299097086893
Ch Canon Saint Emilion,1689.8700000000001,47.31547397137059,False,560.146,64.9299097086893
Ch Canon St Emilion Gr Cr 11,1396.89,87.46071630550722,False,560.146,64.9299097086893
Ch Cantegril Sauternes 11,449.74999999999994,70.0633685380767,True,560.146,64.9299097086893
Ch Cantemerie 12 Haut-Medoc,2172.4700000000003,98.71666812430091,False,560.146,64.9299097086893
Ch Cantenac Brown Margaux 11,1799.6999999999998,82.10368394732455,False,560.146,64.9299097086893
Ch Capbern Gasqueton St Este,6000.929999999999,1.837548513313762,False,560.146,64.9299097086893
Ch Carignan Brdx,39131.7,32.958394345249495,False,560.146,64.9299097086893
Ch Castel Maures 15 Rose Cuv,9147.97,32.37275592289875,False,560.146,64.9299097086893
Ch Certan De May de Certan,1259.93,62.15662774916068,False,560.146,64.9299097086893
Ch Chantelune Margaux,4199.16,88.40482382190724,False,560.146,64.9299097086893
Ch Cheval Bl 12 St-Emilion,4439.94,35.06533872079352,False,560.146,64.9299097086893
Ch Cheval Blanc 10 Brdx,17599.92,42.05286160391637,False,560.146,64.9299097086893
Ch Cheval Blanc St Emil 11,8099.91,31.507016744630494,False,560.146,64.9299097086893
Ch Clerc Milon 10,3023.76,91.49634891658069,False,560.146,64.9299097086893
Ch Clerc Milon 12 Pauillac,629.91,85.56936705243606,False,560.146,64.9299097086893
Ch Clerc Milon Pauillac 11,1747.77,97.00132168420329,False,560.146,64.9299097086893
Ch Clinet 10 Brdx,1574.93,52.382010629043826,False,560.146,64.9299097086893
Ch Clos Fourtet 10 Brdx,533.97,35.485139614585094,False,560.146,64.9299097086893
Ch Clos Fourtet 12 St-Emilin,5499.45,86.57665766576658,False,560.146,64.9299097086893
Ch Clos d'Estournel 11 Est,1799.92,42.05298013245034,False,560.146,64.9299097086893
Ch Corconnac Svgn Bl,5661.639999999999,87.73217654248593,False,560.146,64.9299097086893
Ch Cos D'Estournel 10,7517.790000000001,36.082279499693406,False,560.146,64.9299097086893
Ch Cos d'Estournel 10,2699.94,42.92280569197835,False,560.146,64.9299097086893
Ch Cos d'Estournel St-Est 12,2969.8500000000004,36.072865632944435,False,560.146,64.9299097086893
Ch Coufran Haut Medoc 10,689.77,62.81514127897705,False,560.146,64.9299097086893
Ch Coutet Sauternes-Barsc 10,874.9300000000001,71.04339775753489,False,560.146,64.9299097086893
Ch Croix de Jaugue St Emilio,6589.53,34.64981569246973,False,560.146,64.9299097086893
Ch D'Arcins Haut Medoc,15291.73,39.72153575821703,False,560.146,64.9299097086893
Ch D'Issan 10 Brdx,5543.5599999999995,92.6211676251362,False,560.146,64.9299097086893
Ch D'Yquem 05 Lur Saluces,12599.789999999999,38.03031637828884,False,560.146,64.9299097086893
Ch Daqueria Tavel Rose,19595.37,38.74695910309425,False,560.146,64.9299097086893
Ch Deux Rocs Premices Red,1948.5,20.554272517321014,False,560.146,64.9299097086893
Ch Doisy Daene Gr Vin Sec 10,1101.62,58.715346489715145,False,560.146,64.9299097086893
Ch Doisy Daene Sauternes 10,961.87,42.442325886034496,False,560.146,64.9299097086893
Ch Doisy-Daene Sauternes 11,419.85999999999996,85.61663411613395,True,560.146,64.9299097086893
Ch Donjon Minervois Rose,1279.2,89.99999999999999,False,560.146,64.9299097086893
Ch Ducru Beaucaillau St-Juli,3233.79,44.17077175697865,False,560.146,64.9299097086893
Ch Ducru Beaucaillou 11 Jul,1499.9,80.26268417894526,False,560.146,64.9299097086893
Ch Ducru Beaucaillou 12 St J,3564.7700000000004,65.89962325760148,False,560.146,64.9299097086893
Ch Ducru Beaucallou 10,7199.82,81.72523757538383,False,560.146,64.9299097086893
Ch Dupray St-Emilion,2098.95,51.59865647109269,False,560.146,64.9299097086893
Ch Fage Graves de Vayres,12169.85,32.76235943746225,False,560.146,64.9299097086893
Ch Floreal Laguens Brdx,3761.2999999999997,80.88161008162072,False,560.146,64.9299097086893
Ch Fonroque St Emilion 10,103.98,67.53221773417964,True,560.146,64.9299097086893
Ch Fontenil Fronsac 10,899.8,62.579462102689476,False,560.146,64.9299097086893
Ch Fougere La Noble Rouge,4550.42,57.77554599355664,False,560.146,64.9299097086893
Ch Francs Brdx CdFrancs,12317.75,50.08016886200808,False,560.146,64.9299097086893
Ch Fugue de Nenin 09,173.94,54.949982752673336,False,560.146,64.9299097086893
Ch Fuisse Pouilly Fuisse 12,1399.72,97.55379647358043,False,560.146,64.9299097086893
Ch Fuisse Pouilly Fuisse Les,809.85,72.4171142804223,False,560.146,64.9299097086893
Ch Fuisse Pouilly Fuisse Tet,6010.33,92.1538418023636,False,560.146,64.9299097086893
Ch Gassier Espirit CdProvenc,14445.97,29.928692915740513,False,560.146,64.9299097086893
Ch Gassier Pas du Moine Vict,8851.15,24.9080627941002,False,560.146,64.9299097086893
Ch Giscours 10,1393.83,92.20851897290201,False,560.146,64.9299097086893
Ch Giscours Margaux 06,1924.45,70.90493387721169,False,560.146,64.9299097086893
Ch Giscours Margaux 07,1799.7000000000003,18.319164305161983,False,560.146,64.9299097086893
Ch Giscours Margaux 11 Gr Cr,1023.84,79.4401468979528,False,560.146,64.9299097086893
Ch Giscours Margaux 12,10228.35,83.25477716347211,False,560.146,64.9299097086893
Ch Gloria St Julien 12,1907.4699999999998,85.20343701342617,False,560.146,64.9299097086893
Ch Godeau St Emilion 10 Cru,125.97,77.16916726204651,True,560.146,64.9299097086893
Ch Grand Leoville 10 Brdx,8459.82,40.34293873864928,False,560.146,64.9299097086893
Ch Grand Puy-Lacoste 12 Paul,1349.82,96.32099094694107,False,560.146,64.9299097086893
Ch Grand Renom Brdx Bl 14,14807.65,32.860717264386984,False,560.146,64.9299097086893
Ch Graves de Pez St Estephe,4738.42,94.83372094495634,False,560.146,64.9299097086893
Ch Graville Lacoste Graves,23793.39,26.65198191598591,False,560.146,64.9299097086893
Ch Greysac,82308.23999999999,32.84754964994999,False,560.146,64.9299097086893
Ch Gruaud Larose 11 St Julin,2719.66,77.83950935043352,False,560.146,64.9299097086893
Ch Guiraud Sauternes 10,2855.66,63.73727964813738,False,560.146,64.9299097086893
Ch Haut Bages Liberal Paulic,741.86,85.32472434151997,False,560.146,64.9299097086893
Ch Haut Bailey 10 Brdx,1979.91,77.01107626104216,False,560.146,64.9299097086893
Ch Haut Bailly Pessac-Leogan,1623.8600000000001,85.22224822336901,False,560.146,64.9299097086893
Ch Haut Beausejour 11 Esteph,809.6999999999999,93.33456835865135,False,560.146,64.9299097086893
Ch Haut Branda Brdx Rouge,298.73,25.765741639607683,False,560.146,64.9299097086893
Ch Haut Brion 10,29899.769999999997,52.00448030202238,False,560.146,64.9299097086893
Ch Haut Brion Pessac-Leognan,2279.97,31.972789115646254,False,560.146,64.9299097086893
Ch Haut Gravet Saint-Emillon,7798.05,98.33484012028649,False,560.146,64.9299097086893
Ch Haut Marbuzet St Estephe,1080.77,83.16755646437262,False,560.146,64.9299097086893
Ch Haut Piquat 09,626.67,95.84789442609349,False,560.146,64.9299097086893
Ch Haut-Bailly 09 Pessac Brd,2526.8100000000004,96.58225193029946,False,560.146,64.9299097086893
Ch Haut-Bailly 10,4759.72,61.38932542250384,False,560.146,64.9299097086893
Ch Haut-Brion Pessac 09 Brdx,3599.96,49.32443693818821,False,560.146,64.9299097086893
Ch Haut-BrionPessac-Leo Gr C,299.99,35.484516150538354,False,560.146,64.9299097086893
Ch Haut-Robert 10,3494.82,90.0750253231926,False,560.146,64.9299097086893
Ch Hermitage Mazeyres Pomerl,332.91,13.41804091195819,False,560.146,64.9299097086893
Ch Hyot Brdx Castillon,43333.34,19.988812309413493,False,560.146,64.9299097086893
Ch Hyot Castillon Brdx,629.82,92.38830141945319,False,560.146,64.9299097086893
Ch Jean De Gue Lalande 10,386.91,62.21343464888476,False,560.146,64.9299097086893
Ch Jean de Gue Lalande de Po,3759.06,74.96608194601842,False,560.146,64.9299097086893
Ch Julien Royalty Red,63.48,34.97164461247637,False,560.146,64.9299097086893
Ch L'Eglise Clinet 10,2096.97,31.973275726405237,False,560.146,64.9299097086893
Ch L'Englise Clinet St Emiln,947.94,35.06551047534655,False,560.146,64.9299097086893
Ch La Bouree Castillion Brdx,2216.7999999999997,64.50424034644533,False,560.146,64.9299097086893
Ch La Cardone Medoc 09,2858.5699999999997,84.2998422288067,False,560.146,64.9299097086893
Ch La Croix Lartigue 09,3937.9900000000002,99.36134931779918,False,560.146,64.9299097086893
Ch La Croix de Beaucailou 10,2944.69,97.82048365023144,False,560.146,64.9299097086893
Ch La Croix du Duc Brdx,505.54,30.458519602800965,False,560.146,64.9299097086893
Ch La Dom St Emil Gr Cru 09,334.95,73.33333333333334,True,560.146,64.9299097086893
Ch La Fleur Patris-Querre 09,493.80999999999995,96.39537473927219,True,560.146,64.9299097086893
Ch La Gordonne Chapelle Rose,167.94,88.74002619983328,True,560.146,64.9299097086893
Ch La Gordonne Rose,23704.309999999998,30.156034915169432,False,560.146,64.9299097086893
Ch La Gr Metaine Entre Mers,10407.95,23.401630484389347,False,560.146,64.9299097086893
Ch La Louviere Pssc-Leg Roug,727.7199999999999,68.84516022646072,False,560.146,64.9299097086893
Ch La Mission 09 Blanc Pessc,15199.809999999998,35.065438317978966,False,560.146,64.9299097086893
Ch La Mission 09 HB Pessac,10399.869999999999,39.66809200499621,False,560.146,64.9299097086893
Ch La Mission 12 Haut Brion,4979.85,45.94535979999398,False,560.146,64.9299097086893
Ch La Mission Haut Brion 07,3647.84,35.78665730953112,False,560.146,64.9299097086893
Ch La Mission Haut Brion 10,9849.5,38.77404944413422,False,560.146,64.9299097086893
Ch La Mission Haut Brion 11,1759.96,31.97345394213505,False,560.146,64.9299097086893
Ch La Mission Haut Brion P-L,3149.9300000000003,33.774083868530425,False,560.146,64.9299097086893
Ch La Mission Haut-Brion 10,32999.7,33.78976172510659,False,560.146,64.9299097086893
Ch La Mondot 10,1283.97,32.43300077104605,False,560.146,64.9299097086893
Ch La Mondotte 09 St Emilion,1479.96,50.0,False,560.146,64.9299097086893
Ch La Rousseliere St Estephe,36747.55,32.42406636632919,False,560.146,64.9299097086893
Ch LaGrange 10 Brdx,5511.4800000000005,92.09649676674867,False,560.146,64.9299097086893
Ch Lacoste-Borie Pauillac 10,644.85,73.33333333333333,False,560.146,64.9299097086893
Ch Lafaurie-Peyragey Saut 10,4454.45,63.638608582428816,False,560.146,64.9299097086893
Ch Lafite Rothschild 10 Brdx,19199.88,42.52880747171336,False,560.146,64.9299097086893
Ch Lafite Rothschild 12,9749.85,72.41372944199142,False,560.146,64.9299097086893
Ch Lafitite Rothschild Pa 11,8549.91,77.62853644073446,False,560.146,64.9299097086893
Ch Lafon-Rochet St Estphe 10,4730.429999999999,58.12262310191674,False,560.146,64.9299097086893
Ch Lagrange 10,1063.86,95.20613614573345,False,560.146,64.9299097086893
Ch Lalande Boire 10 Brdx,2015.5200000000002,94.58799714217672,False,560.146,64.9299097086893
Ch Lalande Borie 11 Julien,1471.54,81.76604101825299,False,560.146,64.9299097086893
Ch Lamothe de Haux Brdx Wh,20154.56,37.55368512138196,False,560.146,64.9299097086893
Ch Lancyre Languedoc Rose,11507.939999999999,34.22193720161905,False,560.146,64.9299097086893
Ch Langoa Barton St Julien,1563.77,73.73846537534293,False,560.146,64.9299097086893
Ch Larose Trintaudon 09,18640.23,33.14782060092607,False,560.146,64.9299097086893
Ch Lascombes 10 Brdx,2879.84,53.85854769709428,False,560.146,64.9299097086893
Ch Lassegue 05 GC St Emilion,4166.57,83.61049976359452,False,560.146,64.9299097086893
Ch Lassegue 07 St Emilion AC,2837.42,74.60404169985408,False,560.146,64.9299097086893
Ch Le Bon Pasteur 10 Brdx,1624.87,48.37125431572987,False,560.146,64.9299097086893
Ch Le Gay Pomerol,6399.36,76.77392739273927,False,560.146,64.9299097086893
Ch Le Petite Mouton 12 Pauil,3509.7400000000002,84.19370095790572,False,560.146,64.9299097086893
Ch Leoville Barton 10 St Jul,4159.68,91.83014078005999,False,560.146,64.9299097086893
Ch Leoville Barton 12 St Jul,10898.91,73.19135583283098,False,560.146,64.9299097086893
Ch Leoville Barton St Julien,3254.6499999999996,94.47037315840413,False,560.146,64.9299097086893
Ch Leoville Las Cases 11 Jul,1999.9,79.99949997499876,False,560.146,64.9299097086893
Ch Leoville Las Cases St-Jul,1639.92,58.88214059222402,False,560.146,64.9299097086893
Ch Leoville-Barton Gr Cru 09,3959.76,45.17344485524376,False,560.146,64.9299097086893
Ch Les Carruades 11 Lafitte,4179.81,96.58238053882833,False,560.146,64.9299097086893
Ch Les Flefs de LaGrange 10,494.89,58.40085675604679,False,560.146,64.9299097086893
Ch Les Granges Brdx,3399.37,93.29522823346679,False,560.146,64.9299097086893
Ch Les Ormes Saint-Julien,6668.85,84.4530916124969,False,560.146,64.9299097086893
Ch Lestiac Cotes de Bordeaux,9.49,35.08956796628029,False,560.146,64.9299097086893
Ch Lilian 09 Ladouys St Este,665.82,71.33159112072333,False,560.146,64.9299097086893
Ch Lynch Bages 12 Pauillac,19078.41,86.93056706507514,False,560.146,64.9299097086893
Ch Lynch Bages Paulliac 11,9799.300000000001,94.32347208474074,False,560.146,64.9299097086893
Ch Lynch Moussas Pauilac,1079.7,84.94581828285635,False,560.146,64.9299097086893
Ch M Vert Lussac St Emilion,73899.59,39.91544472709524,False,560.146,64.9299097086893
Ch Macard Brdx Superieur,80436.34,27.742684463266226,False,560.146,64.9299097086893
Ch Magdelaine 10 St Emilion,3739.66,87.82884005497826,False,560.146,64.9299097086893
Ch Magrez Fombrauge 09,4419.66,39.56774955539566,False,560.146,64.9299097086893
Ch Maine d'Arman Cote Bourg,3867.04,24.008026811204438,False,560.146,64.9299097086893
Ch Malartic Lagravier 12 RG,6248.75,86.30126025205041,False,560.146,64.9299097086893
Ch Malartic-Lagraviere 10,245.97,35.47993657763142,False,560.146,64.9299097086893
Ch Malartic-Lagraviere Rouge,235.96,67.10459399898288,True,560.146,64.9299097086893
Ch Margaux 12 Margaux,4769.91,24.41366818241854,False,560.146,64.9299097086893
Ch Marquis d'Alesme,443.88,31.981616653149498,False,560.146,64.9299097086893
Ch Marquis de Terme 12 Mrgx,3338.37,86.05906475315798,False,560.146,64.9299097086893
Ch Martinon Brdx Rouge,3637.69,34.31738273464754,False,560.146,64.9299097086893
Ch Massiac Viognier,764.49,22.065690852725353,False,560.146,64.9299097086893
Ch Maycott Red,10.49,35.081029551954245,False,560.146,64.9299097086893
Ch Messile Aubert Montgne St,4266.0599999999995,85.42050510306933,False,560.146,64.9299097086893
Ch Monbousquet 10 Brdx,1049.86,65.75543405787438,False,560.146,64.9299097086893
Ch Moncontour Vouvray Demi S,474.7099999999999,42.36481220113331,False,560.146,64.9299097086893
Ch Monestier La Tour Blanc,179.88,42.96197464976651,False,560.146,64.9299097086893
Ch Monet,7931.04,27.311172305271448,False,560.146,64.9299097086893
Ch Montaud Cotes de Prov Rse,328398.06,41.369020267659316,False,560.146,64.9299097086893
Ch Montaud Cotes de Provence,34638.869999999995,36.17568933397653,False,560.146,64.9299097086893
Ch Montelena Cab Svgn 2006,2029.8600000000001,24.31399209797721,False,560.146,64.9299097086893
Ch Montelena Cab Svgn Napa,88927.92,57.75860944459288,False,560.146,64.9299097086893
Ch Montelena Chard Napa,32387.620000000003,27.736338761539137,False,560.146,64.9299097086893
Ch Montelena Est Cab Svgn Np,909.9300000000001,72.1703867330454,False,560.146,64.9299097086893
Ch Montrose 10,18589.39,52.30049909376217,False,560.146,64.9299097086893
Ch Motte Maucourt Brdx,179.88,34.62308205470313,False,560.146,64.9299097086893
Ch Moulin de Pillardot 10,3132.15,80.24360263716618,False,560.146,64.9299097086893
Ch Moulin de la Rose St-Juln,5983.12,74.66171495808209,False,560.146,64.9299097086893
Ch Mouton Rothschild 11 Paui,12599.82,27.700951283431035,False,560.146,64.9299097086893
Ch Mouton Rothschild 12 Paui,16919.64,72.4063277942084,False,560.146,64.9299097086893
Ch Muraires Cd Provence Rose,15612.19,28.196492612503434,False,560.146,64.9299097086893
Ch Musar Hochar Red,329.89,81.44836157507048,True,560.146,64.9299097086893
Ch Musar Jeune Rouge,239.88,31.96598299149575,False,560.146,64.9299097086893
Ch Mylord Cuvee Milady,15534.529999999999,35.335282110240854,False,560.146,64.9299097086893
Ch Nicot Bordeaux,10374.51,4.356928664582715,False,560.146,64.9299097086893
Ch Olivier 10 Blanc Pessac-L,3722.27,81.73695083913849,False,560.146,64.9299097086893
Ch Olivier Pessac-Leognan 10,3365.34,76.76995489311629,False,560.146,64.9299097086893
Ch Pagodes de Cos 10 Brdx,99.99,67.53675367536755,True,560.146,64.9299097086893
Ch Palmer Margaux,2379.9300000000003,31.50680902379482,False,560.146,64.9299097086893
Ch Palmer Margaux 09 Medoc,7819.7699999999995,64.01735600919208,False,560.146,64.9299097086893
Ch Pape Clement 12 Pess-Leog,5599.5,72.36753281542995,False,560.146,64.9299097086893
Ch Pape Clement Bl Gr Cru 11,2199.8900000000003,57.85789289464475,False,560.146,64.9299097086893
Ch Pape Clement Pess leognan,4231.54,67.3225350581585,False,560.146,64.9299097086893
Ch Paradis Rose Cotes D Prov,8716.289999999999,27.37299929213001,False,560.146,64.9299097086893
Ch Pavie 10 Brdx,3779.9300000000003,31.50613900257413,False,560.146,64.9299097086893
Ch Pavie Macquin St Emiln 11,2213.73,67.68395423109413,False,560.146,64.9299097086893
Ch Pavie St Emilion 11 Gr Cr,2759.88,49.323883647115096,False,560.146,64.9299097086893
Ch Perron Brdx Rouge,263.88,33.78808549340609,False,560.146,64.9299097086893
Ch Pesquie Cotes du Ventoux,23685.079999999998,42.9368829122936,False,560.146,64.9299097086893
Ch Pesquie Quint Ventoux Red,263.88,35.470668485675304,False,560.146,64.9299097086893
Ch Petit Bocq Cru Borgeos 10,319.9,93.37605501719287,True,560.146,64.9299097086893
Ch Pez 12 St-Estephe,3211.27,99.11623750105099,False,560.146,64.9299097086893
Ch Phelan Segur St Estephe,835.7800000000001,76.23297997080572,False,560.146,64.9299097086893
Ch Phelan Segur St-Estphe 12,5648.87,91.84863521376842,False,560.146,64.9299097086893
Ch Pichon Baron Pauillac 12,4349.700000000001,35.485205876267344,False,560.146,64.9299097086893
Ch Pichon Long Comtesse L 12,12609.03,72.64841149557103,False,560.146,64.9299097086893
Ch Pichon Longevile 11 Comts,4199.700000000001,86.48617758411315,False,560.146,64.9299097086893
Ch Pichon Longueville Rsv Co,2099.72,92.99763778027547,False,560.146,64.9299097086893
Ch Pichon Longville 12 Pauil,14499.0,64.70763500931098,False,560.146,64.9299097086893
Ch Picon Longueville Comt 10,2309.9300000000003,43.234643474044674,False,560.146,64.9299097086893
Ch Pitot Brdx,5290.75,89.06090818882011,False,560.146,64.9299097086893
Ch Plaisance Cuvee Alix Roug,4290.110000000001,51.12223229707398,False,560.146,64.9299097086893
Ch Pontet Canet 12 Pauillac,2947.78,50.14383705703953,False,560.146,64.9299097086893
Ch Poujeaux 10 Moulis,866.83,77.08201146706968,False,560.146,64.9299097086893
Ch Rauzan Segla Margaux 09,319.98,66.66666666666667,True,560.146,64.9299097086893
Ch Rauzan-Segla 10 Brdx,1469.93,62.15602103501527,False,560.146,64.9299097086893
Ch Rauzan-Segla Gr Cru 08 Ma,5199.349999999999,29.96778443459278,False,560.146,64.9299097086893
Ch Rayne Vigneau Sauternes,2319.6,84.48396275219865,False,560.146,64.9299097086893
Ch Reserve d La Cometesse 11,689.85,95.4337899543379,False,560.146,64.9299097086893
Ch Reserve de la Comtesse 12,5779.77,96.07475730003098,False,560.146,64.9299097086893
Ch Rieussec Gr Cru 10 Sauter,3499.7200000000003,60.591133004926114,False,560.146,64.9299097086893
Ch Rol Valentin 10,2943.54,57.97101449275361,False,560.146,64.9299097086893
Ch Rollan de By Medoc,5197.92,92.15070643642072,False,560.146,64.9299097086893
Ch Roumier-Lacoste Barsac W,74.97,31.052420968387356,False,560.146,64.9299097086893
Ch Smith Haut Lafitte 12,9015.02,58.90857701924123,False,560.146,64.9299097086893
Ch Smith Haut Lafitte 12 Whi,3869.7000000000003,79.72866113652222,False,560.146,64.9299097086893
Ch St Jean Alexander Cab Svg,24789.699999999997,52.91310503959304,False,560.146,64.9299097086893
Ch St Jean Belle Terre Chard,65146.54,54.41587534809983,False,560.146,64.9299097086893
Ch St Jean Cab Svgn Cal,194248.56,41.21578044130674,False,560.146,64.9299097086893
Ch St Jean Chard California,251277.02,38.22755459293492,False,560.146,64.9299097086893
Ch St Jean Chard Sonoma Cst,118760.95000000001,25.489607484615114,False,560.146,64.9299097086893
Ch St Jean Cinq Cep Cab Svgn,1359.83,83.77150084937087,False,560.146,64.9299097086893
Ch St Jean Merlot Cal,108735.86,42.00887361354387,False,560.146,64.9299097086893
Ch St Jean Pnt Nr,140286.33,40.565705867421286,False,560.146,64.9299097086893
Ch St Jean Pnt Nr Sonoma Cst,12140.27,52.307403377354866,False,560.146,64.9299097086893
Ch St Jean Soiree Red,9886.62,55.48306701380249,False,560.146,64.9299097086893
Ch St Jean Svgn Bl Sonoma,18418.59,43.65448169485286,False,560.146,64.9299097086893
Ch St Louis Vieux Galvesse L,5266.9,28.555696899504447,False,560.146,64.9299097086893
Ch St Michel Brdx Superur,9696.609999999999,42.74081354205232,False,560.146,64.9299097086893
Ch St Pierre Rose,13631.49,37.587013598660164,False,560.146,64.9299097086893
Ch St Sulpice,39737.19,49.23863514254531,False,560.146,64.9299097086893
Ch St Sulpice Brdx Blanc,6746.08,21.386642316723197,False,560.146,64.9299097086893
Ch St Sulpice Rose 13,2039.43,87.99860745404354,False,560.146,64.9299097086893
Ch St-Roch Chimeres CdRoussi,735.54,15.816950811648574,False,560.146,64.9299097086893
Ch Ste Michelle Cab Svgn,2132.08,19.66155116130727,False,560.146,64.9299097086893
Ch Ste Michelle Cab Svgn Col,344457.47,41.09459434861435,False,560.146,64.9299097086893
Ch Ste Michelle Canoe Rdg Me,10817.029999999999,23.365840715982113,False,560.146,64.9299097086893
Ch Ste Michelle Canoe Rdge C,16602.11,35.22702837169492,False,560.146,64.9299097086893
Ch Ste Michelle Chard Colmbi,431702.35,31.30968362808309,False,560.146,64.9299097086893
Ch Ste Michelle Chard Mimi,649.35,37.62993762993763,False,560.146,64.9299097086893
Ch Ste Michelle Col Solare R,3609.3,22.59995012883385,False,560.146,64.9299097086893
Ch Ste Michelle Cold Ck Cab,3320.73,35.55633851592873,False,560.146,64.9299097086893
Ch Ste Michelle Cold Crk Cha,1766.1,67.41294377441821,False,560.146,64.9299097086893
Ch Ste Michelle Cold Crk Mer,2730.92,37.990127868996524,False,560.146,64.9299097086893
Ch Ste Michelle Cold Crk Rsl,851.4,23.890063424947144,False,560.146,64.9299097086893
Ch Ste Michelle Eroica Rsl W,28382.239999999998,27.15345934640817,False,560.146,64.9299097086893
Ch Ste Michelle Gewurz Colum,46415.01,34.982261126303754,False,560.146,64.9299097086893
Ch Ste Michelle Harvest Rsl,106909.75,35.47750322117487,False,560.146,64.9299097086893
Ch Ste Michelle Hrse Hvn Svg,38426.67,40.5148559581145,False,560.146,64.9299097086893
Ch Ste Michelle Indn W Chard,46484.54,39.391462193666975,False,560.146,64.9299097086893
Ch Ste Michelle Indn Wl Merl,22766.14,32.410720482260054,False,560.146,64.9299097086893
Ch Ste Michelle Indn Wls Cab,113285.56,32.30946644921029,False,560.146,64.9299097086893
Ch Ste Michelle Indn Wls Red,21352.97,38.95931104666002,False,560.146,64.9299097086893
Ch Ste Michelle Merlot Colum,110289.15,42.20941951225483,False,560.146,64.9299097086893
Ch Ste Michelle Pnt Gris Was,53878.520000000004,39.549787187918305,False,560.146,64.9299097086893
Ch Ste Michelle Rsl,259038.34,39.91672815692071,False,560.146,64.9299097086893
Ch Ste Michelle Rsl Dry Colu,69809.95,36.72857522459191,False,560.146,64.9299097086893
Ch Ste Michelle Svgn Bl,167048.27,39.75419200689716,False,560.146,64.9299097086893
Ch Suau Cadillac Wh Brdx,71.94,33.778148457047536,False,560.146,64.9299097086893
Ch Suduiraut Sauternes 10,1637.87,78.77975663514198,False,560.146,64.9299097086893
Ch Talbot St Julien 11 GC,439.92,67.73958901618475,True,560.146,64.9299097086893
Ch Talbot St-Julien 12 GCC,5855.04,86.47319232661091,False,560.146,64.9299097086893
Ch Tanunda Gr Barossa Cab Sv,4326.349999999999,14.746610884463795,False,560.146,64.9299097086893
Ch Tanunda Gr Barossa Rsl,2089.13,65.09216755300054,False,560.146,64.9299097086893
Ch Tanunda Gr Barossa Shiraz,11021.59,33.13305974909247,False,560.146,64.9299097086893
Ch Tertre de Viaud C d Bourg,2841.63,79.03738347356973,False,560.146,64.9299097086893
Ch Thivin Cote de Brouilly,528.77,85.31497626567317,True,560.146,64.9299097086893
Ch Troplong Mondot 10 Brdx,719.97,33.334722280095,False,560.146,64.9299097086893
Ch Valcombe Rose Ventoux,223.86,43.607611900294835,False,560.146,64.9299097086893
Ch Valfontaine 10,2937.06,77.01919606681511,False,560.146,64.9299097086893
Ch Vignot 05 St Emilion Red,824.89,87.96203130114318,False,560.146,64.9299097086893
Ch Vignot 09 St Emilion Gr C,2291.63,36.27287127503132,False,560.146,64.9299097086893
Ch Vincens 15 L'Instant M Rs,3728.13,9.634052460616987,False,560.146,64.9299097086893
Ch Vrai Caillou Wh Brdx,8367.65,35.702258101139506,False,560.146,64.9299097086893
Ch d'Yquem Sauternes,2573.91,56.98917211557514,False,560.146,64.9299097086893
Ch de Beaucastel Pape Blanc,999.9200000000001,82.87663013041043,False,560.146,64.9299097086893
Ch de Beaucastel Pape Rouge,823.96,49.99878634885189,False,560.146,64.9299097086893
Ch de Berne Rose,449.7,67.80965087836336,True,560.146,64.9299097086893
Ch de Bonhoste Red Brdx 09,101.94,78.94840102020795,True,560.146,64.9299097086893
Ch de Carles Brdx,48192.9,34.64203233256352,False,560.146,64.9299097086893
Ch de Chantegrive Graves Rou,2174.25,98.23387374956882,False,560.146,64.9299097086893
Ch de Jarnioux Bjls,3886.05,95.74169143474737,False,560.146,64.9299097086893
Ch de Mattes Corbieres 13,1483.65,19.150743099787693,False,560.146,64.9299097086893
Ch de Montfort Vouvray,30814.33,28.424405138777963,False,560.146,64.9299097086893
Ch de Pez 10 St Estephe Brdx,558.87,45.046254048347556,False,560.146,64.9299097086893
Ch de Pierreux Brouilly Rsv,1681.34,87.4671393055539,False,560.146,64.9299097086893
Ch de Reynaud Cotes du Bourg,4367.7,13.896329876136178,False,560.146,64.9299097086893
Ch de Ribebon Brdx,44610.24,18.456323032559332,False,560.146,64.9299097086893
Ch de Sancerre Sancerre,27899.89,36.10067996683858,False,560.146,64.9299097086893
Ch de la Chaize Brouilly,42582.64,6.336291033153407,False,560.146,64.9299097086893
Ch de la Ragotiere Muscadet,8782.35,26.378019550575875,False,560.146,64.9299097086893
Ch des Labourons Fleurie Rou,1064.29,22.652660459085403,False,560.146,64.9299097086893
Ch du Courlat 10,5747.7,85.31116794543905,False,560.146,64.9299097086893
Ch du Levant Sauternes,2958.15,33.497625204942274,False,560.146,64.9299097086893
Ch du Parc Brdx Rouge,1207.99,49.39693209380873,False,560.146,64.9299097086893
Ch la Cour d'Argent Bordeaux,1119.84,44.34740677239605,False,560.146,64.9299097086893
Ch la Pointe Pomerol,2559.2,83.06345733041574,False,560.146,64.9299097086893
Ch le Borderon Haut-Medoc,10387.529999999999,10.838283980888606,False,560.146,64.9299097086893
Chalk Hill Chard,45165.77,35.34191933404435,False,560.146,64.9299097086893
Chalk Hill Chard RRV,17940.58,29.899256322816775,False,560.146,64.9299097086893
Chalk Hill Estate Red,8408.36,37.44475736053167,False,560.146,64.9299097086893
Chalk Hill Pnt Nr RRV,12911.310000000001,86.18195984760648,False,560.146,64.9299097086893
Chambers Rosewood Muscat,1175.02,79.18418409899405,False,560.146,64.9299097086893
Chambord Liqueur de France,42048.37,23.5596528474231,False,560.146,64.9299097086893
Chambord Royale de France,452457.21,30.691101645892367,False,560.146,64.9299097086893
Chambord Vodka,35.98,63.507504168982756,False,560.146,64.9299097086893
Champagne Malard Grand Cru B,1149.77,97.1394278855771,False,560.146,64.9299097086893
Champagne Pommerey 04 Gr Cru,14797.04,52.11515276028179,False,560.146,64.9299097086893
Champalou Vouvray Cuvee Fon,5635.08,25.182961022736144,False,560.146,64.9299097086893
Champlain Orchards Ice Cider,12371.24,29.028941318736035,False,560.146,64.9299097086893
Champlain Orchards Sprklng C,2676.97,22.853076425959184,False,560.146,64.9299097086893
Champy Brut Sonoma Cnty,17344.15,1.6629814663734106,False,560.146,64.9299097086893
Chanrion Cote de Brouilly,379.79999999999995,93.33333333333333,True,560.146,64.9299097086893
Chanson Le Bourgogne Pnt Nr,1126.51,83.98948966276376,False,560.146,64.9299097086893
Chanson Vire Clesse,1586.31,90.27302355781657,False,560.146,64.9299097086893
Chapelle de Bastion Picpoul,3066.9300000000003,20.62420726915843,False,560.146,64.9299097086893
Chapelle-St-Arnoux CdR Rouge,131.88,33.30300272975432,False,560.146,64.9299097086893
Chapoutier Bel Cotes Rhn Ros,17679.39,36.2596786427586,False,560.146,64.9299097086893
Chapoutier Cotes du Rhone R,6767.79,29.110684580934098,False,560.146,64.9299097086893
Chapoutier Hrmtage La Sizera,2399.7,62.21986081593531,False,560.146,64.9299097086893
Chappellet Mt Cuvee Napa,17754.079999999998,21.418907653902654,False,560.146,64.9299097086893
Chappellet Signature Cab Svg,50550.21,20.79296999953116,False,560.146,64.9299097086893
Charles & Charles Chard,665.85,92.0522640234287,False,560.146,64.9299097086893
Charles & Charles Red,30151.89,38.80118294408742,False,560.146,64.9299097086893
Charles Fournier Rsl,303.81,69.42826108423029,True,560.146,64.9299097086893
Charles Goodnight Bourbon,2951.31,86.3758805411834,False,560.146,64.9299097086893
Charles Heidsieck Brut RSV,14332.710000000001,40.45006143290417,False,560.146,64.9299097086893
Charles Heidsieck Brut Rose,5291.32,43.37518804381516,False,560.146,64.9299097086893
Charles Joguet Chinon Rose,181.87,75.03711442238962,True,560.146,64.9299097086893
Charles Smith Boom Boom Syra,25528.14,15.155980811763008,False,560.146,64.9299097086893
Charles Smith C Smith Cab Sv,20242.489999999998,25.403198914758008,False,560.146,64.9299097086893
Charles Smith Eve WA Chard,21030.72,31.866526680969553,False,560.146,64.9299097086893
Charles Smith King Coal Red,1199.88,34.64346434643464,False,560.146,64.9299097086893
Charles Smith Kung Fu Girl R,86163.09,41.2259936360221,False,560.146,64.9299097086893
Charles Smith Velvet Dev Mer,65347.5,26.256872871953785,False,560.146,64.9299097086893
Chartron La Fleur Brdx Whit,32626.77,34.03171689995669,False,560.146,64.9299097086893
Chartron Trebuchet Chard Bou,12105.08,21.98448915661854,False,560.146,64.9299097086893
Chartron Trebuchet Puligny,2897.54,63.02898320644409,False,560.146,64.9299097086893
Chateau Camensac 10,719.85,81.97957907897478,False,560.146,64.9299097086893
Chateau Carlmagnus 10,944.6500000000001,88.71963160959086,False,560.146,64.9299097086893
Chateau Gazin Pomerol 10,389.97,31.033156396645907,False,560.146,64.9299097086893
Chateau Giscours Margaux,399.92,57.478995799159826,False,560.146,64.9299097086893
Chateau Montrose St Estephe,3977.7400000000002,46.86304283336769,False,560.146,64.9299097086893
Chateau Pontet Canet Pauilac,3919.7200000000003,73.27538701744002,False,560.146,64.9299097086893
Chateau Simon Bordeaux Blanc,1625.04,88.0987544921971,False,560.146,64.9299097086893
Chateau d'Issan Margaux,1079.8,79.86849416558623,False,560.146,64.9299097086893
Chauffe-Coeur Calvados VSOP,45660.93,22.94254628628895,False,560.146,64.9299097086893
Chehalem Ian's Chard Rsv,832.66,45.08683015876828,False,560.146,64.9299097086893
Chehalem Inox Chard Wlmt Vly,1379.31,75.21224380306094,False,560.146,64.9299097086893
Chehalem Pnt Nr Three Vyd,3266.48,82.013359947099,False,560.146,64.9299097086893
Chehalem Ridge Crest Vyds Pn,3275.2200000000003,71.13048894425414,False,560.146,64.9299097086893
Chene Bleu Rose,9686.86,33.41318028941248,False,560.146,64.9299097086893
Chenin Bl K Forrester Stlnbh,1427.1599999999999,51.73631547969394,False,560.146,64.9299097086893
Cherry Heering Liqueur,944.73,50.87485313264107,False,560.146,64.9299097086893
Cherry On Top Sweet White,64.95,89.00692840646651,True,560.146,64.9299097086893
Cherry Pie Stanly Pnt Nr,19036.02,27.383980474910203,False,560.146,64.9299097086893
Cherry Tart Pnt Nr,15096.05,33.72776322282981,False,560.146,64.9299097086893
Cheval Blanc,2609.97,32.88543546477545,False,560.146,64.9299097086893
Cheval Blanc St Emilion 08,7199.839999999999,50.00055556790151,False,560.146,64.9299097086893
Cheval des Andes Mendoza,3839.36,56.25364644107351,False,560.146,64.9299097086893
Chevalier L'Aujardiere Chard,356.78999999999996,93.73300821211356,True,560.146,64.9299097086893
Chi Chi's Chocolate Malt RTD,461.58,98.11083669136444,True,560.146,64.9299097086893
Chi Chi's Mai Tai,527.52,28.025477707006363,False,560.146,64.9299097086893
Chi Chi's Margarita,130515.97,32.91899067983788,False,560.146,64.9299097086893
Chi Chi's Orange Cream RTD,5914.78,65.8590852068885,False,560.146,64.9299097086893
Chi Chi's Ruby Red Margarita,4780.18,67.75686271228281,False,560.146,64.9299097086893
Chi Chi's Skinny Margarita,66192.2,27.661204794522614,False,560.146,64.9299097086893
Chicken & Turkey Cotes du Rh,479.47,76.34888522743863,True,560.146,64.9299097086893
Chigard Fleurie Les Moriers,3418.2899999999995,85.67704905084122,False,560.146,64.9299097086893
Chila Orchata Cinnamon Cream,65291.33,26.555026524961285,False,560.146,64.9299097086893
Chilcas Pinot Noir,19.99,32.416208104052025,False,560.146,64.9299097086893
Chilensis Pnt Nr,2477.52,28.08937970228293,False,560.146,64.9299097086893
Chimney Rock SLD Cab Svgn,139.98,35.49078439777111,False,560.146,64.9299097086893
Chinaco Anejo Tequila,66.99,21.8689356620391,False,560.146,64.9299097086893
Chinaco Blanco Tequila,5728.09,85.20501598263994,False,560.146,64.9299097086893
Chivas Regal,879530.0599999999,21.40518961158524,False,560.146,64.9299097086893
Chivas Regal 18-Yr Scotch,102415.79,22.80799669660314,False,560.146,64.9299097086893
Chivas Regal w/ 2 Glasses,3038.09,95.44384794393847,False,560.146,64.9299097086893
Chivas Royal Salute,20268.760000000002,10.978767324690814,False,560.146,64.9299097086893
Chloe Chard,838.43,11.205467361616348,False,560.146,64.9299097086893
Chloe Pnt Grigio,79159.54000000001,19.598926421250052,False,560.146,64.9299097086893
Chloe Pnt Nr,40203.35,30.937247766666214,False,560.146,64.9299097086893
Chloe Prosecco,46386.85,23.01195274091687,False,560.146,64.9299097086893
Chloe Red,834.39,10.780330540874164,False,560.146,64.9299097086893
Choco Lat Liqueur,56433.65,23.32154663042351,False,560.146,64.9299097086893
ChocoVine,62384.91,39.17274225449713,False,560.146,64.9299097086893
Chocolate Cuvee,1319.95,29.912496685480512,False,560.146,64.9299097086893
Chocolate Shop Red,16486.489999999998,28.906638101864008,False,560.146,64.9299097086893
Chopin Vodka,353885.88,27.487630643931944,False,560.146,64.9299097086893
Chops & Burgers Bordeaux,4661.44,47.07772705430081,False,560.146,64.9299097086893
Choya Plum Wine,11502.519999999999,26.763178851243026,False,560.146,64.9299097086893
Choyomusubi Ryo Junmai Sake,6728.82,25.401481983468116,False,560.146,64.9299097086893
Christian Bros Brandy,173593.72,33.09471102986905,False,560.146,64.9299097086893
Christian Bros Cream Sherry,5943.929999999999,34.649970642319126,False,560.146,64.9299097086893
Christian Bros Dry Sherry,9612.99,31.12070229970072,False,560.146,64.9299097086893
Christian Bros Holiday Nog,8982.15,25.947573799146078,False,560.146,64.9299097086893
Christian Bros Ruby Port,720.7199999999999,28.246753246753244,False,560.146,64.9299097086893
Christian Bros VS Brandy,57242.340000000004,29.8901652168657,False,560.146,64.9299097086893
Christian Drouin Calvados,942.5899999999999,87.5385904794237,False,560.146,64.9299097086893
Christmas Traditions Pnk Mos,119.88,31.03103103103102,False,560.146,64.9299097086893
Chronic Cellars Dead Nuts,2084.12,33.7792449571042,False,560.146,64.9299097086893
Chronic Cellars Purple Parad,26028.65,15.22157315112386,False,560.146,64.9299097086893
Chronic Cellars Sofa King,5695.04,21.062187447322582,False,560.146,64.9299097086893
Churchill's Late Bottled 05,2225.1,31.724416880140215,False,560.146,64.9299097086893
Churchill's Vintage Port 11,7906.849999999999,45.31552601566343,False,560.146,64.9299097086893
Churchills 10 Yr Tawny Port,2033.1999999999998,43.07938225457406,False,560.146,64.9299097086893
Churchills 20 Yr Tawny Port,3381.21,45.349150156304994,False,560.146,64.9299097086893
Churchills LBV Port,131.94,20.145520691223282,False,560.146,64.9299097086893
Chusclan Les Genets CDR,19474.14,34.19170243204578,False,560.146,64.9299097086893
Ciacci 07 Piccolomino Brunlo,779.87,84.51280341595394,False,560.146,64.9299097086893
Cielo Pnt Grigio,7331.21,32.20186596130664,False,560.146,64.9299097086893
Cigar Box Cab Svgn Valle Cen,8123.22,32.635334263998764,False,560.146,64.9299097086893
Cigar Box Malbec Mendoza,58660.66,33.77571953673894,False,560.146,64.9299097086893
Cigar Zin Old Vine Zinfandel,485.73,9.875856957569026,False,560.146,64.9299097086893
Cinnabon Cinnamon Liqueur,32667.71,3.2721301860460996,False,560.146,64.9299097086893
Cinq les Pattes Bordeaux Bla,1266.92,85.24295140971806,False,560.146,64.9299097086893
Cinquante-Cinq Chardonnay L,433.69,47.94669003205054,False,560.146,64.9299097086893
Cinquante-Cinq Viogn Lang Wh,323.76,33.06152705707932,False,560.146,64.9299097086893
Circa Pinot Grigio,455.64,30.15538583091914,False,560.146,64.9299097086893
Circa Rosso,116.91,10.495252758532201,False,560.146,64.9299097086893
Circadia Cab Svgn Napa Vly,74.99,68.03573809841312,True,560.146,64.9299097086893
Ciro Rosso Clsc Librandi Cl,77.94,19.55350269438029,False,560.146,64.9299097086893
Ciroc Amaretto Vodka,71096.17,60.711211536783615,False,560.146,64.9299097086893
Ciroc Apple Vodka,975620.9700000001,32.655794914566336,False,560.146,64.9299097086893
Ciroc Coconut Vodka,670215.26,29.711050610683667,False,560.146,64.9299097086893
Ciroc Mango Vodka,158470.04,11.293416597316517,False,560.146,64.9299097086893
Ciroc Peach Vodka,535435.5,30.674716047110472,False,560.146,64.9299097086893
Ciroc Pineapple Vodka,402711.77,42.65621344788823,False,560.146,64.9299097086893
Ciroc Red Berry Vodka,561667.04,28.139646338956176,False,560.146,64.9299097086893
Ciroc Snap Frost Vodka,614624.69,26.84828340285858,False,560.146,64.9299097086893
Citadelle Gin,13333.259999999998,52.35148793318363,False,560.146,64.9299097086893
Citation Chard,2519.3,15.17485015678959,False,560.146,64.9299097086893
Citra Montepulciano,63120.66,37.76665199635111,False,560.146,64.9299097086893
Citra Pnt Grigio,35711.88,39.67545253848298,False,560.146,64.9299097086893
Citra Trebbiano D'Abruzzo,5622.77,29.759887030769537,False,560.146,64.9299097086893
Citran Haut-Medoc,1014.65,94.12802444192579,False,560.146,64.9299097086893
Clan MacGregor,329242.0,23.940138256965998,False,560.146,64.9299097086893
Clan MacGregor Scotch,323.73,64.4518580298397,False,560.146,64.9299097086893
Clarendelle Brdx Blanc,3330.04,72.42075170268225,False,560.146,64.9299097086893
Clarendelle Brdx Rouge,4918.41,88.89031211306093,False,560.146,64.9299097086893
Clark & Chesterfield Whiskey,2498.75,18.81540770385192,False,560.146,64.9299097086893
Claude Riffault Chass Sancer,890.67,77.47313819933309,False,560.146,64.9299097086893
Claude Riffault Les Boucauds,18033.269999999997,36.49038693481547,False,560.146,64.9299097086893
Clayhouse Adobe Red Paso Rbl,61676.04,46.71410486146647,False,560.146,64.9299097086893
Clayhouse Cab Svgn,3311.82,35.48562421870754,False,560.146,64.9299097086893
Clayhouse Cab Svgn Paso Rbls,33865.08,56.02148289624592,False,560.146,64.9299097086893
Clayhouse Malbec Paso Robles,20705.2,57.22219539052992,False,560.146,64.9299097086893
Clayhouse Petite Sirah,5510.75,64.54384611894932,False,560.146,64.9299097086893
Clayhouse Svgn Bl Paso Roble,13320.89,57.33543329312081,False,560.146,64.9299097086893
Clayhouse Syrah Paso Robles,5424.22,43.12564755854298,False,560.146,64.9299097086893
Clean Slate Rsl Mosel,166518.57,50.89741042095186,False,560.146,64.9299097086893
Clement Mahina Coco Liqueur,13407.679999999998,33.859698322155644,False,560.146,64.9299097086893
Clement Select Barrel Rhum,28296.48,35.18769825787519,False,560.146,64.9299097086893
Clemento VII Toscano,4637.68,8.073002018250516,False,560.146,64.9299097086893
Cles des Ducs Armagnac VSOP,3694.3199999999997,87.83537971805366,False,560.146,64.9299097086893
Cleveland Black Rsv Whiskey,20347.129999999997,27.783279509198582,False,560.146,64.9299097086893
Cleveland Christmas Bourbon,11191.769999999999,67.14192661214446,False,560.146,64.9299097086893
Clifford Bay Svgn Bl Marlbor,14288.09,31.602474508489248,False,560.146,64.9299097086893
Cline Ancient Vin Znfdl,67115.4,35.79786457355539,False,560.146,64.9299097086893
Cline Cashmere Red Cal,47964.35,57.46440846170123,False,560.146,64.9299097086893
Cline Chard Sonoma Cst,14122.12,53.24186453591954,False,560.146,64.9299097086893
Cline Cool Climate Pnt Nr,46152.05,37.57157049361838,False,560.146,64.9299097086893
Cline Viognier Sonoma Count,14145.84,30.691850042132536,False,560.146,64.9299097086893
Cline Znfdl Cal,79910.01,32.17350366994072,False,560.146,64.9299097086893
Clio Jumilla Red,7513.33,21.117134479651494,False,560.146,64.9299097086893
Clix Vodka,1799.94,86.97901041145816,False,560.146,64.9299097086893
Clontarf Irish Whiskey,44067.189999999995,24.02374646534076,False,560.146,64.9299097086893
Clos Amador Rose Tendre Cava,497.59000000000003,5.46433810968871,False,560.146,64.9299097086893
Clos Erasmus Laurel Priorat,1469.7,66.66666666666667,False,560.146,64.9299097086893
Clos LaChance Cab Svgn,1317.16,23.325943697045165,False,560.146,64.9299097086893
Clos LaChance Chard,5112.09,42.76548339328925,False,560.146,64.9299097086893
Clos LaChance Meritage,399.6,91.4914914914915,True,560.146,64.9299097086893
Clos Pegase Carneros Chard,74586.03,49.071495023934105,False,560.146,64.9299097086893
Clos Pegase Merlot Napa,52890.6,68.13785436353528,False,560.146,64.9299097086893
Clos Pegase Svgn Bl Napa,59855.07,58.027114495062825,False,560.146,64.9299097086893
Clos Rochette Faiveley 09,559.72,14.264274994640184,False,560.146,64.9299097086893
Clos de Los Siete Mendoza,13973.01,35.75671956149749,False,560.146,64.9299097086893
Clos de Marquis 09 St Julien,5615.76,62.64423693320228,False,560.146,64.9299097086893
Clos du Bois Cab Svgn N Cst,352579.31,35.135672027947415,False,560.146,64.9299097086893
Clos du Bois Chard,1269408.06,36.66382272010774,False,560.146,64.9299097086893
Clos du Bois Chard Calcaire,516.53,82.7386599035874,True,560.146,64.9299097086893
Clos du Bois Marlstone,8340.18,57.44780088679141,False,560.146,64.9299097086893
Clos du Bois Merlot N Cst,127212.9,36.59322285711591,False,560.146,64.9299097086893
Clos du Bois Pnt Grigio Cal,157241.37,27.669925541859623,False,560.146,64.9299097086893
Clos du Bois Pnt Nr Cal,232387.49,29.02628278312227,False,560.146,64.9299097086893
Clos du Bois RSV Cab Svgn,32644.689999999995,34.06143541261992,False,560.146,64.9299097086893
Clos du Bois RSV Chard RRV,52355.86,37.124440320529544,False,560.146,64.9299097086893
Clos du Bois RSV Merlot Alex,2588.49,33.03199935097295,False,560.146,64.9299097086893
Clos du Bois Rouge,18719.7,46.66452988028655,False,560.146,64.9299097086893
Clos du Bois Svgn Bl N Cst,81789.09,34.789640036342256,False,560.146,64.9299097086893
Clos du Bois Unoaked Chard,5808.55,5.046870561499867,False,560.146,64.9299097086893
Clos du Bois Znfdl Sonoma,16194.9,37.59424263193968,False,560.146,64.9299097086893
Clos du Val Cab Svgn Napa,100738.66,53.15863840158287,False,560.146,64.9299097086893
Clos du Val Carneros Chard,24958.25,31.87394949565775,False,560.146,64.9299097086893
Clos du Val Merlot Napa,13062.98,34.43119410731701,False,560.146,64.9299097086893
Cloudy Bay Chard Marlboro,14153.029999999999,10.19414217308943,False,560.146,64.9299097086893
Cloudy Bay Svgn Bl Marlboro,132992.91999999998,33.11234913858571,False,560.146,64.9299097086893
Cluny Scotch Whiskey,23602.85,60.22552361261457,False,560.146,64.9299097086893
Clynelish Single Malt Scotch,8878.52,23.154872658956677,False,560.146,64.9299097086893
Coastal Vines Cab Svgn Cal,286.59,23.9610593530828,False,560.146,64.9299097086893
Cocchi Americano,759.6199999999999,3.4846370553697645,False,560.146,64.9299097086893
Cocchi Vermouth di Torino Sw,37.98,35.07109004739336,False,560.146,64.9299097086893
Cocci Grifoni Tellus Red,645.62,59.387875220718065,False,560.146,64.9299097086893
Cockburns Fine Ruby Port,60519.42,30.25686630836844,False,560.146,64.9299097086893
Cockburns Special RSV,25538.34,31.269612668638608,False,560.146,64.9299097086893
Cocktail Time Key Lime Rtd,6562.06,74.23080557020204,False,560.146,64.9299097086893
Cocktail Time Strawberry Rtd,6454.17,73.42260894894308,False,560.146,64.9299097086893
Cocobon Red,71999.45,37.290409857297526,False,560.146,64.9299097086893
Codice Sierra Cantabria Red,7500.62,48.14508667283505,False,560.146,64.9299097086893
Codorniu Original Spklg Cava,7828.82,35.160726648460425,False,560.146,64.9299097086893
Cointreau Liqueur,1293142.09,26.259032359665845,False,560.146,64.9299097086893
Cointreau Noir Liqueur,22169.17,37.78116185675873,False,560.146,64.9299097086893
Cointreau VAP,3251.0,88.77299292525377,False,560.146,64.9299097086893
Col-di-Sasso Sangiovese/Cab,20654.77,34.41786086216405,False,560.146,64.9299097086893
Colavita Pinot Grigio,15034.87,35.005490569589234,False,560.146,64.9299097086893
Colavita Pnt Nr,51731.33,35.07014028056112,False,560.146,64.9299097086893
Colby Red,815.04,31.44876325088339,False,560.146,64.9299097086893
Cold River Blueberry Vodka,100693.31,27.239505782459617,False,560.146,64.9299097086893
Cold River Gin,70184.08,28.403677871106954,False,560.146,64.9299097086893
Cold River Vodka,100373.48999999999,33.75362359124903,False,560.146,64.9299097086893
Coldcock American Herbal Whi,9399.81,39.24451664448536,False,560.146,64.9299097086893
Colimoro Montepul D'Abruzzo,131.88,31.028207461328485,False,560.146,64.9299097086893
Collezione Chianti,179.64000000000001,35.07014028056112,False,560.146,64.9299097086893
Collezione Monte d'Abruzzo,588.82,34.669338677354716,False,560.146,64.9299097086893
Colombo Cape Bleue Rose VdP,44825.130000000005,34.058350751018466,False,560.146,64.9299097086893
Colombo Marsala Dry,8687.93,33.13850364816475,False,560.146,64.9299097086893
Colombo Marsala Sweet,32804.84,35.74948086928636,False,560.146,64.9299097086893
Colores del Sol Malbec Rsv,10931.84,31.420511094198233,False,560.146,64.9299097086893
Colosi Nero D'Avola Sicilia,18055.83,33.69144481311577,False,560.146,64.9299097086893
Colosi Sicilia Dry Red,7015.96,38.962593857433625,False,560.146,64.9299097086893
Columbia Crest G E Cab Svgn,183749.32,43.122532371820476,False,560.146,64.9299097086893
Columbia Crest Gr Ests Syrah,938.4100000000001,34.29844097995547,False,560.146,64.9299097086893
Columbia Crest Grand Chard,99272.13,48.124816098939355,False,560.146,64.9299097086893
Columbia Crest Grand Merlot,98663.76000000001,42.93102148144365,False,560.146,64.9299097086893
Columbia Crest H3 Svgn Bl,519.04,47.780517879161536,False,560.146,64.9299097086893
Columbia Crest Twin Vns Merl,11152.26,35.73428166129556,False,560.146,64.9299097086893
Columbia Crest Two Cab Svgn,13771.27,37.12126768264656,False,560.146,64.9299097086893
Columbia Crest Two Vines Rsl,630.91,21.483104639214915,False,560.146,64.9299097086893
Columbia Crest Two Vn Shiraz,226.7,51.61887957653286,False,560.146,64.9299097086893
Columbia Crest Two Vns Chard,21678.44,36.74102011030314,False,560.146,64.9299097086893
Columbia Crest Vns Merlot/Ca,7712.400000000001,36.20909185208236,False,560.146,64.9299097086893
Columbia Crest Walter Clore,500.78999999999996,61.99604624692985,False,560.146,64.9299097086893
Columbia Winery Cab Svgn,8262.89,56.91047563261763,False,560.146,64.9299097086893
Columbia Winery Chard,15145.869999999999,30.85983175611568,False,560.146,64.9299097086893
Columbia Winery Merlot,503.64,63.4024303073624,False,560.146,64.9299097086893
Columbia Winery Red Blend,1642.6299999999999,60.89685443465661,False,560.146,64.9299097086893
Columna Albarino,15379.94,37.39533444213697,False,560.146,64.9299097086893
Comandon XO Cognac,2599.8,96.21201630894684,False,560.146,64.9299097086893
Comm Bargemone d'Aix Blanc,2578.71,21.92452815555065,False,560.146,64.9299097086893
Commander Quincy's Rum Toddy,6925.05,78.25459743972968,False,560.146,64.9299097086893
Commanderie Bargmn Prov Rose,79948.61,44.21886759507137,False,560.146,64.9299097086893
Common Man Pnt Grigio,4854.599999999999,27.44778148560128,False,560.146,64.9299097086893
Common Man Slctn Woodford Rs,2253.51,20.634920634920643,False,560.146,64.9299097086893
Comoloco Monastrell Jumilla,269.7,17.24137931034482,False,560.146,64.9299097086893
Compilation Cab Svgn,658.8,35.154826958105645,False,560.146,64.9299097086893
Complicated Pnt Nr,16141.5,67.98314902580306,False,560.146,64.9299097086893
Concannon Crimson & Clover,311.76,32.87143956889915,False,560.146,64.9299097086893
Concannon Founder Chard,4790.71,40.384619398794754,False,560.146,64.9299097086893
Concannon Glen Ellen Wh Zin,15.95,83.44827586206897,True,560.146,64.9299097086893
Concannon Irish Whiskey,263.88,21.873578899499773,False,560.146,64.9299097086893
Concannon Petite Sirah Cntrl,3536.75,91.87728847105394,False,560.146,64.9299097086893
Concannon Select Vyds Pnt Nr,28135.45,40.2475524649508,False,560.146,64.9299097086893
Conch Republic Dark Rum,224.82,51.69468908460102,False,560.146,64.9299097086893
Conn Crk Ltd Rls Np Cab Svgn,6878.25,21.91851124922763,False,560.146,64.9299097086893
Connemara Irish Whiskey,54672.05,21.262692728734333,False,560.146,64.9299097086893
Cono Sur Cab Svgn Cntrl Vly,7426.08,42.2659061038933,False,560.146,64.9299097086893
Cono Sur Chard Cntrl Vly,5488.320000000001,47.19549880473443,False,560.146,64.9299097086893
Cono Sur Organic Cab Svgn,8875.27,38.85932484307521,False,560.146,64.9299097086893
Cono Sur Organic Chard,6143.06,41.36147131885412,False,560.146,64.9299097086893
Cono Sur Organic Svgn Bl,2315.7400000000002,53.49434737923947,False,560.146,64.9299097086893
Cono Sur Pnt Nr Rapel,18373.53,36.64483634881267,False,560.146,64.9299097086893
Cono Sur Svgn Bl Cntrl Vly,16413.15,40.547670617766855,False,560.146,64.9299097086893
Cono Sur Vision Cab Svgn,2811.44,25.942577469197282,False,560.146,64.9299097086893
Cono Sur Vision Pnt Nr,2972.34,41.78155931017314,False,560.146,64.9299097086893
Cono Sur Vision Svgn Bl Csbl,2615.61,38.88997212887242,False,560.146,64.9299097086893
Conquista Malbec Mendoza,73048.91,33.31096932178728,False,560.146,64.9299097086893
Conservancy Concannon Chard,77.94,1.963048498845267,False,560.146,64.9299097086893
Constanti Brunello Montalcno,1841.75,29.501832496267134,False,560.146,64.9299097086893
Conterno Barolo Sori Gnestra,3097.6600000000003,37.4627944964909,False,560.146,64.9299097086893
Conterno Fantino Barb Alba,2634.0699999999997,0.47644899338285346,False,560.146,64.9299097086893
Conterno Fantino Barolo Mosc,4370.530000000001,47.89281849112122,False,560.146,64.9299097086893
Conti Zecca Negroamaro 10,10859.13,97.33790828547039,False,560.146,64.9299097086893
Conti Zecca Primitivo,520.84,34.298440979955465,False,560.146,64.9299097086893
Contos de Valpiedra Rioja,199.9,32.86643321660831,False,560.146,64.9299097086893
Contratto 08 Milesimato Brut,2965.62,79.97450786007647,False,560.146,64.9299097086893
Conundrum Sparkling 25th Ann,1199.52,31.972789115646254,False,560.146,64.9299097086893
Convento Las Claras 12 Tinto,4065.1499999999996,87.00269362754142,False,560.146,64.9299097086893
Cooks Brut,155608.26,29.856299277512516,False,560.146,64.9299097086893
Cooks Extra Dry,204172.08000000002,33.590072648522764,False,560.146,64.9299097086893
Cooks Extra Dry Champagne,2973.11,21.57706912963194,False,560.146,64.9299097086893
Cooks Grand Reserve,285.64,13.45749894972693,False,560.146,64.9299097086893
Cooks Spumante,18621.61,31.71825636988424,False,560.146,64.9299097086893
Copa di Vino Cab Svgn,1416.81,50.34196540114765,False,560.146,64.9299097086893
Copa di Vino Chard,1503.96,59.52285965052262,False,560.146,64.9299097086893
Copa di Vino Pnt Grigio,2255.94,59.602649006622514,False,560.146,64.9299097086893
Copain Monument Tree Pnt Nr,1049.79,96.86699244610827,False,560.146,64.9299097086893
Copain Tous Ensemble 12 Chrd,65335.14,50.849037745997016,False,560.146,64.9299097086893
Copain Tous Ensemble Pnt Nr,5253.8099999999995,9.870741423842874,False,560.146,64.9299097086893
Copain Wentzel Pnt Nr,839.86,90.66272950253614,False,560.146,64.9299097086893
Coppa La Rocca Gavi,12226.98,39.33620566975656,False,560.146,64.9299097086893
Coppo L'Avvocata,1152.26,42.214430770832976,False,560.146,64.9299097086893
Corazon de Agave Anejo,23775.96,18.658594647702966,False,560.146,64.9299097086893
Corazon de Agave Blanco,43572.03,25.587469759843646,False,560.146,64.9299097086893
Corbett Canyon Cab Svgn,18187.93,46.70696445389883,False,560.146,64.9299097086893
Corbett Canyon Chard,194253.56,40.517255403325294,False,560.146,64.9299097086893
Corbett Canyon Merlot,20904.43,42.69463458223927,False,560.146,64.9299097086893
Corbett Canyon Pnt Grigio,215194.76,23.2715279350036,False,560.146,64.9299097086893
Corbett Canyon Pnt Nr,1143.1200000000001,23.95199104206033,False,560.146,64.9299097086893
Corbett Canyon Wh Znfdl,25781.34,53.446721341253266,False,560.146,64.9299097086893
Cormons Schioppettino,363.72,16.243264049268678,False,560.146,64.9299097086893
Corner Creek Rsv Bourbon,29066.71,29.320346196731585,False,560.146,64.9299097086893
Cornerstone Pnt Gris 13 Napa,13916.07,32.09289691701752,False,560.146,64.9299097086893
Cornerstone WV Pnt Nr 11,28389.78,32.397080921373814,False,560.146,64.9299097086893
Coronet VSQ,181.85999999999999,32.4975255691191,False,560.146,64.9299097086893
Corral De Peidra Cab Svgn,9196.54,33.3471066292323,False,560.146,64.9299097086893
Corralejo Blanco Tequila,17507.239999999998,22.92451580032031,False,560.146,64.9299097086893
Corralejo Reposado Tequila,109744.34999999999,26.055528143362267,False,560.146,64.9299097086893
Cortijo Rosado Rioja,237.82999999999998,69.05352562754909,True,560.146,64.9299097086893
Cortijo Tinto Rioja,195.27,35.45347467608952,False,560.146,64.9299097086893
Coruba Rum,179.88,24.216144096064042,False,560.146,64.9299097086893
Corvo Moscato Siciliarvo,8151.88,23.51543447646432,False,560.146,64.9299097086893
Corvo Nero d'Avola & Pnt Gr,5367.759999999999,80.8098722744683,False,560.146,64.9299097086893
Corvo Pnt Grigio,2659.38,9.06188660514856,False,560.146,64.9299097086893
Corvo Pnt Nr,10321.5,30.161507532819844,False,560.146,64.9299097086893
Corvo Sicily Nero D'Avola,29563.1,33.04220464024409,False,560.146,64.9299097086893
Corzo Anejo Tequila,30702.52,18.194076577427523,False,560.146,64.9299097086893
Corzo Silver Tequila,699.86,25.718000743005742,False,560.146,64.9299097086893
Cos d'Estournel St Estephe,2099.9300000000003,33.7744591486383,False,560.146,64.9299097086893
Cosentino The Franc,17791.21,26.129139052374743,False,560.146,64.9299097086893
Cosentino The Zin,629.58,41.27513580482227,False,560.146,64.9299097086893
Coste di Brenta Cerasuolo,186.83,2.62805759246375,False,560.146,64.9299097086893
Cote Mas Blanc Mediterrane,1609.21,91.71021805730761,False,560.146,64.9299097086893
Cote Mas Rose Aurore,11983.67,30.554162456075645,False,560.146,64.9299097086893
Couleurs Du Sud Viognier,2547.4500000000003,79.86221515633281,False,560.146,64.9299097086893
Couly-Dutheil Chinon Rose,1219.3899999999999,87.54131163942627,False,560.146,64.9299097086893
Courvoisier 12 Yr Cognac,46321.060000000005,24.012166388247593,False,560.146,64.9299097086893
Courvoisier C,13886.94,24.229527887353164,False,560.146,64.9299097086893
Courvoisier L'Essence Cognac,3399.99,25.925958605760595,False,560.146,64.9299097086893
Courvoisier Rose,591.68,93.15508382909681,False,560.146,64.9299097086893
Courvoisier VS Cognac,602624.1799999999,21.675793228543508,False,560.146,64.9299097086893
Courvoisier VS Gift Pak,14372.769999999999,24.81825006592326,False,560.146,64.9299097086893
Courvoisier VSOP Cognac,137866.67,18.127013584936808,False,560.146,64.9299097086893
Courvoisier VSOP VAP,10403.14,29.511186045751575,False,560.146,64.9299097086893
Cousino Macul RSV Cab Svgn,9821.93,44.07657150885824,False,560.146,64.9299097086893
Couvent des Thorins Moulin,649.75,97.31589072720276,False,560.146,64.9299097086893
Covey Run Rsl Columbia Vly,14471.84,34.44924764231777,False,560.146,64.9299097086893
Cragganmore 12-Yr Sngle Malt,39698.18,17.598993203214857,False,560.146,64.9299097086893
Craggy Range Svgn Bl Marlbro,10384.439999999999,34.707697285554154,False,560.146,64.9299097086893
Craigellachie 13 Yr Scotch,29755.88,1.9234181613852512,False,560.146,64.9299097086893
Crane Lake Cab Svgn Cal,733.75,17.343330578454335,False,560.146,64.9299097086893
Crane Lake Chard Cal,943.9499999999999,17.77530589543936,False,560.146,64.9299097086893
Crane Lake Pnt Grigio Cal,539.4,33.815350389321466,False,560.146,64.9299097086893
Creme Yvette Liqueur,47.98,61.83826594414339,False,560.146,64.9299097086893
Creta Olympia Red,23.759999999999998,35.35353535353535,False,560.146,64.9299097086893
Creta Olympia White,431.28,56.3717306622148,False,560.146,64.9299097086893
Cribari Chianti,19428.2,38.539082364809914,False,560.146,64.9299097086893
Cribari Marsala,93075.51,32.541825449035954,False,560.146,64.9299097086893
Crios Cab Svgn,3314.38,41.358564799449674,False,560.146,64.9299097086893
Crios Malbec,16546.01,36.28941358067594,False,560.146,64.9299097086893
Crios Rose of Malbec,12893.0,26.706662530055077,False,560.146,64.9299097086893
Cristobal Pie Palo Viognier,359.7,40.867389491242704,False,560.146,64.9299097086893
Cristobal Pie de Palo Malbec,431.64,34.195162635529606,False,560.146,64.9299097086893
Cristom Estate Pnt Gr Eola A,1955.9699999999998,23.863862942683173,False,560.146,64.9299097086893
Cristom Pnt Nr Sommers Rsv,2300.4100000000003,31.983863746027886,False,560.146,64.9299097086893
Cristom Vyds Viognier Estate,1231.56,7.23959855792654,False,560.146,64.9299097086893
Croft Port 11,1039.87,85.01543462163539,False,560.146,64.9299097086893
Croft Reserve Tawny,719.64,17.542104385526084,False,560.146,64.9299097086893
Croft Tawny Porto,191.84,0.04170141784821336,False,560.146,64.9299097086893
Croix de Basson Rose Organic,1748.75,89.61543959971408,False,560.146,64.9299097086893
Croix de Beaucaillou St Juln,1879.6,72.0435198978506,False,560.146,64.9299097086893
Crop Meyer Lemon Vodka,173.94,20.627802690582957,False,560.146,64.9299097086893
Cross Springs Pnt Nr Colusa,48887.619999999995,32.93050469628097,False,560.146,64.9299097086893
Crossbarn Cab Svgn,439.89,34.208552138034506,False,560.146,64.9299097086893
Crown Royal,3050260.56,23.422839285859453,False,560.146,64.9299097086893
Crown Royal +2 Reusable Cups,214036.9,6.80570499759621,False,560.146,64.9299097086893
Crown Royal 75th Anniversary,4339.38,76.62338859468403,False,560.146,64.9299097086893
Crown Royal Apple,27.86,89.80617372577171,True,560.146,64.9299097086893
Crown Royal Black,250548.04,30.477712381287432,False,560.146,64.9299097086893
Crown Royal Canadian Whisky,247039.74,19.5713774633992,False,560.146,64.9299097086893
Crown Royal Cornerstone Blnd,51531.409999999996,16.557610203175106,False,560.146,64.9299097086893
Crown Royal Hand Slct Barrel,84969.41,60.923560608458985,False,560.146,64.9299097086893
Crown Royal Honey Limited,39950.76,26.510234098174855,False,560.146,64.9299097086893
Crown Royal Maple Whisky,214952.68,52.12374939516835,False,560.146,64.9299097086893
Crown Royal Mini,80873.52,26.373614008639667,False,560.146,64.9299097086893
Crown Royal No Harvest Rye,8978.88,61.44920079118998,False,560.146,64.9299097086893
Crown Royal Party Pak,95115.21,22.999108134230063,False,560.146,64.9299097086893
Crown Royal RSV,103789.13,23.5563878413857,False,560.146,64.9299097086893
Crown Royal Regal Apple,751229.65,32.68978427816866,False,560.146,64.9299097086893
Crown Royal Shot Glass VAP,122173.06,21.065044945260436,False,560.146,64.9299097086893
Crown Royal Special Reserve,107612.06999999999,28.249702844671603,False,560.146,64.9299097086893
Crown Royal Vanilla,20158.7,14.012312301884549,False,560.146,64.9299097086893
Crown Royal X R Extra Rare,82875.65000000001,26.369687598226992,False,560.146,64.9299097086893
Crown Royal XO,102001.64,22.170976858803442,False,560.146,64.9299097086893
Crown Royal w/2 Glasses,2958.67,94.77400318386302,False,560.146,64.9299097086893
Cruz Garcia Real Sangria Rd,733.37,21.724368327038203,False,560.146,64.9299097086893
Cruz Garcia Real Sangria Re,49656.73,34.58928930680696,False,560.146,64.9299097086893
Cruzan 151 Aged Rum,33743.119999999995,6.069681760311421,False,560.146,64.9299097086893
Cruzan Aged Dark Rum,342683.35,26.52398647386959,False,560.146,64.9299097086893
Cruzan Aged Light Rum,109783.84999999999,24.581438348180296,False,560.146,64.9299097086893
Cruzan Banana Flavored Rum,2384.83,13.3422508103303,False,560.146,64.9299097086893
Cruzan Black Cherry Rum,92900.65000000001,26.801158011273348,False,560.146,64.9299097086893
Cruzan Blueberry Lemonade,88209.0,34.140359827228515,False,560.146,64.9299097086893
Cruzan Citrus Flavored Rum,1120.98,73.01646773359025,False,560.146,64.9299097086893
Cruzan Coconut Flavored Rum,106918.79000000001,23.457719639363674,False,560.146,64.9299097086893
Cruzan Est Single Barrel Rum,179.94,21.873957985995325,False,560.146,64.9299097086893
Cruzan Estate Diamond Dark,22596.019999999997,32.17212588765631,False,560.146,64.9299097086893
Cruzan Mango Flavored Rum,113891.96,21.73881281874507,False,560.146,64.9299097086893
Cruzan Passion Fruit Rum,41904.24,25.209477608948404,False,560.146,64.9299097086893
Cruzan Pineapple Rum,54571.78,19.6853941725925,False,560.146,64.9299097086893
Cruzan Raspberry Flavord Rum,2615.62,24.446211605661368,False,560.146,64.9299097086893
Cruzan Strawberry Rum,593.46,13.144946584437028,False,560.146,64.9299097086893
Cruzan Vanilla Flavored Rum,9198.63,23.158122459540166,False,560.146,64.9299097086893
Cryptic California Red,9351.54,33.75101854881656,False,560.146,64.9299097086893
Crystal Head Aurora Vodka,33234.46,11.433794922499114,False,560.146,64.9299097086893
Crystal Head Vodka,151128.61000000002,17.003227635223137,False,560.146,64.9299097086893
Cuervo Silver Rolling Stones,60285.5,63.37781058463479,False,560.146,64.9299097086893
Cuervo Watermelon Margaritas,85808.85,29.06885478595739,False,560.146,64.9299097086893
Culpeo Malbec,281.25,40.352000000000004,False,560.146,64.9299097086893
Culpeo Pnt Nr,497.52,36.6136034732272,False,560.146,64.9299097086893
Cupcake Angel Food,34598.43,37.484330936403765,False,560.146,64.9299097086893
Cupcake Black Forest,63883.71,25.927642586819083,False,560.146,64.9299097086893
Cupcake Cab Svgn,208652.63,34.785389477237835,False,560.146,64.9299097086893
Cupcake Chard,350764.84,35.48641876420682,False,560.146,64.9299097086893
Cupcake Chianti,587.16,92.2167722596907,False,560.146,64.9299097086893
Cupcake Malbec,60351.79,42.85395677576423,False,560.146,64.9299097086893
Cupcake Merlot,121553.51000000001,34.72859812933416,False,560.146,64.9299097086893
Cupcake Moscato,3624.58,28.0992556378946,False,560.146,64.9299097086893
Cupcake Petit Sirah Cal,536.87,35.224542254176995,False,560.146,64.9299097086893
Cupcake Pnt Grigio,335460.35,39.163597128542904,False,560.146,64.9299097086893
Cupcake Pnt Nr,142812.6,33.67307926611518,False,560.146,64.9299097086893
Cupcake Prosecco,439565.18,33.17012140584216,False,560.146,64.9299097086893
Cupcake Red Velvet,232214.66,36.07717531701056,False,560.146,64.9299097086893
Cupcake Riesling,20423.7,36.83338474419424,False,560.146,64.9299097086893
Cupcake Shiraz,11096.37,39.79003944533212,False,560.146,64.9299097086893
Cupcake Svgn Bl,361343.83999999997,46.98446222301727,False,560.146,64.9299097086893
Cusumano Merlot,307.78,31.52251608291636,False,560.146,64.9299097086893
Cusumano Nero D'Avola Sicily,39037.06,38.376711770814694,False,560.146,64.9299097086893
Cutler Creek Merlot,144.02,18.011387307318437,False,560.146,64.9299097086893
Cutler Creek Wh Znfdl,106.12,14.172634753109692,False,560.146,64.9299097086893
Cuttings Red,11397.720000000001,40.738674050599606,False,560.146,64.9299097086893
Cutty Sark,287085.77999999997,25.86620849195586,False,560.146,64.9299097086893
Cutty Sark Prohibition,8402.06,79.8269710047298,False,560.146,64.9299097086893
Cuvaison Chard,14354.38,30.015437796686438,False,560.146,64.9299097086893
Cuvee Aurora Rose Sparkling,7380.799999999999,35.98254931714719,False,560.146,64.9299097086893
Cyan Toro Zamora,1231.23,97.33193635632661,False,560.146,64.9299097086893
Cycles Gladiator Chard,15702.33,24.090246479344145,False,560.146,64.9299097086893
Cyrus Alexander Vly,1199.88,34.64346434643464,False,560.146,64.9299097086893
Cyrus Cab Svgn Alex Vly,3563.35,17.538271570291997,False,560.146,64.9299097086893
D Bosler Pnt Nr Casablanca,854.43,32.7270812120361,False,560.146,64.9299097086893
D'Arenberg Footbolt Shiraz,18186.42,36.5441906653426,False,560.146,64.9299097086893
D'Armailhac Pauillac 05,12187.56,52.071374417849015,False,560.146,64.9299097086893
D'Usse VSOP Cognac,83409.37,26.84529328059904,False,560.146,64.9299097086893
D.des Senechaux CdP,7748.45,74.95615252082675,False,560.146,64.9299097086893
DK Burst Blustery Peppermint,45084.6,28.1788903528034,False,560.146,64.9299097086893
DK Burst Blustery Pmnt Trav,472.57,16.101318323211373,False,560.146,64.9299097086893
DUKE Kentucky Bourbon,41938.36,29.310731273230516,False,560.146,64.9299097086893
Da Vinci Chianti Tuscany,216780.8,30.63005118534482,False,560.146,64.9299097086893
Da Vinci Pnt Grigio,195680.4,29.877504338707396,False,560.146,64.9299097086893
Dachshund Rsl,4716.7,83.09326435855576,False,560.146,64.9299097086893
Dad's Hat Rye Whiskey,538.89,81.85158381116739,True,560.146,64.9299097086893
Dalliance Chardonnay,38671.29,29.43695439174644,False,560.146,64.9299097086893
Dalton Canaan Red,109.89,76.52197652197653,True,560.146,64.9299097086893
Dalwhinnie 15-Yr Single Mal,247565.39,24.352697281312224,False,560.146,64.9299097086893
Dalwhinnie Distillers Edtion,70899.87,24.370354980904757,False,560.146,64.9299097086893
Damilano 11 Brunate Barolo,4199.3,22.08701450241708,False,560.146,64.9299097086893
Damilano Cannubi Barolo,4079.49,44.353338284932676,False,560.146,64.9299097086893
Damilano Lecinquevgne Barolo,29230.49,37.69310743678946,False,560.146,64.9299097086893
Damrak Amsterdam Gin,7649.4400000000005,58.23772720617457,False,560.146,64.9299097086893
Dancing Bull Zabaco Cab Svgn,7206.62,39.36158698529962,False,560.146,64.9299097086893
Danzante Del Vnzi Pnt Grigio,63914.44,15.638782096815685,False,560.146,64.9299097086893
Daou Cab Svgn,19290.35,89.5674262001467,False,560.146,64.9299097086893
Daou Reserve Seventeen Forty,3023.5200000000004,10.71995554849977,False,560.146,64.9299097086893
Daou Rsv Cab Svgn,3409.38,12.505499533639549,False,560.146,64.9299097086893
Daou Soul of a Lion Red,3194.72,43.53683577903541,False,560.146,64.9299097086893
Darioush Cab Svgn,22071.62,15.928509099014937,False,560.146,64.9299097086893
Darioush Chard,1549.69,23.083971633036285,False,560.146,64.9299097086893
Darioush Merlot Napa Valley,2099.65,34.979163193865645,False,560.146,64.9299097086893
Dark Corner Moonshine,2391.08,71.39786205396724,False,560.146,64.9299097086893
Dark Horse Pnt Nr,27845.15,30.14654257563706,False,560.146,64.9299097086893
DarkHorse Rose,6511.85,32.415519399249064,False,560.146,64.9299097086893
Darkhorse Cab Svgn,73340.20999999999,31.918056956749908,False,560.146,64.9299097086893
Darkhorse Chard,58998.16,26.954196537654738,False,560.146,64.9299097086893
Darkhorse Merlot,33078.6,29.67537924821486,False,560.146,64.9299097086893
Darkhorse Red,41340.26,30.836308238022703,False,560.146,64.9299097086893
Darkhorse Svgn Bl,17671.69,56.41361975000693,False,560.146,64.9299097086893
Darnley's View Gin,15213.39,29.34901425652008,False,560.146,64.9299097086893
David Bruce Pnt Nr Anderson,6237.92,97.20820401672353,False,560.146,64.9299097086893
David Bruce Pnt Nr RRV,36329.0,28.74794241515043,False,560.146,64.9299097086893
David Bruce Pnt Nr Sonoma,25900.440000000002,23.57797782585934,False,560.146,64.9299097086893
David Girard Vyds Code Rouge,29423.46,35.24099477083932,False,560.146,64.9299097086893
David Girard Vyds Syrah Okei,5997.0,32.416208104052025,False,560.146,64.9299097086893
David Stone Pnt Nr,53.88,30.957683741648108,False,560.146,64.9299097086893
Davis Bynum Jane's Vyd Pnt,22054.88,12.691295531873232,False,560.146,64.9299097086893
De Loach Cab Svgn Cal,35659.590000000004,38.4165942457555,False,560.146,64.9299097086893
De Loach Chard Cal,38994.15,35.37861448448037,False,560.146,64.9299097086893
De Loach Merlot Cal,7714.53,51.45874084357699,False,560.146,64.9299097086893
De Loach Pnt Nr,33177.08,32.83097849479219,False,560.146,64.9299097086893
De Loach Russian River Chard,15708.659999999998,36.695937145498085,False,560.146,64.9299097086893
De Martino Cab Svgn Estate,13.99,34.66761972837741,False,560.146,64.9299097086893
De Martino Carmenere Estate,3611.82,33.14118643786235,False,560.146,64.9299097086893
De Martino Svgn Bl Organic,167.88,31.52251608291637,False,560.146,64.9299097086893
De Villaine Bouzeron Aligot,824.75,2.050318278266151,False,560.146,64.9299097086893
DeKuyper Amaretto,1249.6100000000001,48.02858491849458,False,560.146,64.9299097086893
DeKuyper Anisette,34507.409999999996,31.30214577695424,False,560.146,64.9299097086893
DeKuyper Blackberry Brandy,1118.88,8.715858715858724,False,560.146,64.9299097086893
DeKuyper Blue Curacao,5537.84,24.802811204368506,False,560.146,64.9299097086893
DeKuyper Buttershots,2753.88,22.877540052580358,False,560.146,64.9299097086893
DeKuyper Buttershots Schnaps,120658.51,31.333015798056845,False,560.146,64.9299097086893
DeKuyper Buttershots Schnpps,183928.07,27.97536440882874,False,560.146,64.9299097086893
DeKuyper Buttershots Trav,175.84,95.93949044585987,True,560.146,64.9299097086893
DeKuyper Cactus Juice,241.78,41.00835470262222,False,560.146,64.9299097086893
DeKuyper Cane Trial Pack,21480.16,21.09053191410119,False,560.146,64.9299097086893
DeKuyper Cherry Brandy,519.48,25.259875259875265,False,560.146,64.9299097086893
DeKuyper Coffee Brandy,659.34,17.405284071950753,False,560.146,64.9299097086893
DeKuyper Creme de Banana,1105.77,32.03649945286995,False,560.146,64.9299097086893
DeKuyper Creme de Cacao Dark,5411.98,39.51492799308201,False,560.146,64.9299097086893
DeKuyper Creme de Cacao Whit,7866.25,26.171682822183374,False,560.146,64.9299097086893
DeKuyper Creme de Cassis,9115.86,26.995807307264485,False,560.146,64.9299097086893
DeKuyper Grape Pucker,1311.99,6.145626109955114,False,560.146,64.9299097086893
DeKuyper Green Creme de Ment,18561.42,26.370288480083953,False,560.146,64.9299097086893
DeKuyper Hazelnut,1887.9,37.106838285926166,False,560.146,64.9299097086893
DeKuyper Hot Damn 100*,76002.85,28.201955584560316,False,560.146,64.9299097086893
DeKuyper Hot Damn Cinnamon,82464.93,30.232447799814754,False,560.146,64.9299097086893
DeKuyper Island Punch Pucker,5416.83,25.134072880263925,False,560.146,64.9299097086893
DeKuyper Melon,1375.47,23.453074221902327,False,560.146,64.9299097086893
DeKuyper Mixed Berry Medley,252.77,96.85089211536179,True,560.146,64.9299097086893
DeKuyper O3 Orange Liqueur,199.89999999999998,23.061530765382678,False,560.146,64.9299097086893
DeKuyper Orange Curacao,2211.54,19.645134159906675,False,560.146,64.9299097086893
DeKuyper Peach Pucker,90.93,56.36203673155175,False,560.146,64.9299097086893
DeKuyper Peachtree Schnapps,243751.03,21.883179819472417,False,560.146,64.9299097086893
DeKuyper Peachtree Trav,205463.74,26.74880735647077,False,560.146,64.9299097086893
DeKuyper Peppermint Schnapp,98192.26999999999,23.902859155817442,False,560.146,64.9299097086893
DeKuyper Pineapple,1299.0,14.272517321016172,False,560.146,64.9299097086893
DeKuyper Pomegranate,729.27,60.56330302905645,False,560.146,64.9299097086893
DeKuyper Razzmatazz,64576.869999999995,26.715811239947428,False,560.146,64.9299097086893
DeKuyper Red Apple Schnapps,2384.83,19.702452585718905,False,560.146,64.9299097086893
DeKuyper Root Beer Schnapps,4736.6900000000005,21.688351992636214,False,560.146,64.9299097086893
DeKuyper Sour Apple Pucker,240352.41999999998,22.499773658755515,False,560.146,64.9299097086893
DeKuyper Spearmint Schnapps,1195.08,40.880945208688956,False,560.146,64.9299097086893
DeKuyper Strawberry Pucker,527.52,64.28571428571429,False,560.146,64.9299097086893
DeKuyper Triple Sec,530040.68,25.02540206597845,False,560.146,64.9299097086893
DeKuyper Watermelon Pucker,77944.29999999999,19.918684421147844,False,560.146,64.9299097086893
DeKuyper Wh Cr de Menthe,55468.3,22.103075089735945,False,560.146,64.9299097086893
DeKuyper White Creme de Ment,1428.57,24.889924889924885,False,560.146,64.9299097086893
DeLeon Platinum Tequila,33877.05,16.885679243027365,False,560.146,64.9299097086893
DeLeon Reposado Tequila,19236.05,10.667730641165933,False,560.146,64.9299097086893
DeLille Cellars Chaleur Blnc,1146.69,74.01564503047902,False,560.146,64.9299097086893
DeLille Cellars D2,8985.86,79.3021480414785,False,560.146,64.9299097086893
DeLille Cellars Doyenne AIX,935.76,68.39039924767035,False,560.146,64.9299097086893
DeLille Cellars Gr Ciel Cab,4549.650000000001,66.60446407965448,False,560.146,64.9299097086893
DeLoach Ethans Vyd Znfdl,51388.44,11.924160375368482,False,560.146,64.9299097086893
DeLoach Sonoma Cnty Chard,56533.41,4.339044823229312,False,560.146,64.9299097086893
DeWetshof Limestone Hl Chard,9177.07,28.055686618931748,False,560.146,64.9299097086893
Deadbolt Red,23215.95,48.03744839216142,False,560.146,64.9299097086893
Deanston SM Virgin Oak,33752.9,36.602069748080915,False,560.146,64.9299097086893
Death's Door Gin,43897.11,27.10353825115138,False,560.146,64.9299097086893
Debauchery Chard,156.33,51.506428708501254,False,560.146,64.9299097086893
Debauchery Pnt Nr,11.58,65.97582037996547,True,560.146,64.9299097086893
Debauchery Svgn Bl,2742.04,31.554608977257804,False,560.146,64.9299097086893
Decoy Duckhorn Chard Sonoma,101184.37,34.68097889031675,False,560.146,64.9299097086893
Decoy by Duckhorn Red Sonoma,137588.81,35.196546870345045,False,560.146,64.9299097086893
Deep Eddy Lemon Vodka,154388.54,9.865682284713813,False,560.146,64.9299097086893
Deep Eddy Peach Vodka,18284.31,16.72335461387387,False,560.146,64.9299097086893
Deep Eddy Ruby Red,218911.44,22.41706509262375,False,560.146,64.9299097086893
Deep Eddy Ruby Red Vodka,134864.73,13.33497196969159,False,560.146,64.9299097086893
Deep Eddy Sweet Tea Vodka,7228.999999999999,17.328537833725267,False,560.146,64.9299097086893
Deep Eddy Vodka,9353.56,42.360008153756375,False,560.146,64.9299097086893
Defesa Branco White Alentejo,3078.63,40.509902131792394,False,560.146,64.9299097086893
Defesa Rose Alentejo,5897.46,28.108032949778377,False,560.146,64.9299097086893
Defesa Tinto Red Alentejo,5351.88,34.86251560199407,False,560.146,64.9299097086893
Dekuyper Blue Curacao,20909.31,17.016486914202346,False,560.146,64.9299097086893
Del Maguey Vida Mezcal,216.92999999999998,24.768358456644997,False,560.146,64.9299097086893
Delamotte Bl de Bl Brut,3298.68,76.76767676767676,False,560.146,64.9299097086893
Delamotte Bl de Bl Champagne,1149.77,66.34109430581768,False,560.146,64.9299097086893
Delamotte Brut,6960.27,86.51263279411005,False,560.146,64.9299097086893
Delas Cotes du Rhone,21808.34,33.279836979797636,False,560.146,64.9299097086893
Delicious White P Vella B/B,509.66,11.56457246007142,False,560.146,64.9299097086893
Delish Svgn Bl,10799.34,28.400624482607267,False,560.146,64.9299097086893
Delord Bas-Armagnac 25 Yr,26476.69,28.61362201997304,False,560.146,64.9299097086893
Des Amis Rose,10247.2,13.409028807869477,False,560.146,64.9299097086893
Desert Island Iced Tea,2923.29,24.19670987141201,False,560.146,64.9299097086893
Desert Wind Cab Svgn,8123.72,5.742689309823583,False,560.146,64.9299097086893
Desert Wind Ruah Red,644.6899999999999,28.356264251035373,False,560.146,64.9299097086893
Devils Spring Vodka,9492.72,54.82643541577124,False,560.146,64.9299097086893
Dewar's 15 Yr Old Rsv,19294.850000000002,2.1745180708842167,False,560.146,64.9299097086893
Dewars 18 Yr Old Founders Rv,42753.56,18.19048519000522,False,560.146,64.9299097086893
Dewars Highlander Honey,46676.52,93.08585987130145,False,560.146,64.9299097086893
Dewars Scratch Cask Scotch,38435.21,20.761588137543672,False,560.146,64.9299097086893
Dewars Special RSV 12-Year,16094.11,18.06194937154028,False,560.146,64.9299097086893
Dewars Special RSV 12-Yr,112630.53,21.366435903302587,False,560.146,64.9299097086893
Dewars Special Reserve 12 Yr,66365.5,21.59326758632121,False,560.146,64.9299097086893
Dewars Wh Label & Honey 2 Pk,3429.02,97.64480813760198,False,560.146,64.9299097086893
Dewars White Label,2715618.4299999997,24.192815614612236,False,560.146,64.9299097086893
Dewars White Label Scotch,178592.83,21.10650802722595,False,560.146,64.9299097086893
Dewatsuru Kimoto Junmai Sake,11248.41,45.15704886290596,False,560.146,64.9299097086893
Di Majo Norante Sangiovese,25978.190000000002,34.87571689944527,False,560.146,64.9299097086893
Di Padrino Dry Vermouth,18416.95,34.62163930509667,False,560.146,64.9299097086893
Di Padrino Sweet Vermouth,26902.33,33.57266824100367,False,560.146,64.9299097086893
DiSaronna Amaretto Sour VAP,56941.89,85.78210171808487,False,560.146,64.9299097086893
DiSaronno Amaretto,4781.16,99.553246492483,False,560.146,64.9299097086893
DiSaronno Cavalli Collection,21914.13,41.04347286431175,False,560.146,64.9299097086893
DiSaronno Cavalli Glass Pack,1369.37,62.63391194490896,False,560.146,64.9299097086893
DiSaronno Etro Icon VAP,41659.159999999996,24.825464555694353,False,560.146,64.9299097086893
Diamond Creek Red Rock Cab S,4724.79,39.683880130122176,False,560.146,64.9299097086893
Diamond Crk Cab Svgn Volcanc,4274.81,41.13562941978708,False,560.146,64.9299097086893
Diamond Crk Gravelly Cab Svg,3149.86,31.508067025201118,False,560.146,64.9299097086893
Dibon Cava Brut Rsv,28208.63,29.140621150335917,False,560.146,64.9299097086893
Dictador 12 Yr Rum,17864.84,41.56846632827387,False,560.146,64.9299097086893
Dictador 20 Yr Rum,5039.16,85.88971177735972,False,560.146,64.9299097086893
Dingle Original PotStill Gin,179.94,20.64021340446815,False,560.146,64.9299097086893
Diora Pnt Nr,4287.23,46.17783510565096,False,560.146,64.9299097086893
Diseno Malbec Mendoza,12328.130000000001,37.669703353225515,False,560.146,64.9299097086893
Diseno Red Blend Mendoza,6982.320000000001,49.181360923016996,False,560.146,64.9299097086893
Diseno Torrontes Salta,685.02,82.76838632448687,False,560.146,64.9299097086893
Distroya Spiced Liqueur,20213.26,32.603053639046834,False,560.146,64.9299097086893
Djinn Spirits Gin,10495.79,19.196744599501343,False,560.146,64.9299097086893
Dolin Dry White Vermouth,54001.4,35.355083386727024,False,560.146,64.9299097086893
Dolin Sweet Red Vermouth,55176.56,36.266142724374255,False,560.146,64.9299097086893
Dolin Sweet White Vermouth,1308.1200000000001,33.800415863988015,False,560.146,64.9299097086893
Dom Bousquet Cab Svgn Mendza,24776.03,47.41506205796489,False,560.146,64.9299097086893
Dom Bousquet Cab Svgn Rsv,4461.21,23.637309160519226,False,560.146,64.9299097086893
Dom Bousquet Chardonnay,6402.2699999999995,41.390006981898594,False,560.146,64.9299097086893
Dom Bousquet Malbec Gr Rsv,311.88,31.050404001539057,False,560.146,64.9299097086893
Dom Bousquet Malbec Mendoza,31388.98,28.73747410715481,False,560.146,64.9299097086893
Dom Bousquet Pnt Nr Rsv,1236.3,65.45741324921136,False,560.146,64.9299097086893
Dom Cachot Monot Ct Nuits,4534.32,78.97215017907865,False,560.146,64.9299097086893
Dom Carneros Brut,65147.869999999995,40.363775515607806,False,560.146,64.9299097086893
Dom Carneros Pnt Nr Napa Vly,19517.46,37.37053899431586,False,560.146,64.9299097086893
Dom Chandon 00 Carnrs Pnt Nr,551.76,31.970421922575028,False,560.146,64.9299097086893
Dom Chandon Blanc de Noir C,139587.53,32.067656759883924,False,560.146,64.9299097086893
Dom Chandon Brut,32261.88,36.63571372778027,False,560.146,64.9299097086893
Dom Chandon Brut Cuvee,312343.97,34.65203442217885,False,560.146,64.9299097086893
Dom Chandon Etoile,909.66,33.70600004397248,False,560.146,64.9299097086893
Dom Chandon Riche Extra Dry,227.88,31.49025803054239,False,560.146,64.9299097086893
Dom Chandon Rose Spklg,169419.24999999997,38.11301051353024,False,560.146,64.9299097086893
Dom Cherrier Sancerre,88498.18,28.08933471852189,False,560.146,64.9299097086893
Dom Clape Cornas Rd,1151.8799999999999,83.10761537660173,False,560.146,64.9299097086893
Dom Clavel Languedoc,3987.15,79.39054211654941,False,560.146,64.9299097086893
Dom D'Andezon CdRhone Red,7691.18,43.54897427962939,False,560.146,64.9299097086893
Dom Dionysos Charline CdR Bl,2464.63,26.518787809934963,False,560.146,64.9299097086893
Dom Faiv Cham Clos De Beze,2141.9300000000003,51.07683257622798,False,560.146,64.9299097086893
Dom Faiveley Mercurey 14 Bl,6344.469999999999,8.253959747622721,False,560.146,64.9299097086893
Dom Ferret Pouilly Fuisse,14683.34,33.11297020977516,False,560.146,64.9299097086893
Dom Fleurot-Larose Chass-Mon,223.96,33.77388819432042,False,560.146,64.9299097086893
Dom Fond Croze CdR Serra Grd,2117.37,59.36279441004642,False,560.146,64.9299097086893
Dom Fond Croze La Croix Coq,14050.189999999999,69.27870726303345,False,560.146,64.9299097086893
Dom Fond Croze Serre CdR Bl,1439.04,8.914276184122746,False,560.146,64.9299097086893
Dom Fontsainte Corbieres Gr,5512.06,50.09488285686295,False,560.146,64.9299097086893
Dom Fouassier Sancerre 13,2014.8799999999999,87.32629238465815,False,560.146,64.9299097086893
Dom Henri Boillot Mersault,1259.82,77.92541791684526,False,560.146,64.9299097086893
Dom Janasse Terre d'Argile,1019.4899999999999,98.68365555326683,False,560.146,64.9299097086893
Dom La Fage Cve Nicholas VdP,5366.85,41.715717786038375,False,560.146,64.9299097086893
Dom La Fage Tess Carignan VV,1454.88,46.28972836247664,False,560.146,64.9299097086893
Dom La Fage Tessellae CdRous,15565.29,9.995894711887804,False,560.146,64.9299097086893
Dom La Suffrene Bandol Rose,2736.93,31.389549604849222,False,560.146,64.9299097086893
Dom LaFage Mira Cd Rousillon,179.88,34.62308205470313,False,560.146,64.9299097086893
Dom Leflaive Merslt 07 d'Ane,236.97,32.89023927079377,False,560.146,64.9299097086893
Dom Pere Caboche Cote Rhone,21411.06,38.13776618252436,False,560.146,64.9299097086893
Dom Perignon,589317.73,32.84828542321305,False,560.146,64.9299097086893
Dom Perignon P2 Blanc 1998,16499.45,10.851331408016629,False,560.146,64.9299097086893
Dom Perignon Rose,2529.8900000000003,37.73247058172491,False,560.146,64.9299097086893
Dom Piquemal Cotes du Roussi,359.76,65.51034022681789,True,560.146,64.9299097086893
Dom Poujol Rose Coteaux du,1614.15,68.48867825171143,False,560.146,64.9299097086893
Dom Prieur Meurslt Mazray 13,1671.78,10.293220399813368,False,560.146,64.9299097086893
Dom R Bouvier Marsny Rose 14,3551.13,54.56939058834793,False,560.146,64.9299097086893
Dom Roux Bourgogne Chard,5021.459999999999,26.931211241352106,False,560.146,64.9299097086893
Dom Roux Bourgogne Pnt Nr,5725.12,34.73918450617629,False,560.146,64.9299097086893
Dom Seguinot-Bordet Chablis,49109.70999999999,32.12106119136112,False,560.146,64.9299097086893
Dom Serene Evenstad 11 Pnt N,16964.16,35.48539980759436,False,560.146,64.9299097086893
Dom Serene Evenstad Chard,6222.59,49.63913740098577,False,560.146,64.9299097086893
Dom Serene Roadblock Syrah,359.79999999999995,79.58866036687049,True,560.146,64.9299097086893
Dom Serene Rose,8884.85,38.1053325124235,False,560.146,64.9299097086893
Dom Serene Yamhill Cv Pnt Nr,30323.68,23.85070017887012,False,560.146,64.9299097086893
Dom Sourdais Chinon,742.51,51.51445771774118,False,560.146,64.9299097086893
Dom St Andrieu Rose CdP,2702.31,78.97798550129333,False,560.146,64.9299097086893
Dom Ste Michelle Brut Cuvee,27837.42,36.39119573581172,False,560.146,64.9299097086893
Dom Ste Michelle Extra Dry,2201.4,33.39420368856183,False,560.146,64.9299097086893
Dom Tempier Bandol Rg,4758.81,81.44536134033508,False,560.146,64.9299097086893
Dom Tempier Bandol Rose Pro,9749.32,41.51899824808294,False,560.146,64.9299097086893
Dom Trinquevedel Tavel Rose,13401.12,10.49703308380196,False,560.146,64.9299097086893
Dom Vacheron Sancerre Blanc,46821.439999999995,28.205305091001044,False,560.146,64.9299097086893
Dom Virginie Thunevin Brdx,1896.8799999999999,81.67780776854624,False,560.146,64.9299097086893
Dom Zind Humbrecht Pnt Bl 12,967.56,9.711025672826484,False,560.146,64.9299097086893
Dom Zind Humbrecht Rsl 12,2616.81,18.820242967582658,False,560.146,64.9299097086893
Dom de Canton Ginger Liqueur,115161.6,34.78826275425141,False,560.146,64.9299097086893
Dom de Dionysos Cairanne Cig,21444.519999999997,23.009328257289035,False,560.146,64.9299097086893
Dom de Dionysos La Deveze,64516.96,27.91448946137574,False,560.146,64.9299097086893
Dom de La Foret 15 Rose,374.75,4.032021347565047,False,560.146,64.9299097086893
Dom de La Petite Cassagne,2916.63,49.799940342107156,False,560.146,64.9299097086893
Dom de Marcoux 12 Nerf Rouge,3499.4999999999995,54.79297042434633,False,560.146,64.9299097086893
Dom de Nouelles Rose d'Anjou,1163.1599999999999,47.42597750954297,False,560.146,64.9299097086893
Dom de Reuilly Pierre Plates,469.53000000000003,29.56360615935084,False,560.146,64.9299097086893
Dom de Reuilly Pnt Gris,119.88,33.33333333333333,False,560.146,64.9299097086893
Dom de Victoires Quincy Whte,775.03,34.66833541927409,False,560.146,64.9299097086893
Dom de la Damase Grenache,563.53,48.574166415275144,False,560.146,64.9299097086893
Dom de la Fruitiere Chard,2230.14,19.900992762786192,False,560.146,64.9299097086893
Dom du Dupeuble Bjls,1359.1499999999999,91.3158959643895,False,560.146,64.9299097086893
Dom du Garde Temps Tour Rose,7787.13,64.47009360316318,False,560.146,64.9299097086893
Dom du Gr Montmirall Gigonda,20501.25,35.25224071702945,False,560.146,64.9299097086893
Dom du Grand Tinel Ch d Pape,3239.28,84.04583734657085,False,560.146,64.9299097086893
Dom du Grand Tinel Establet,227.94,32.877072913924714,False,560.146,64.9299097086893
Dom du Gros Nore Antoinette,2713.41,60.63551029884904,False,560.146,64.9299097086893
Dom du Pegau Chntf du Pape R,13858.02,40.637623556612,False,560.146,64.9299097086893
Dom le Clos des Lumieres CdR,1777.9499999999998,52.86144154785005,False,560.146,64.9299097086893
Dom les Pallieres Gigondas,5074.92,72.41611690430588,False,560.146,64.9299097086893
Domain Drouhin Pnt Nr Ore,9069.84,37.59206336605718,False,560.146,64.9299097086893
Domaine Pallieres Gigondas R,8505.19,59.77996964206561,False,560.146,64.9299097086893
Domaine de la Damase Rhone,1043.28,10.466988727858286,False,560.146,64.9299097086893
Dominio de Eguren Protocolo,8667.51,39.51319352386095,False,560.146,64.9299097086893
Domino Cab Svgn,3991.13,36.021774983946884,False,560.146,64.9299097086893
Domino Chard,5609.98,35.728369905685675,False,560.146,64.9299097086893
Domino Merlot,2399.38,43.84666075097279,False,560.146,64.9299097086893
Domino Moscato,143.76,17.863105175292148,False,560.146,64.9299097086893
Domino Pnt Grigio,5783.3099999999995,37.154024983706435,False,560.146,64.9299097086893
Dominus 13 Christian Moueix,5979.77,15.304434785953323,False,560.146,64.9299097086893
Dominus Napanook 13,1367.76,34.21652921565187,False,560.146,64.9299097086893
Don & Sons Pnt Nr Sonoma Cst,6803.299999999999,42.91711375361956,False,560.146,64.9299097086893
Don Eduardo Anejo Tequila,12232.42,16.823490364130727,False,560.146,64.9299097086893
Don Felix Anejo Tequila,33944.96,31.98884311544335,False,560.146,64.9299097086893
Don Julio 1942 Anejo Tequila,136151.79,16.741131350531642,False,560.146,64.9299097086893
Don Julio 70th Anniversary,79175.14,22.53725096033932,False,560.146,64.9299097086893
Don Julio Anejo Tequila,196544.39,12.858642263968969,False,560.146,64.9299097086893
Don Julio Blanco Tequila,204226.72,19.352864306884037,False,560.146,64.9299097086893
Don Julio Real Tequila,5399.82,69.3791644906682,False,560.146,64.9299097086893
Don Julio Reposado Tequila,76695.93000000001,2.4808096074980868,False,560.146,64.9299097086893
Don Miguel Gascon Colosal Rd,18104.9,32.889770172715686,False,560.146,64.9299097086893
Don Miguel Gascon Malbec Rsv,61413.659999999996,31.16376714887209,False,560.146,64.9299097086893
Don Q Coco Coconut Rum,77.94,73.33846548627149,True,560.146,64.9299097086893
Don Q Coco Rum,119.94,40.47023511755877,False,560.146,64.9299097086893
Don Q Cristal Rum,132552.96999999997,34.7227679846724,False,560.146,64.9299097086893
Don Q Limon Rum,311.76,21.862971516551195,False,560.146,64.9299097086893
Don Ramon Reposado Tequila,8322.15,60.6899659342838,False,560.146,64.9299097086893
Don Ramon Silver Tequila,18548.11,42.8187022828741,False,560.146,64.9299097086893
Don Simon Selecion Chard,464.07,41.353675092119715,False,560.146,64.9299097086893
Dona Paula Est Red Blend,1390.84,74.53337551407782,False,560.146,64.9299097086893
Dona Paula Malbec Mendoza,63343.17,36.55814825813106,False,560.146,64.9299097086893
Donegal Irish Whiskey,7770.86,68.74631636652829,False,560.146,64.9299097086893
Donnafugata Ben Rye,1223.28,32.90170688640376,False,560.146,64.9299097086893
Donnafugata Mille una Notte,510.92999999999995,80.29475662028067,True,560.146,64.9299097086893
Donum Russian River Pnt Nr,395.94,32.42915593271707,False,560.146,64.9299097086893
Dos Minas Malbec,2739.69,45.296000642408444,False,560.146,64.9299097086893
Dos Minas Torrontes,297.75,39.30478589420655,False,560.146,64.9299097086893
Double Canyon Heaven H Cab S,5469.72,70.6679683786373,False,560.146,64.9299097086893
Double Cross Vodka,32341.75,16.90585698052827,False,560.146,64.9299097086893
Double Decker Red,1800.96,83.19951581378821,False,560.146,64.9299097086893
Double T Trefethen Red,311.88,31.050404001539057,False,560.146,64.9299097086893
Douce Provence Pear Liqueur,21.99,28.55843565256934,False,560.146,64.9299097086893
Douglass Hill Cab Svgn,263.56,26.24070420397632,False,560.146,64.9299097086893
Douglass Hill Chard,1180.03,26.41543011618348,False,560.146,64.9299097086893
Douglass Hill Merlot,143.76,0.08347245409013365,False,560.146,64.9299097086893
Dow LBV Port,5819.639999999999,16.125224240674672,False,560.146,64.9299097086893
Dow's 10 Yr Old Tawny Port,7296.820000000001,24.278521328469118,False,560.146,64.9299097086893
Dr Frank Johannisberg Rsl,11865.8,12.658407285302129,False,560.146,64.9299097086893
Dr Konstantin Frank Rose,5012.049999999999,77.17341207689469,False,560.146,64.9299097086893
Dr Loosen Rsl 'Dr L' M,114130.73,41.64344694895055,False,560.146,64.9299097086893
Dr McGillicuddy's Apple Pie,148264.02,62.65276036569227,False,560.146,64.9299097086893
Dr McGillicuddy's Butterscth,145183.62,28.463142054179386,False,560.146,64.9299097086893
Dr McGillicuddy's Cherry,66881.82,16.469034485006535,False,560.146,64.9299097086893
Dr McGillicuddy's Grape,77415.37,23.083684803159883,False,560.146,64.9299097086893
Dr McGillicuddy's Menth Trav,200642.77,29.697740915359173,False,560.146,64.9299097086893
Dr McGillicuddy's Mentholmnt,1061780.95,26.555825605519853,False,560.146,64.9299097086893
Dr McGillicuddy's Peach,38996.16,35.71630317763958,False,560.146,64.9299097086893
Dr McGillicuddy's Peppermint,12040.380000000001,0.8589429901714222,False,560.146,64.9299097086893
Dr McGillicuddy's Root Beer,299982.46,41.06754859362354,False,560.146,64.9299097086893
Dr McGillicuddy's Vanilla,49437.090000000004,25.715247398259084,False,560.146,64.9299097086893
Dr McGillicudy's Buttersctch,398.97,86.13930871995387,True,560.146,64.9299097086893
Dr Tanisch Feinherb Rsl,359.76,32.421614409606406,False,560.146,64.9299097086893
Dragani Mntplcno d'Abruzzo,1880.8600000000001,32.033218846697785,False,560.146,64.9299097086893
Drambuie,413965.35,14.457964466895037,False,560.146,64.9299097086893
Drambuie 15 Yr Old,5738.360000000001,17.79114590231357,False,560.146,64.9299097086893
Drambuie Glass Pack,18167.239999999998,27.656595057917432,False,560.146,64.9299097086893
Drambuie Liqueur,56149.89,20.270903469267697,False,560.146,64.9299097086893
Dream Catcher Irish Liqueur,20678.57,12.435224154079586,False,560.146,64.9299097086893
Drops of Jupiter Red,36250.63,33.3153658295042,False,560.146,64.9299097086893
Drouhin Chorey Les Beaune,6247.5,37.60000000000001,False,560.146,64.9299097086893
Drouhin Laforet Red Bourgog,4371.57,43.44182982315278,False,560.146,64.9299097086893
Drouhin Pouilly Fuisse,8060.639999999999,27.201562158836012,False,560.146,64.9299097086893
Drouhin St Veran,10572.359999999999,33.228153411348075,False,560.146,64.9299097086893
Dry Creek Cab Svgn Sonoma,15493.279999999999,32.12166823293711,False,560.146,64.9299097086893
Dry Creek Chenin Blanc Dry,11332.41,37.4985550293362,False,560.146,64.9299097086893
Dry Creek Fume Bl Sonoma,78827.57,36.793814651396715,False,560.146,64.9299097086893
Dry Creek Vyds Est Block 10,7470.499999999999,32.98815340338665,False,560.146,64.9299097086893
Dry Sack Sherry,63214.14,26.6868931539684,False,560.146,64.9299097086893
Drylands Svgn Bl Marlboro,15815.74,32.79859178261656,False,560.146,64.9299097086893
Du Peyrat Organic Cognac,7078.2300000000005,71.75565077710105,False,560.146,64.9299097086893
DuCourt Brdx Blanc,305.64,7.970160973694547,False,560.146,64.9299097086893
Duboeuf Beaujolais,15032.07,43.441588550346026,False,560.146,64.9299097086893
Duboeuf Beaujolais Villages,42893.7,31.871347074278965,False,560.146,64.9299097086893
Duboeuf Bjls Nouveau 2014,84743.89,53.34012871016424,False,560.146,64.9299097086893
Duboeuf Bjls Rd,163.98999999999998,51.19214586255259,False,560.146,64.9299097086893
Duboeuf Pouilly Fuisse,1641.25,90.18796648895659,False,560.146,64.9299097086893
Dubonnet Bl,131.88,31.028207461328485,False,560.146,64.9299097086893
Dubonnet Rouge,58171.86,39.992171472598606,False,560.146,64.9299097086893
Duca di Salaparuta Paso Mule,945.5699999999999,34.19736243747158,False,560.146,64.9299097086893
Duck Pond Chard Wash,5850.97,40.31587924737266,False,560.146,64.9299097086893
Duck Pond Pnt Gris Ore,30197.72,36.25485632690151,False,560.146,64.9299097086893
Duck Pond Syrah Columbia,2704.7699999999995,74.71651933436114,False,560.146,64.9299097086893
Duck Pond Willamette Pnt Nr,45361.6,41.27438185601918,False,560.146,64.9299097086893
Duckhorn Cab Svgn Napa,110351.94,25.497530899773945,False,560.146,64.9299097086893
Duckhorn Chard Napa Vly,8537.560000000001,26.160284671498662,False,560.146,64.9299097086893
Duckhorn Decoy Cab Svgn,508256.94999999995,36.465100969106274,False,560.146,64.9299097086893
Duckhorn Decoy Merlot Sonoma,30655.21,27.994230018323147,False,560.146,64.9299097086893
Duckhorn Decoy Pnt Nr,228007.94,34.9353447954488,False,560.146,64.9299097086893
Duckhorn Decoy Svgn Bl,82049.56,35.89174640302763,False,560.146,64.9299097086893
Duckhorn Decoy Znfdl Napa Vl,45579.619999999995,49.56605605750991,False,560.146,64.9299097086893
Duckhorn Estates Merlot,3059.82,78.49481342039728,False,560.146,64.9299097086893
Duckhorn Howell Mtn Cab Svgn,7309.57,75.9942103297458,False,560.146,64.9299097086893
Duckhorn Merlot Napa,62739.770000000004,29.530344150129977,False,560.146,64.9299097086893
Duckhorn Svgn Bl Napa,62877.99,24.25330389855019,False,560.146,64.9299097086893
Due Torri Pinot Grigio Dell,11105.33,36.11302414449759,False,560.146,64.9299097086893
Due Torri Pnt Nr del Venezie,9372.38,38.80999276597832,False,560.146,64.9299097086893
Duggans Dew O Kirkintilloch,114698.59,15.775531395110125,False,560.146,64.9299097086893
Dumangin Champagne Cuvee 17,11809.99,43.790468916569786,False,560.146,64.9299097086893
Dunn Cab Svgn Howell Mtn,8839.32,42.73665847599137,False,560.146,64.9299097086893
Dunn Vyds Cab Svgn Napa Vly,4274.429999999999,30.29246004730454,False,560.146,64.9299097086893
Durigutti Malbec Mendoza,21656.04,35.75048808554103,False,560.146,64.9299097086893
Dutton Goldfield Chard Dutto,3782.03,90.37924077810064,False,560.146,64.9299097086893
Duval-Leroy Champagne Brut,48592.81,59.034433283442546,False,560.146,64.9299097086893
Duval-Leroy Femme de Chmpgne,4199.79,50.74039416256527,False,560.146,64.9299097086893
Duval-Leroy Prestige Rose,3233.12,93.00908233095882,False,560.146,64.9299097086893
Dylan's Ghost Hell Hollow CS,11074.62,39.66664318956316,False,560.146,64.9299097086893
Dylans Ghost Stags Leap Red,4949.01,36.28463066350645,False,560.146,64.9299097086893
Dynamite Cab Svgn N Cst,26154.92,36.02740899226608,False,560.146,64.9299097086893
Dynamite Merlot N Cst,2711.87,44.03271543252442,False,560.146,64.9299097086893
E & J Brandy VS,409534.62,27.30778745318958,False,560.146,64.9299097086893
E & J Superior RSV VSOP,253001.9,25.788946425990872,False,560.146,64.9299097086893
E & J Superior Rsv VSOP,86022.81,21.06540114185992,False,560.146,64.9299097086893
E & J XO Brandy,216644.21999999997,21.693147854771713,False,560.146,64.9299097086893
E&J Apple Brandy,30674.940000000002,5.242064043157052,False,560.146,64.9299097086893
E&J Peach Brandy,21412.79,56.362551755992946,False,560.146,64.9299097086893
E.H. Taylor Jr Small Batch,44148.96000000001,29.502303112009898,False,560.146,64.9299097086893
E.H.Taylor Jr Single Barrel,41333.11,25.415338937718456,False,560.146,64.9299097086893
EOS Cab Svgn Paso Robles,725.3399999999999,33.417431825075134,False,560.146,64.9299097086893
Eagle Glen Cab Svgn Napa Vly,6970.83,32.32599274404914,False,560.146,64.9299097086893
Eagle Rare Bourbon 17 yr,79.99,28.05350668833604,False,560.146,64.9299097086893
Eagle Rare Single Barrel Bo,257336.97999999998,29.88318274349842,False,560.146,64.9299097086893
Early Times,130518.51,24.55235659677696,False,560.146,64.9299097086893
Early Times Mint Julep RTD,233.82,34.64203233256351,False,560.146,64.9299097086893
Earthshaker La Quete Lirac C,191.88,34.64665415884928,False,560.146,64.9299097086893
Easton Amador Cnty Znfdl,10616.039999999999,42.33442978737833,False,560.146,64.9299097086893
Easton Svgn Bl Sierra Foothl,14806.59,42.916768817128045,False,560.146,64.9299097086893
Ecco Domani Colle Pnt Grigio,28127.37,31.68596992893399,False,560.146,64.9299097086893
Ecco Domani Collezion Merlot,203.76,32.86219081272084,False,560.146,64.9299097086893
Ecco Domani Merlot Venezie,26973.0,34.271493715938156,False,560.146,64.9299097086893
Ecco Domani Pnt Grigio Venez,270058.6,33.56481889486208,False,560.146,64.9299097086893
Ecco Domani Prosecco,1047.9,85.1588892069854,False,560.146,64.9299097086893
Echeverria Ltd Edtn Cab Svgn,492.83,53.00610758273645,False,560.146,64.9299097086893
Eden Heirloom Blnd Ice Cider,14112.999999999998,26.762559342450214,False,560.146,64.9299097086893
Eden Ice Cider Honey Crisp,1938.79,36.59963172906813,False,560.146,64.9299097086893
Eden Ice Sprklng Cider Semi,297.49,26.679888399610075,False,560.146,64.9299097086893
Eden Ice Windfall Orchard,359.79999999999995,35.09727626459143,False,560.146,64.9299097086893
Eden Rose Cider Keg,502.98,35.06302437472663,False,560.146,64.9299097086893
Edmeades Mendocino Znfdl,10893.77,14.394924805645793,False,560.146,64.9299097086893
Edna Valley Chard,74889.73,29.660635710664195,False,560.146,64.9299097086893
Edna Valley Paragon Pnt Grig,17312.78,0.48195610410343515,False,560.146,64.9299097086893
Edna Valley Paragon Pnt Nr,16405.24,24.08523130414429,False,560.146,64.9299097086893
Edna Valley Paragon Svgn Bl,23877.63,32.2844855205479,False,560.146,64.9299097086893
Edna Valley San Luis Cab Svg,21283.95,28.388386554187555,False,560.146,64.9299097086893
Edna Valley San Luis Obs Mer,2076.24,18.743497861518897,False,560.146,64.9299097086893
Edradour 10 Yr Single Malt,53350.450000000004,40.695795443149976,False,560.146,64.9299097086893
Educated Guess Cab Svgn Napa,85683.5,43.143008864016984,False,560.146,64.9299097086893
Educated Guess Chard,11567.31,40.11710587854911,False,560.146,64.9299097086893
Effen Cucumber Vodka,132057.08,30.1663795685926,False,560.146,64.9299097086893
Egan's Single Malt Irish Wh,21369.43,0.6133996086933612,False,560.146,64.9299097086893
Egri Bikaver Bulls Blood Eg,723.81,28.026692087702575,False,560.146,64.9299097086893
El Caballo Gold Tequila,359.6,37.03003337041157,False,560.146,64.9299097086893
El Charro Silver Tequila,54853.2,19.992452582529356,False,560.146,64.9299097086893
El Coto de Rioja Crianza Re,11785.73,32.73382302156931,False,560.146,64.9299097086893
El Coto de Rioja RSV Coto d,25851.39,40.9733867308489,False,560.146,64.9299097086893
El Enemigo 11 Cab Franc Mend,6247.499999999999,27.335094037615036,False,560.146,64.9299097086893
El Enemigo Malbec Mendoza,4911.24,51.92293595914678,False,560.146,64.9299097086893
El Jimador Blanco Tequila,111349.37,29.563103949308367,False,560.146,64.9299097086893
El Jimador Reposado Tequila,105687.9,19.913598115046025,False,560.146,64.9299097086893
El Jimador Silver Tequila,9030.98,20.94324204017726,False,560.146,64.9299097086893
El Mayor Anejo Tequila,97170.43,34.3557499951374,False,560.146,64.9299097086893
El Mayor Reposado Tequila,79675.68,21.849929614657817,False,560.146,64.9299097086893
El Petit Carlania Trepat,803.57,14.387047799196088,False,560.146,64.9299097086893
El Tesoro Anejo Gold Tequil,20918.88,18.34648891336439,False,560.146,64.9299097086893
El Toro Gold,72164.72,25.317773005978545,False,560.146,64.9299097086893
El Toro Gold Tequila,9012.72,27.74656263591901,False,560.146,64.9299097086893
El Toro Silver Tequila,519.35,37.27929142196977,False,560.146,64.9299097086893
Elderton Barossa Shiraz,8434.3,21.44078346750766,False,560.146,64.9299097086893
Elderton E Series Shiraz/Cab,503.71999999999997,3.1962201222901547,False,560.146,64.9299097086893
Elijah Craig 12 Yr Bourbon,91550.42,24.157365962930587,False,560.146,64.9299097086893
Elijah Craig 18 Yr,519.96,82.01400107700593,True,560.146,64.9299097086893
Elizabeth Rose Pnt Nr,239.88,34.61730865432716,False,560.146,64.9299097086893
Elk Cove Five Mtn Pnt Nr,2067.56,30.417980614831013,False,560.146,64.9299097086893
Elk Cove La Boheme Pnt Nr,2960.37,48.14263081979618,False,560.146,64.9299097086893
Elk Cove Pinot Bl,2356.69,78.63189473371551,False,560.146,64.9299097086893
Elk Cove Pnt Gris Ore,39016.909999999996,40.35370817422497,False,560.146,64.9299097086893
Elk Cove Pnt Nr Ore,37213.92,44.23398556239171,False,560.146,64.9299097086893
Elmer T Lee Bourbon,9342.33,21.863389539868535,False,560.146,64.9299097086893
Elvio Cogno Barbera D'Alba B,5971.1900000000005,35.730063856618195,False,560.146,64.9299097086893
Elvio Cogno Barolo Ravera,8328.81,14.858785348687261,False,560.146,64.9299097086893
Elvio Cogno Barolo Vignaelen,3499.65,32.883288328832876,False,560.146,64.9299097086893
Elvio Cogno Dolcetto D'Alba,2198.9,22.23566328618856,False,560.146,64.9299097086893
Elvio Tintero Moscato D'Asti,3626.7000000000003,41.79171147324014,False,560.146,64.9299097086893
Emblem Cab Svgn,34135.159999999996,26.449502507092394,False,560.146,64.9299097086893
Emilio Lustau Amontillado S,8056.079999999999,27.708761581314974,False,560.146,64.9299097086893
Emilio Lustau Fino Sherry,3715.72,17.427577966046957,False,560.146,64.9299097086893
Emmets Irish Cream,259709.47999999998,23.911812881811553,False,560.146,64.9299097086893
Emmolo Merlot,5045.13,78.59856931337745,False,560.146,64.9299097086893
Emmolo Svgn Blanc,937.3299999999999,94.18774604461608,False,560.146,64.9299097086893
EnRoute Chard Brumaire RRV,6719.57,35.02441376457124,False,560.146,64.9299097086893
EnRoute Pnt Nr,11621.91,44.89838589354073,False,560.146,64.9299097086893
Entwine Cab Svgn,3475.65,33.5505588882655,False,560.146,64.9299097086893
Entwine Pnt Grigio,545.61,40.17704954088085,False,560.146,64.9299097086893
Enzo Boglietti Barolo Fosati,2399.68,91.6105480730764,False,560.146,64.9299097086893
Enzo Boglietti Brl Case Nere,2124.75,68.83021531944935,False,560.146,64.9299097086893
Enzo Boglietti Dolcetto Alba,1255.3999999999999,87.89867771228293,False,560.146,64.9299097086893
Epiphany Revelation,7278.61,30.829787555590965,False,560.146,64.9299097086893
Eponymous Cab Svgn Napa,9762.880000000001,19.44426234881511,False,560.146,64.9299097086893
Eppa Red Sangria Organic,29797.03,28.45595685207552,False,560.146,64.9299097086893
Eppa White Sangria Organic,3013.68,29.022988505747122,False,560.146,64.9299097086893
Erath Leland Pnt Nr,1860.51,42.41256429688634,False,560.146,64.9299097086893
Erath Pnt Gris Ore,29922.45,35.87958205294019,False,560.146,64.9299097086893
Erath Pnt Nr Estate OR,44983.799999999996,33.68732743787763,False,560.146,64.9299097086893
Erath Pnt Nr Oregon,164008.15,32.94432624232393,False,560.146,64.9299097086893
Erath Prince Hill Pnt Nr,2451.35,43.93089522100067,False,560.146,64.9299097086893
Eric Kent Chardonnay RRV,1253.68,27.769446748771625,False,560.146,64.9299097086893
Eric Kent Small Town Pnt Nr,1389.68,4.737781359737504,False,560.146,64.9299097086893
Ermita Rioja Crianza,543.67,64.70653153567422,False,560.146,64.9299097086893
Ermita Rioja White,508.68,83.67539514036328,True,560.146,64.9299097086893
Ermita Sn Felices Rose Rioja,586.63,90.10960912329749,False,560.146,64.9299097086893
Errazuriz Max Fndrs RSV,4175.42,77.46334500481389,False,560.146,64.9299097086893
Esclans Whispering Angel Ros,50890.11,21.84615046027607,False,560.146,64.9299097086893
Esperto Venezie Pnt Grigio,719.28,33.733733733733736,False,560.146,64.9299097086893
Espolon Anejo Tequila,45282.57,32.049616441822984,False,560.146,64.9299097086893
Espolon Blanco Tequila,204392.94999999998,30.596647291406082,False,560.146,64.9299097086893
Espolon Reposado Tequila,109912.37,28.1149155459026,False,560.146,64.9299097086893
Esporao Reserva Red Alentejo,299.88,32.89315726290516,False,560.146,64.9299097086893
Essenciel Paradis Prvnc Rose,38580.37,30.567928716080235,False,560.146,64.9299097086893
Est! Est!! Est!!! Bigi Grfti,105.36,31.89066059225512,False,560.146,64.9299097086893
Estancia Cab Svgn Paso Roble,162703.12,50.51036513620637,False,560.146,64.9299097086893
Estancia Chard,163534.03,45.01157343214742,False,560.146,64.9299097086893
Estancia Meritage,63306.06,38.334655481639516,False,560.146,64.9299097086893
Estancia Merlot Central Cst,47256.54,49.69487821156606,False,560.146,64.9299097086893
Estancia Monterey County GSM,2065.02,55.742801522503406,False,560.146,64.9299097086893
Estancia Pnt Grigio Cal,49435.74,46.91209234452645,False,560.146,64.9299097086893
Estancia Pnt Nr Monterey,90391.56999999999,49.83645045660784,False,560.146,64.9299097086893
Estancia Rsv Meritage Paso R,1183.75,31.966228949682076,False,560.146,64.9299097086893
Estancia Svgn Bl Pinnacles,13180.86,53.02347494776517,False,560.146,64.9299097086893
Estancia Unoaked Chard,22060.66,37.51836980398592,False,560.146,64.9299097086893
Etude Carneros Pnt Nr,21167.86,20.521961124081514,False,560.146,64.9299097086893
Evan Williams Black Label B,663682.6699999999,29.266827225801944,False,560.146,64.9299097086893
Evan Williams Egg Nog,12057.75,21.015114760216463,False,560.146,64.9299097086893
Evan Williams Honey Reserve,218254.53999999998,26.839618384170215,False,560.146,64.9299097086893
Evan Williams Single Barrel,46958.89,22.694893341814502,False,560.146,64.9299097086893
Evans Nine Stones Brs Shiraz,573.56,41.06283562312573,False,560.146,64.9299097086893
Everclear 151,307740.52,27.91339780347715,False,560.146,64.9299097086893
Evodia Garnacha Old Vine,145025.77,39.09556211975293,False,560.146,64.9299097086893
Evolucio Fermint Tokaj,1131.95,31.728433234683518,False,560.146,64.9299097086893
Excelsior S Afr Cab Svgn,69759.09,32.54504896781194,False,560.146,64.9299097086893
Excelsior S Afr Chard,3322.48,36.465531771447836,False,560.146,64.9299097086893
Excelsior Svgn Bl,4572.6,7.872982548222017,False,560.146,64.9299097086893
Exem Brdx,3314.63,16.26938753345019,False,560.146,64.9299097086893
Exotico Blanco Tequila,54131.93,12.115936010410115,False,560.146,64.9299097086893
Ezra Brooks,418630.59,32.021638319668945,False,560.146,64.9299097086893
Ezra Brooks Cinnamon Bourbon,56.97,3.2824293487800555,False,560.146,64.9299097086893
F Coppola Black Label Claret,443192.12,28.955460670194228,False,560.146,64.9299097086893
F Coppola Diamnd Petite Sira,2409.4,96.98514152901137,False,560.146,64.9299097086893
F Coppola Diamond Chard,209370.09,27.834534531651585,False,560.146,64.9299097086893
F Coppola Diamond Merlot,107805.04000000001,42.036476216696364,False,560.146,64.9299097086893
F Coppola Diamond Pnt Nr,203144.57,40.9810658488189,False,560.146,64.9299097086893
F Coppola Diamond Red,29638.809999999998,37.61672617760294,False,560.146,64.9299097086893
F Coppola Diamond Znfd,21723.62,42.33806336144712,False,560.146,64.9299097086893
F Coppola Directors Cab Svgn,902.54,3.2065060828328877,False,560.146,64.9299097086893
F Coppola Directors Chard,21090.97,27.348813259892747,False,560.146,64.9299097086893
F Coppola Directors Pnt Nr,27183.92,29.88630778783927,False,560.146,64.9299097086893
F Coppola Dmd Ivry Cab Svgn,293349.46,33.40426806989862,False,560.146,64.9299097086893
F Coppola Emerald Pnt Grigio,28519.71,45.749237983135174,False,560.146,64.9299097086893
F Coppola Rosso & Bianc Shir,354.68,37.430923649486864,False,560.146,64.9299097086893
F Coppola Rosso Bianco Chard,22068.56,40.70841051704326,False,560.146,64.9299097086893
F Coppola Rosso Bianco Pnt G,53252.450000000004,52.63913679088944,False,560.146,64.9299097086893
F Coppola Rosso Bianco Rosso,39586.869999999995,43.21576825851601,False,560.146,64.9299097086893
F Coppola Sofia Bl de Bl,39190.25,32.91188497138957,False,560.146,64.9299097086893
F Coppola Sofia Rose,55014.31,33.534856658204006,False,560.146,64.9299097086893
F Coppola Sophia Chard,16653.34,32.71878193803766,False,560.146,64.9299097086893
F Coppola Sophia Rsl,255.82999999999998,6.281515068600239,False,560.146,64.9299097086893
F Coppola Vendetta Cab/Malbc,4593.04,0.5926358141884099,False,560.146,64.9299097086893
F Coppola Votre Sante Ch Red,1569.6,33.33333333333333,False,560.146,64.9299097086893
F Coppola Votre Sante Chard,5063.55,33.96925082205173,False,560.146,64.9299097086893
F Coppola Votre Sante Pnt Nr,12040.79,34.83384395874357,False,560.146,64.9299097086893
Fabrizia Blood Orange,47194.619999999995,7.746857586733401,False,560.146,64.9299097086893
Fabrizia Limoncello,155012.03,32.2252069793752,False,560.146,64.9299097086893
Fabrizia's Italian Margarita,29866.920000000002,42.840038410388495,False,560.146,64.9299097086893
Fabrizio Dionisio Cast Syrah,4340.92,47.99489509136312,False,560.146,64.9299097086893
Fabrizio Dionisio Il Cast Sy,287.88,35.05627344726969,False,560.146,64.9299097086893
Fabrizio Dionisio Rose Syrah,807.46,45.83013400044585,False,560.146,64.9299097086893
Failla Pnt Nr Sonoma Cst,3464.01,98.66224404663959,False,560.146,64.9299097086893
Fairview Pinotage Paarl,377.73,57.469621157969975,False,560.146,64.9299097086893
Falesco Sangiovese Umbria,1227.12,96.42251776517374,False,560.146,64.9299097086893
Falesco Tellus Cab Svgn IGT,923.16,31.48316651501365,False,560.146,64.9299097086893
Falesco Vitiano Umbria,22419.519999999997,42.09867115799088,False,560.146,64.9299097086893
Falesco Vitiano Umbria Bian,2769.8,30.3408188316846,False,560.146,64.9299097086893
Fanal Madeira Full Rich,8989.08,27.140041027557878,False,560.146,64.9299097086893
Fanal Madeira Rainwater,3806.07,23.49588946078238,False,560.146,64.9299097086893
Fancy Pants Cab Svgn,215.76,32.92547274749722,False,560.146,64.9299097086893
Fancy Pants Red Blend,341.62,12.885662431941919,False,560.146,64.9299097086893
Fantini Monteplciano D'Abruz,27395.63,35.020731408622474,False,560.146,64.9299097086893
Far Niente Chard Napa,60369.229999999996,20.177033896241504,False,560.146,64.9299097086893
Faretti Biscotti Liqueur,1034.6399999999999,74.18232428670841,False,560.146,64.9299097086893
Farm Napa Vly Cab Svgn,130.47,31.961370429983905,False,560.146,64.9299097086893
Farm Napa Vly Chard,1674.33,19.544534231603077,False,560.146,64.9299097086893
Farmers of Wine Italian Red,693.55,34.604570687044905,False,560.146,64.9299097086893
Farnese Edizone Cinque Autoc,413.90999999999997,61.68249136285666,False,560.146,64.9299097086893
Farnum Hill Dooryard Cider,1786.51,76.87670374081308,False,560.146,64.9299097086893
Farnum Hill Dooryard Still,1378.85,83.97795264169416,False,560.146,64.9299097086893
Farnum Hill Farmhouse Cider,10266.58,34.18723664550416,False,560.146,64.9299097086893
Farnum Hill Kingston Blk RSV,4600.53,25.277305006162333,False,560.146,64.9299097086893
Farnum Hill Semi-Dry Cider,28416.300000000003,33.34230705616144,False,560.146,64.9299097086893
Farnum Hill Summer Cider,1402.83,86.53935259439847,False,560.146,64.9299097086893
Farnum Hill X-Dry Cider,25167.010000000002,40.04361265005259,False,560.146,64.9299097086893
Farnum Hill X-Dry StillCider,623.48,64.56662603451593,False,560.146,64.9299097086893
Fat Bastard Cab Svgn,6877.75,45.07287993893352,False,560.146,64.9299097086893
Fat Bastard Chard,31341.350000000002,38.58669138374704,False,560.146,64.9299097086893
Fat Bastard Merlot,6600.98,37.52064087453681,False,560.146,64.9299097086893
Fat Bastard Pnt Nr,13313.74,42.967640948373635,False,560.146,64.9299097086893
Fat Bastard Shiraz,10311.77,45.21522493228612,False,560.146,64.9299097086893
Fathom Merlot 13,39320.729999999996,12.479371568127032,False,560.146,64.9299097086893
Fattoire Barbi 10 Brunello,6424.47,22.18470940015285,False,560.146,64.9299097086893
Fattoria Del Cerro Vino Nob,404.70000000000005,73.84729429206818,True,560.146,64.9299097086893
Fattoria Heba Marellino 11,6201.349999999999,66.35893797318326,False,560.146,64.9299097086893
Fattoria Illario Rose,2280.48,73.62572791692978,False,560.146,64.9299097086893
Fattoria Pagliaatura Verm 11,1474.77,84.50741471551495,False,560.146,64.9299097086893
Fattoria Poggio Red 10,1457.73,85.38000864357598,False,560.146,64.9299097086893
Fattoria de Limone,8501.02,54.27842776513877,False,560.146,64.9299097086893
Fattoria di Basciano Chianti,7601.81,28.67777542453706,False,560.146,64.9299097086893
Faust Cab Svgn Napa Valley,38330.86,35.894420318250106,False,560.146,64.9299097086893
Faustino Gr Rsva Rioja,10270.89,33.924713437686506,False,560.146,64.9299097086893
Fayolle Fils et Fille Hermit,1735.72,71.42626690940935,False,560.146,64.9299097086893
Feast Agiorgitiko,1079.1,30.25298860161245,False,560.146,64.9299097086893
Feast Moschofilero,299.75,5.241034195162628,False,560.146,64.9299097086893
Federico Ferrero Chard Langh,5708.65,27.09800040289735,False,560.146,64.9299097086893
Felino Vina Cobos Cab Svgn,1439.28,32.86643321660831,False,560.146,64.9299097086893
Felino Vino Cobos Chard,677.91,76.58096207461168,False,560.146,64.9299097086893
Felino Vino Cobos Malbec,8815.099999999999,29.51004526324148,False,560.146,64.9299097086893
Ferghettina Francia Mil Brut,799.84,65.5131026205241,False,560.146,64.9299097086893
Fernet Branca Borgetti Cafe,239.88,6.015507753876929,False,560.146,64.9299097086893
Fernet-Branca Italian Liquer,87027.78,26.64411294876188,False,560.146,64.9299097086893
Ferrari Carano Cab Svgn Rsv,695.86,22.32920415026011,False,560.146,64.9299097086893
Ferrari Carano Pnt Grigio,23147.05,28.566707204589783,False,560.146,64.9299097086893
Ferrari-Carano Cab Svgn Alex,43278.58,25.67205301098141,False,560.146,64.9299097086893
Ferrari-Carano Chard,295359.45,32.21584073236865,False,560.146,64.9299097086893
Ferrari-Carano Fume Bl,210229.32,40.49220632022213,False,560.146,64.9299097086893
Ferrari-Carano Merlot,17467.8,36.850204376051934,False,560.146,64.9299097086893
Ferrari-Carano RSV Chard,4273.85,29.833756449103273,False,560.146,64.9299097086893
Ferrari-Carano Siena Sonoma,16782.78,62.69509580653503,False,560.146,64.9299097086893
Ferrari-Carano Terre Chard,638.79,18.40510966045178,False,560.146,64.9299097086893
Ferreira 10-Yr Tawny Port,24.99,33.7735094037615,False,560.146,64.9299097086893
Ferreira Dona Antonio RSV,23001.739999999998,34.826669634558066,False,560.146,64.9299097086893
Fess Parker Chard,22323.71,34.43831692850337,False,560.146,64.9299097086893
Fess Parker Pnt Nr Bien Naci,1594.71,66.62716105122561,False,560.146,64.9299097086893
Fess Parker Rsl,143.88,31.02585487906589,False,560.146,64.9299097086893
Fess Parker Snt Barbr Pnt Nr,18821.7,32.94208280867298,False,560.146,64.9299097086893
Fetzer Eagle Peak Merlot,16169.61,39.40299116676284,False,560.146,64.9299097086893
Fetzer Eagle Peak Merlot Cal,462.59,10.912471086707445,False,560.146,64.9299097086893
Fetzer Gewurz,61499.65,37.90140269090963,False,560.146,64.9299097086893
Fetzer Quartz White Blend,936.3299999999999,6.503049138658377,False,560.146,64.9299097086893
Fetzer Sundial Chard,117904.32999999999,38.77621451613922,False,560.146,64.9299097086893
Fetzer Valley Oaks Cab Svgn,43370.729999999996,36.424283655932314,False,560.146,64.9299097086893
Fetzer Wh Znfdl Cal,5013.11,32.087666139382534,False,560.146,64.9299097086893
Feudi D San Gregorio Serpico,4738.42,14.486263353607324,False,560.146,64.9299097086893
Feudi Di San Gregorio Tauras,1174.53,17.65216724987867,False,560.146,64.9299097086893
Feudo Saia Nero d'Avola 13,1285.55,22.45809186729415,False,560.146,64.9299097086893
Fifty Shades Of Grey Red Sat,1912.26,4.414671645069177,False,560.146,64.9299097086893
Fifty Shades Of Grey Wh Silk,450.59000000000003,88.3796799751437,True,560.146,64.9299097086893
Finca Abril Malbec 1922,271.90999999999997,2.4677282924496793,False,560.146,64.9299097086893
Finca Abril Rapsodia Malbec,187.89999999999998,19.1484832357637,False,560.146,64.9299097086893
Finca El Origen Rsva Malbec,623.52,14.357197844495765,False,560.146,64.9299097086893
Finca La Linda Bonarda,167.88,31.95139385275197,False,560.146,64.9299097086893
Finca La Linda Cab Svgn,8189.21,42.74991116359209,False,560.146,64.9299097086893
Finca Sandoval Tinto Manchue,5343.03,32.45424412739588,False,560.146,64.9299097086893
Finca Villacreces Pruno Ribe,1405.26,15.563667933336184,False,560.146,64.9299097086893
Fincas de Ganuza 03 Rsva,539.9,42.452305982589365,False,560.146,64.9299097086893
Finlandia Grapefruit Fusion,4519.88,21.172686000513295,False,560.146,64.9299097086893
Finlandia Vodka,405888.66,23.086653347971865,False,560.146,64.9299097086893
Fire & Flood The Flood Pnt N,7498.5,19.19543908781756,False,560.146,64.9299097086893
Fire Water Hot Cinnamon,2784.01,28.179855675805765,False,560.146,64.9299097086893
Fireball Cinn Whisky Trav,381031.35,30.134473187048776,False,560.146,64.9299097086893
Fireball Cinnamon Whiskey,430139.43,20.07676208619145,False,560.146,64.9299097086893
Fireball Cinnamon Whisky,2383974.22,22.475686427130352,False,560.146,64.9299097086893
Firefly Apple Pie Moonshine,53521.67,28.69460164453014,False,560.146,64.9299097086893
Firefly Blackberry Moonshine,9023.980000000001,64.95559608953036,False,560.146,64.9299097086893
Firefly Moonshine,4233.58,81.64673869396586,False,560.146,64.9299097086893
Firefly Ridge Chard,5.79,31.088082901554404,False,560.146,64.9299097086893
Firefly Sweet Tea Vodka,289921.77,24.60961751422218,False,560.146,64.9299097086893
Firesteed Citation Pnt Nr,6134.12,46.72047498255658,False,560.146,64.9299097086893
Firesteed Pnt Gris Ore,58930.57,35.800519153301934,False,560.146,64.9299097086893
Firesteed Pnt Nr Ore,188405.93,36.416438697019785,False,560.146,64.9299097086893
Firesteed Rsl,1088.31,45.00647793367698,False,560.146,64.9299097086893
Firesteed Willamette Pnt Nr,3406.88,82.02607664490678,False,560.146,64.9299097086893
Firesteed Wines Rose Pnt Nr,15302.43,44.56984936379386,False,560.146,64.9299097086893
Firestone Santa Ynez Rsl,2070.02,29.58039052762775,False,560.146,64.9299097086893
Fish Eye Cab Svgn,56531.71000000001,32.44076848423322,False,560.146,64.9299097086893
Fish Eye Chard,56803.55,40.293872478040555,False,560.146,64.9299097086893
Fish Eye Chard Cal,10805.64,28.50400346485724,False,560.146,64.9299097086893
Fish Eye Merlot,46590.51,40.30037447540282,False,560.146,64.9299097086893
Fish Eye Moscato,487.39,5.037033997414793,False,560.146,64.9299097086893
Fish Eye Pnt Grigio,179998.41999999998,35.43447155632146,False,560.146,64.9299097086893
Fish Eye Pnt Nr,113.94,34.64981569246973,False,560.146,64.9299097086893
Fish Eye Rsl,191.76,34.39194826866917,False,560.146,64.9299097086893
Fish Eye Shiraz,15215.37,35.940368193478044,False,560.146,64.9299097086893
Fish House Svgn Bl,287.76,27.27272727272727,False,560.146,64.9299097086893
Fitch's Goat 100% Corn Whsky,2159.28,72.62837612537513,False,560.146,64.9299097086893
Fitch's Goat Moonshine,1957.11,89.70522862792588,False,560.146,64.9299097086893
Five Oaks Cab Svgn Cal,1887.42,35.356200527704495,False,560.146,64.9299097086893
Five Oaks Chard Cal,890.65,31.016673216190423,False,560.146,64.9299097086893
Five Oaks Merlot Cal,1819.1999999999998,29.683377308707115,False,560.146,64.9299097086893
Five Oaks Pnt Grigio Cal,613.98,31.39841688654354,False,560.146,64.9299097086893
Five Oaks Pnt Nr Cal,648.0899999999999,38.86034347081423,False,560.146,64.9299097086893
Five Oaks Wh Moscato,678.41,32.60712548458896,False,560.146,64.9299097086893
Five Oaks Wh Znfdl Cal,136.44,35.356200527704495,False,560.146,64.9299097086893
Five Rivers Cab Svgn,8571.78,43.48478379053126,False,560.146,64.9299097086893
Five Rivers Pnt Nr,36610.36,31.04465511947985,False,560.146,64.9299097086893
Fizz 56 Sparkling Red,12628.35,31.578947368421062,False,560.146,64.9299097086893
Flaco Tempranillo,8262.92,37.5320104757156,False,560.146,64.9299097086893
Flag Hill Apple Cran NH,30552.48,33.4137196063953,False,560.146,64.9299097086893
Flag Hill Blueberry Liqueur,17508.32,25.55499328319335,False,560.146,64.9299097086893
Flag Hill Cayuga White,31461.78,40.1054867207132,False,560.146,64.9299097086893
Flag Hill Cranberry Liqueur,19516.98,28.792671817053662,False,560.146,64.9299097086893
Flag Hill De Chaunac Red NH,1545.81,88.72177046338166,False,560.146,64.9299097086893
Flag Hill Heritage Rd NH,49.96,65.5324259407526,True,560.146,64.9299097086893
Flag Hill Marechal Foch NH,11184.39,47.32497704389779,False,560.146,64.9299097086893
Flag Hill Raspberry Liqueur,18722.51,21.859836101035597,False,560.146,64.9299097086893
Flag Hill Red Raspberry Fru,24636.39,42.43028300818423,False,560.146,64.9299097086893
Flag Hill Spiced Rum,21856.44,27.183658454899323,False,560.146,64.9299097086893
Flag Hill Straight Bourbon,55386.15,20.402483292303224,False,560.146,64.9299097086893
Flag Hill Straight Rye Whsky,1099.75,2.3559899977267635,False,560.146,64.9299097086893
Flag Hill Sugar Maple Liquer,46481.03999999999,22.85370551089217,False,560.146,64.9299097086893
Flag Hill White Rum,21297.899999999998,32.58264899356274,False,560.146,64.9299097086893
Flag Hill Wild Blueberry Fr,1130.22,86.91405213144344,False,560.146,64.9299097086893
Flagstone Longitude Red,7849.77,30.31031482451078,False,560.146,64.9299097086893
Flagstone Noon Gun White,8926.23,32.47496423462089,False,560.146,64.9299097086893
Fleischmanns Preferred,169830.4,29.921221406768154,False,560.146,64.9299097086893
Fleischmanns Royal Traveler,132453.75,26.75360267263101,False,560.146,64.9299097086893
Fleischmanns Royal Vodka,527560.96,23.789720907324146,False,560.146,64.9299097086893
Fleischmanns X Dry Gin,177247.95,26.665442392986776,False,560.146,64.9299097086893
Fleur Petite Sirah Californa,6460.6900000000005,29.517745008660068,False,560.146,64.9299097086893
Fleur de Pnt Nr California,16990.0,30.28487345497351,False,560.146,64.9299097086893
Flight Song Svgn Bl,24432.56,42.078194016509116,False,560.146,64.9299097086893
Flint & Steel Svgn Bl Napa V,119.92,0.033355570380258714,False,560.146,64.9299097086893
Flip Flop Cab Svgn,4978.6,37.22030289639658,False,560.146,64.9299097086893
Flip Flop Chard,16483.58,29.05807415725613,False,560.146,64.9299097086893
Flip Flop Merlot,95.88,32.91614518147685,False,560.146,64.9299097086893
Flip Flop Moscato,729.0699999999999,36.99644752904385,False,560.146,64.9299097086893
Flip Flop Pnt Grigio,28074.399999999998,35.024390901123276,False,560.146,64.9299097086893
Flip Flop Rsl,511.36,38.66747496871089,False,560.146,64.9299097086893
Flip Flop Sangria,71.88,32.38731218697829,False,560.146,64.9299097086893
Flipflop Spiced Rum,389.57,70.92178555843621,True,560.146,64.9299097086893
Flor De Cana 4 Yr Old Wh Rum,167.88,6.004288777698363,False,560.146,64.9299097086893
Flor De Cana Centenial 12 Yr,519.87,26.15846269259623,False,560.146,64.9299097086893
Flor de Cana 4Yr Gold Rum,10094.949999999999,7.574579368892347,False,560.146,64.9299097086893
Flor de Cana Gran Rsv Rum,58883.42,26.809448228380756,False,560.146,64.9299097086893
Flora Springs Cab Svgn Napa,20780.530000000002,38.050569451308505,False,560.146,64.9299097086893
Flora Springs Trilogy Cal,14982.779999999999,30.36379096536156,False,560.146,64.9299097086893
Flora de Cana Black 5 YO Rum,9376.16,65.27576321223188,False,560.146,64.9299097086893
Florio Dry Marsala Italy,8660.12,22.35072955109167,False,560.146,64.9299097086893
Florio Sweet Marsala Italy,12759.39,29.041043498160956,False,560.146,64.9299097086893
Flowers Chard Sonoma Cst,39241.57,26.605739780543953,False,560.146,64.9299097086893
Flowers Pnt Nr Sonoma Coast,75763.93000000001,43.71229158783079,False,560.146,64.9299097086893
Flowers Sonoma Cst Chard,599.9399999999999,89.24725805913924,False,560.146,64.9299097086893
Flowers Sonoma Cst Pnt Nr,399.96,83.33333333333333,True,560.146,64.9299097086893
Flying Fish Rsl Wash,155.88,32.87143956889915,False,560.146,64.9299097086893
Foley Johnson Cab Svgn,6227.2,70.76149794450154,False,560.146,64.9299097086893
Folie A Deux Amador Znfdl,7118.8099999999995,37.96828402499855,False,560.146,64.9299097086893
Folie A Deux Cab Svgn,19402.579999999998,37.86501588963941,False,560.146,64.9299097086893
Folk Machine Pnt Nr,1956.49,24.374773190765087,False,560.146,64.9299097086893
Folonari Moscato,2666.91,33.32920870970524,False,560.146,64.9299097086893
Folonari Pinot Grigio Venez,94282.45,36.67755312628923,False,560.146,64.9299097086893
Folonari Pnt Nr Venezie,10346.3,32.49760784048404,False,560.146,64.9299097086893
Folonari Soave Dry White,20555.16,47.135415146367144,False,560.146,64.9299097086893
Folonari Valpolicella,20209.1,33.9426298053847,False,560.146,64.9299097086893
Fonseca Bin No 27,28262.46,35.32056303662172,False,560.146,64.9299097086893
Fonseca Guimaraens Port,439.89,34.63365841460366,False,560.146,64.9299097086893
Fonseca Porto 11,989.89,34.63718190910101,False,560.146,64.9299097086893
Fontana Candida Frascati,23326.6,29.416631656563748,False,560.146,64.9299097086893
Fontana Candida Pinot Grigi,125.86000000000001,9.574129985698402,False,560.146,64.9299097086893
Fontanafredda Arneis Langhe,1609.21,10.042816040168773,False,560.146,64.9299097086893
Fontanafredda Barolo Serralu,19604.7,36.39275275826715,False,560.146,64.9299097086893
Fontanafredda Briccotondo,5805.85,37.786887363607406,False,560.146,64.9299097086893
Fontanafredda La Rosa Barolo,1329.81,75.60177769756581,False,560.146,64.9299097086893
Fonterutoli Chianti Clsco,7740.48,27.920749100830953,False,560.146,64.9299097086893
For A Song  The Score,1454.18,80.94046129089934,False,560.146,64.9299097086893
Forbidden Secret Dark Mocha,34479.03999999999,30.157916229686204,False,560.146,64.9299097086893
Forbidden Secret Pumpkin Crm,39.98,20.010005002501245,False,560.146,64.9299097086893
Forbidden Secret Wh Choc Cr,17376.649999999998,31.223221967410282,False,560.146,64.9299097086893
Forefront Pine Ridge Znfdl,63810.78,49.847690311887746,False,560.146,64.9299097086893
Forest Glen Cab Svgn Cal,5368.34,45.78435792069802,False,560.146,64.9299097086893
Forest Glen Chard,20505.04,40.05737912609207,False,560.146,64.9299097086893
Forest Glen Merlot Cal,3232.79,37.61283126821952,False,560.146,64.9299097086893
Forestville Chard Cal,95.88,31.914893617021274,False,560.146,64.9299097086893
Forged Oak Bourbon Whiskey,6434.009999999999,28.05046930296968,False,560.146,64.9299097086893
Foris Rogue Vly Gewurz,7189.64,6.722589726328451,False,560.146,64.9299097086893
Forma de Art Red,7130.22,35.45570823901647,False,560.146,64.9299097086893
Fort Ross Pnt Nr Sonoma Cst,37307.56,85.97281623349262,False,560.146,64.9299097086893
Fortant Cab Svgn,18554.57,48.34614868466367,False,560.146,64.9299097086893
Fortant Chard,12939.12,43.66216558776795,False,560.146,64.9299097086893
Foss Marai Prosecco,24777.18,47.72226393117944,False,560.146,64.9299097086893
Four Roses 16 Private Slctn,18753.32,3.940635578126966,False,560.146,64.9299097086893
Four Roses Bourbon,180430.09,21.962849988048,False,560.146,64.9299097086893
Four Roses Elliott's Select,1475.88,25.928937311976586,False,560.146,64.9299097086893
Four Roses Single Barrel Brb,109302.84,26.31056978940346,False,560.146,64.9299097086893
Four Roses Small Batch 15,2159.76,20.00222246916325,False,560.146,64.9299097086893
Four Star Cab Svgn,3987.15,92.17862382905084,False,560.146,64.9299097086893
Four Vines Biker Znfdl,4467.13,56.985805203788566,False,560.146,64.9299097086893
Four Vines Naked Chard,38720.68,33.16039387738025,False,560.146,64.9299097086893
Four Vines Truant Znfdl,26184.73,38.73398732772879,False,560.146,64.9299097086893
Foxen Chard Block UU,1652.4299999999998,70.38785304067343,False,560.146,64.9299097086893
Foxglove Chard,524.65,10.980653769179446,False,560.146,64.9299097086893
Foxglove Znfdl,359.76,32.421614409606406,False,560.146,64.9299097086893
Foxhorn Pnt Grigio/Chard Bl,850.0,32.90470588235295,False,560.146,64.9299097086893
Foxhorn SE Cab Svgn Australi,22218.56,38.4370544265695,False,560.146,64.9299097086893
Foxhorn SE Chard Australia,84626.59,36.06849809262077,False,560.146,64.9299097086893
Foxhorn SE Merlot Australia,24707.47,37.84373713698732,False,560.146,64.9299097086893
Foxhorn Wh Znfdl Cal,24681.16,35.6537537133587,False,560.146,64.9299097086893
Foz Arouce 11 Beira Atlantic,2830.4599999999996,26.341301413904457,False,560.146,64.9299097086893
Framboise Pacific Rim Infusn,1662.96,2.002453456487225,False,560.146,64.9299097086893
Franciscan Cab Svgn Napa,235731.91,39.10829467253713,False,560.146,64.9299097086893
Franciscan Equilibrium White,18795.05,48.755443587540334,False,560.146,64.9299097086893
Franciscan Est Cab Svgn,902.7900000000001,25.298242116106746,False,560.146,64.9299097086893
Franciscan Est Cab Svgn Napa,2779.8500000000004,40.79061987944254,False,560.146,64.9299097086893
Franciscan Est Chard Napa,73061.67,51.34343356783386,False,560.146,64.9299097086893
Franciscan Est Svgn Bl Napa,6726.69,27.735929558222544,False,560.146,64.9299097086893
Franciscan Magnificat Red,18536.41,39.76762490687247,False,560.146,64.9299097086893
Franciscan Merlot Napa,56537.7,35.64913323322314,False,560.146,64.9299097086893
Frangelico Gift Pack-Candle,11655.75,14.681938099221423,False,560.146,64.9299097086893
Frangelico Hazelnut Liqueur,353548.64,32.07717267833592,False,560.146,64.9299097086893
Frank Family Vyds Cab Svgn,18140.760000000002,13.325020561431836,False,560.146,64.9299097086893
Franzia Burgundy Tap Red,73413.35,38.70545343592139,False,560.146,64.9299097086893
Franzia Cab Svgn Cal,135.83,2.643009644408454,False,560.146,64.9299097086893
Franzia Chablis Old World C,126520.53,41.444902262107185,False,560.146,64.9299097086893
Franzia Chianti Tap,32300.579999999998,41.89122919774195,False,560.146,64.9299097086893
Franzia Chillable Red Tap,207832.65,34.57514976592946,False,560.146,64.9299097086893
Franzia Crisp White Tap,312013.94,38.25820730958367,False,560.146,64.9299097086893
Franzia Dark Red Blend,18073.739999999998,20.27328046104458,False,560.146,64.9299097086893
Franzia Fruity Red Sangria,103.87,10.753826899008391,False,560.146,64.9299097086893
Franzia Moscato,2700.4799999999996,27.769877947624117,False,560.146,64.9299097086893
Franzia Refreshing White Ta,643.5600000000001,1.7341040462427872,False,560.146,64.9299097086893
Franzia Sangria Fruity Red,2729.17,27.983232997578018,False,560.146,64.9299097086893
Franzia Sunset Blush Tap,252407.0,34.232442047962216,False,560.146,64.9299097086893
Franzia Tap Cab Svgn,190349.34,34.60465899172543,False,560.146,64.9299097086893
Franzia Tap Chard,347563.54,37.8448729115833,False,560.146,64.9299097086893
Franzia Tap Merlot,188836.31,34.9284467589946,False,560.146,64.9299097086893
Franzia Tap Pnt Grigio,10350.179999999998,24.81763602178898,False,560.146,64.9299097086893
Franzia Tap Wh Grenache Cal,7592.5,37.91504774448469,False,560.146,64.9299097086893
Franzia Tap Wh Znfdl Cal,202573.38,39.97815013996409,False,560.146,64.9299097086893
Fratelli Urciuolo Fiano,575.28,35.04380475594493,False,560.146,64.9299097086893
Fratelli Urciuolo Greco di T,791.01,32.41551939924906,False,560.146,64.9299097086893
Freakshow Cab Svgn,254650.63,40.83865411996036,False,560.146,64.9299097086893
Freemark Abbey Cab Svgn Napa,67475.35,27.72012297824317,False,560.146,64.9299097086893
Freemark Abbey Cab Svgn Ruth,5249.25,23.813116159451344,False,560.146,64.9299097086893
Freemark Abbey Chard Napa,2049.9300000000003,13.94828116082014,False,560.146,64.9299097086893
Freemark Abbey Merlot Napa,18311.6,35.4271609253151,False,560.146,64.9299097086893
Frei Bros RSV Cab Svgn Alex,119405.57999999999,22.683805899188282,False,560.146,64.9299097086893
Frei Bros RSV Chard RRV,210627.53,40.80317990720396,False,560.146,64.9299097086893
Frei Bros RSV Mendcno Merlot,37344.02,29.825658833730273,False,560.146,64.9299097086893
Frei Bros RSV Pnt Nr RRV,41869.03,28.996587692621496,False,560.146,64.9299097086893
Frei Bros RSV Svgn Bl RRV,19671.64,37.66030691899608,False,560.146,64.9299097086893
Frei Bros Rsv Znfdl,24380.649999999998,32.79424461611974,False,560.146,64.9299097086893
Freixenet Cordon Negro Brut,176097.06,37.66141699347527,False,560.146,64.9299097086893
Freixenet Cordon Negro Extr,107581.11,29.446349828515437,False,560.146,64.9299097086893
Frenchhouse Chard VDP D'Oc,119.88,34.63463463463463,False,560.146,64.9299097086893
Frescobaldi Chianti Castigln,15423.19,31.048764879379693,False,560.146,64.9299097086893
Frescobaldi Chianti RSV Nip,179836.8,21.28743394010569,False,560.146,64.9299097086893
Frescobaldi Massovivo Vermen,1253.34,27.880702762219343,False,560.146,64.9299097086893
Frescobaldi Mormoreto Cab Sv,10294.35,63.623541068644464,False,560.146,64.9299097086893
Frescobaldi Sangiovese Remo,79406.29,36.27708837675201,False,560.146,64.9299097086893
Frey Cab Svgn Organic Mendcn,17951.17,29.99759904229083,False,560.146,64.9299097086893
Frey Chard Organic Mendocino,12064.18,29.461098889439647,False,560.146,64.9299097086893
Frey Natural Red Organic Ca,6359.8,21.626466241076773,False,560.146,64.9299097086893
Frey Pnt Nr Organic Mendocno,1367.28,20.624890293136737,False,560.146,64.9299097086893
Frey Svgn Bl Organic Mendcno,11705.36,26.396112550147965,False,560.146,64.9299097086893
Frey Syrah Organic Mendocino,1071.33,31.89400091475082,False,560.146,64.9299097086893
Frey Vyds Organic Agrul Red,8498.19,38.711302053731444,False,560.146,64.9299097086893
Frey Vyds Organic Blanc,337.74,35.0091786581394,False,560.146,64.9299097086893
Frey Znfdl Organic Mendocino,9266.15,33.00518554092045,False,560.146,64.9299097086893
Frisk Prickly Rsl,38674.61,32.80475226511657,False,560.146,64.9299097086893
Fritz Pnt Nr RRV,647.76,33.79029270100037,False,560.146,64.9299097086893
Fritz Svgn Bl Dry Creek Vly,287.82,72.39941630185533,True,560.146,64.9299097086893
Fritz Znfdl Dry Creek Valley,215.88,34.63035019455253,False,560.146,64.9299097086893
Frog's Leap Petite Sirah,2204.3700000000003,21.18564487812845,False,560.146,64.9299097086893
Frogs Leap Cab Svgn Napa,47277.98,41.36843409976485,False,560.146,64.9299097086893
Frogs Leap Merlot Napa,25186.260000000002,24.87840592450011,False,560.146,64.9299097086893
Frogs Leap Svgn Bl Napa,27671.01,35.01646669203618,False,560.146,64.9299097086893
Frogs Leap Znfdl Napa,15244.119999999999,34.433735761723206,False,560.146,64.9299097086893
Frost Bitten Ice Rsl,19365.28,28.475085307312874,False,560.146,64.9299097086893
Fruitier Gneiss Abord Muscdt,1480.8600000000001,13.455694663911524,False,560.146,64.9299097086893
Fuki Plum Wine,8622.79,40.721506612129026,False,560.146,64.9299097086893
Fuki Sake,21843.9,47.085822586626016,False,560.146,64.9299097086893
Fulchino Vyds 603 Red,6805.46,24.906178274503127,False,560.146,64.9299097086893
Fulchino Vyds Barbera Red,7636.179999999999,20.93834875552959,False,560.146,64.9299097086893
Full Throttle Apple Whiskey,1439.28,85.99994441665277,False,560.146,64.9299097086893
Full Throttle Blackberry,1819.09,87.87855466194637,False,560.146,64.9299097086893
Full Throttle Peach Whiskey,2938.5299999999997,75.83791895947974,False,560.146,64.9299097086893
Full Throttle Strwbry Whisky,1779.11,82.38894728263007,False,560.146,64.9299097086893
Full Throttle Vanila Whiskey,3038.48,69.52094468286776,False,560.146,64.9299097086893
Fulton's Harvest Apple Pie L,2484.15,78.82575528852928,False,560.146,64.9299097086893
Fulton's Harvest Pumpkin Liq,25147.739999999998,48.587507267054605,False,560.146,64.9299097086893
G Bertrand CdRoses Blanc Lan,269.84999999999997,25.41041319251434,False,560.146,64.9299097086893
G Bertrand T Jeffrsn Cremant,298.77,94.12256920038826,True,560.146,64.9299097086893
G Ferrer Etesian Pnt Nr Rose,755.46,35.453895639742676,False,560.146,64.9299097086893
G Vigouroux L Comtes Cahours,37772.19,32.932932932932935,False,560.146,64.9299097086893
G Vigouroux Pigmentum Malbec,11411.539999999999,23.71494119111005,False,560.146,64.9299097086893
GH Mumm Cordon Rouge,472.49,34.63988655844568,False,560.146,64.9299097086893
Gabbiano Chianti,54359.79,39.22483880088573,False,560.146,64.9299097086893
Gabbiano Chianti Clsc,38258.67,39.15201443228423,False,560.146,64.9299097086893
Gabbiano Chianti Clsc RSV,54405.54,31.016069319411223,False,560.146,64.9299097086893
Gabbiano Pinot Grigio Delle,959.04,26.72047047047046,False,560.146,64.9299097086893
Gaia Notios Nemea Wh,2958.15,35.56107702449167,False,560.146,64.9299097086893
Gaia Notios Red,3054.0899999999997,49.07812146989774,False,560.146,64.9299097086893
Gaia Ritinitis Nobile Retsna,929.38,6.544147711377484,False,560.146,64.9299097086893
Galerie Latro Cab S Knights,999.8000000000001,93.33266653330666,False,560.146,64.9299097086893
Galerie Pleinair Cab Svgn NV,2349.53,79.00218341540649,False,560.146,64.9299097086893
Galliano L'Autentico Liqueur,61586.6,28.674419435396658,False,560.146,64.9299097086893
Galliano Tiki Gift Pack,398.78999999999996,85.56633817297325,True,560.146,64.9299097086893
Gallo Cafe Znfdl Cal,15163.07,37.216342073208125,False,560.146,64.9299097086893
Gallo Chard Cal,225.09,10.760140388289141,False,560.146,64.9299097086893
Gallo Copperidge Cab Svgn,24749.64,33.00223776918278,False,560.146,64.9299097086893
Gallo Copperidge Chard Cal,36481.17,34.92897985437611,False,560.146,64.9299097086893
Gallo Copperidge Merlot Cal,23104.409999999996,32.52799768922107,False,560.146,64.9299097086893
Gallo Copperidge Pnt Grigio,29931.179999999997,33.358056715438536,False,560.146,64.9299097086893
Gallo Copperidge Wh Znfdl,15168.33,30.67463114781399,False,560.146,64.9299097086893
Gallo Fairbanks Cream Sherry,1069.5,60.684431977559605,False,560.146,64.9299097086893
Gallo Fairbanks Red Port,36263.37,21.423064599262545,False,560.146,64.9299097086893
Gallo Fairbanks Sherry,25600.54,36.070955740196084,False,560.146,64.9299097086893
Gallo Fairbanks Wh Port,12176.76,30.932037750600326,False,560.146,64.9299097086893
Gallo Family Vyds Sweet Red,354.29,23.181574416438508,False,560.146,64.9299097086893
Gallo Merlot Cal,164.7,7.941712204007277,False,560.146,64.9299097086893
Gallo Pnt Nr Pavia,557.46,35.48595414917663,False,560.146,64.9299097086893
Gallo Signature Series Chard,2349.06,1.868832639438758,False,560.146,64.9299097086893
Gallo Sweet Vermouth,42816.51,34.616763486795165,False,560.146,64.9299097086893
Gallo Twin Valley Cab Svgn C,15552.62,35.94551914725622,False,560.146,64.9299097086893
Gallo Twin Valley Chard Cal,35440.95,34.99655060036483,False,560.146,64.9299097086893
Gallo Twin Valley Hearty Bur,9543.57,35.169543472725614,False,560.146,64.9299097086893
Gallo Twin Valley Merlot Cal,11134.720000000001,32.33554578017724,False,560.146,64.9299097086893
Gallo Twin Valley Svgn Bl Ca,37433.06,32.812065056930955,False,560.146,64.9299097086893
Gallo Twin Valley Wh Merlot,7048.04,35.48206309839331,False,560.146,64.9299097086893
Gallo Twin Valley Wh Znfdl C,55077.79,36.766023667291066,False,560.146,64.9299097086893
Gallo Twin Vly Cab Svgn Cal,956.62,26.148265053183785,False,560.146,64.9299097086893
Gallo Twin Vly Chard Cal,1412.17,27.830218741369674,False,560.146,64.9299097086893
Gallo Twin Vly Moscato,598.8000000000001,25.711422845691395,False,560.146,64.9299097086893
Gallo Twin Vly Pink Moscato,469.06000000000006,25.877286487869362,False,560.146,64.9299097086893
Gallo Twin Vly Pnt Grigio,688.02,14.260407785405668,False,560.146,64.9299097086893
Gallo Twin Vly Svgn Bl Cal,219.56,5.993805793404991,False,560.146,64.9299097086893
Gallo X Dry Vermouth,28191.15,33.92394421653605,False,560.146,64.9299097086893
Gandia Hoya de Cadenas RSV,41829.58,36.96960380668416,False,560.146,64.9299097086893
Garda Pinot Grigio,2463.26,29.832823169295985,False,560.146,64.9299097086893
Gardacho Garnacha,383.76,33.771106941838646,False,560.146,64.9299097086893
Garnacha de Fuego 14 Rose Ar,8507.83,37.06268225857827,False,560.146,64.9299097086893
Garnet Pnt Nr Monterey Cnty,6534.209999999999,51.261897000555535,False,560.146,64.9299097086893
Gary Farrell RRV Pnt Nr,2319.42,84.54182511145028,False,560.146,64.9299097086893
Gascon Malbec Mendoza,190040.43,45.52748591444462,False,560.146,64.9299097086893
Gaston & Ravaut Bourgn Chard,699.75,64.86888174347982,False,560.146,64.9299097086893
Gaston & Ravaut Bourgog Vlg,5144.39,10.027816709075339,False,560.146,64.9299097086893
Gaston Chiquet Special Club,3242.5299999999997,30.528322020150927,False,560.146,64.9299097086893
Gattinara Red,335.84000000000003,51.6198189614102,False,560.146,64.9299097086893
Gattinara Travaglini,15262.5,31.75292383292384,False,560.146,64.9299097086893
Gazdina Rakija Pear Brandy,51254.85,28.6547516966687,False,560.146,64.9299097086893
Gazdina Rakija Plum Brandy,41181.0,18.435734926300956,False,560.146,64.9299097086893
Gazela Vinho Verde,189.81,14.65149359886202,False,560.146,64.9299097086893
Gekkeikan Black & Gold Sake,43341.54,23.98977978170596,False,560.146,64.9299097086893
Gekkeikan Nama Sake,1400.88,23.888555764947753,False,560.146,64.9299097086893
Gekkeikan Nigori Sake,18580.98,31.64084994440551,False,560.146,64.9299097086893
Gekkeikan Plum Wine,37208.8,30.806260884521947,False,560.146,64.9299097086893
Gekkeikan Sake,90652.66,26.116453725682177,False,560.146,64.9299097086893
Gekkeikan Sake Calif,19427.1,31.039836105234443,False,560.146,64.9299097086893
Gekkeikan Sake Cap Ace,693.6800000000001,37.10068042901627,False,560.146,64.9299097086893
Gekkeikan Sake Haiku Prm Sel,11979.1,33.08946415006136,False,560.146,64.9299097086893
Gekkeikan Sake Horin,9479.25,28.73107049608355,False,560.146,64.9299097086893
Gekkeikan Sake Kobai Plm Cal,3222.62,38.42277401617317,False,560.146,64.9299097086893
Gekkeikan Sake Zipang Spklg,5627.25,32.24967790661514,False,560.146,64.9299097086893
Gekkeikan Suzaku Sake,7848.27,30.934460715546226,False,560.146,64.9299097086893
Gen5 Cabernet Sauvignon,1127.04,33.64565587734241,False,560.146,64.9299097086893
Genbei San Demonslayer Sake,1371.71,32.506141968783496,False,560.146,64.9299097086893
General John Stark Vodka,29615.81,26.920519816949135,False,560.146,64.9299097086893
Gentleman Jack,935932.52,23.479175941835027,False,560.146,64.9299097086893
Gentleman Jack Gift Pack,17875.839999999997,32.851043643263736,False,560.146,64.9299097086893
Gentleman's Collection Cab S,33807.96,48.652181320612065,False,560.146,64.9299097086893
George Dickel #12 Sour Mash,1718.35,30.724241277970137,False,560.146,64.9299097086893
George Dickel No 8 Bourbon,41049.899999999994,25.5392826779115,False,560.146,64.9299097086893
George Dickel Rye,48836.84,30.54546526761354,False,560.146,64.9299097086893
George Wine Co Pnt Nr Sonoma,3035.54,65.67859425341126,False,560.146,64.9299097086893
Georgi Watermelon Vodka,99.9,76.36636636636636,True,560.146,64.9299097086893
Gerard Bertrand 12 Roses,254.82999999999998,6.4788290232704115,False,560.146,64.9299097086893
Gerard Bertrand 13 Gris Blan,179.88,59.77318212141427,False,560.146,64.9299097086893
Gerard Bertrand 14 Gris Bl,33726.659999999996,5.72976986158723,False,560.146,64.9299097086893
Gerard Bertrand Cab Svgn Rsv,1073.21,7.6769690927218335,False,560.146,64.9299097086893
Gerard Bertrand Chard Rsv Sp,4734.16,35.003252953005386,False,560.146,64.9299097086893
Gerard Bertrand Corbieres Ro,14163.3,33.59598398678274,False,560.146,64.9299097086893
Gerard Bertrand Gr Teroir Rd,1148.3899999999999,53.53059500692273,False,560.146,64.9299097086893
Gerard Bertrand Gr Terrier R,2055.79,7.410776392530362,False,560.146,64.9299097086893
Gerard Bertrand Languedoc Rg,1727.26,63.6233109086067,False,560.146,64.9299097086893
Gerard Bertrand Merlot Rsv,335.76,31.52251608291637,False,560.146,64.9299097086893
Gerard Bertrand Pnt Nr Rsv,9456.26,30.707489007281946,False,560.146,64.9299097086893
Gerard Metz Pnt Gris,7251.009999999999,26.368326619326126,False,560.146,64.9299097086893
Geyser Peak Cab Svgn,57755.93,39.620953207748535,False,560.146,64.9299097086893
Geyser Peak Chard,19490.489999999998,47.354427723469236,False,560.146,64.9299097086893
Geyser Peak Pnt Nr,71.96,86.11728738187881,True,560.146,64.9299097086893
Geyser Peak Svgn Bl,112745.54,43.19805466362571,False,560.146,64.9299097086893
Geyser Peak Tectonic Red,349.86,67.74709883953581,True,560.146,64.9299097086893
Geyser Peak Znfdl,26718.56,31.670569072584755,False,560.146,64.9299097086893
Ghost Pine Cab Svgn LMartini,303925.04,41.65950590974669,False,560.146,64.9299097086893
Ghost Pines Chard L Martini,65890.11,44.468813301419594,False,560.146,64.9299097086893
Ghost Pines Merlot L Martini,51133.229999999996,34.810337621933904,False,560.146,64.9299097086893
Ghost Pines Pnt Nr L Martini,28492.39,15.448300405827661,False,560.146,64.9299097086893
Ghost Pines Red L Martini,58908.85999999999,41.75069760304307,False,560.146,64.9299097086893
Ghost Pines Znfdl L Martini,40792.99,53.57069927945953,False,560.146,64.9299097086893
Gianni Gagliardo Barolo S 07,1580.79,70.51474262868567,False,560.146,64.9299097086893
Gianni Gagliardo Dolcetto D',949.4999999999999,35.079515534491826,False,560.146,64.9299097086893
Gibsons 12YO Gold Canadian W,11687.47,73.12677594038745,False,560.146,64.9299097086893
Giesen Svgn Bl,24219.8,11.3184254205237,False,560.146,64.9299097086893
Gifft Chardonnay,279.8,94.24588992137241,True,560.146,64.9299097086893
Gifft Red Blend,3137.7400000000002,78.90264967779356,False,560.146,64.9299097086893
Gilbeys London Dry,463220.03,26.64375070309461,False,560.146,64.9299097086893
Gilbeys London Dry Trav,80751.59,27.605759837050886,False,560.146,64.9299097086893
Gilbeys Vodka,341285.93,27.660070838548776,False,560.146,64.9299097086893
Gilbeys Vodka Traveler,276249.33,26.164961196466983,False,560.146,64.9299097086893
Giorgio & Gianni Lambrusco,107.88,32.48053392658509,False,560.146,64.9299097086893
Giorgio Carnevale Barbr Asti,8584.84,18.95131417708426,False,560.146,64.9299097086893
Girard Cab Svgn,29875.769999999997,41.68813054860174,False,560.146,64.9299097086893
Girard Chard RRV,21936.6,36.17424760446012,False,560.146,64.9299097086893
Girard Old Vine Znfdl,21633.52,58.03142530665375,False,560.146,64.9299097086893
Girard Svgn Bl Napa Vly,19401.76,38.86704092824568,False,560.146,64.9299097086893
Girasole Chard,335.76,38.52751965689778,False,560.146,64.9299097086893
Girasole Hybrid Red,584.56,35.21280963459695,False,560.146,64.9299097086893
Girl & Dragon Cab Svgn,23646.78,13.322997888084547,False,560.146,64.9299097086893
Girl & Dragon Malbec,643.5400000000001,32.451751250893494,False,560.146,64.9299097086893
Girl Go Lightly Chardonnay,1216.9299999999998,31.940210201079754,False,560.146,64.9299097086893
Girls in the Vineyard Cab S,33350.619999999995,27.94559741318151,False,560.146,64.9299097086893
Girls in the Vineyard Svgn B,27810.64,28.587044383013126,False,560.146,64.9299097086893
Girvan Patent Still #4 Apps,3357.27,85.79262317299472,False,560.146,64.9299097086893
Glam Prosecco,8026.9800000000005,84.14945595977566,False,560.146,64.9299097086893
Glen Ellen Cab Svgn RSV,179852.7,29.586934196706533,False,560.146,64.9299097086893
Glen Ellen Chard RSV,404308.57,34.59141095863939,False,560.146,64.9299097086893
Glen Ellen Merlot RSV,164946.99000000002,31.52030172592528,False,560.146,64.9299097086893
Glen Ellen Pnt Grigio RSV,929.54,32.515551872320636,False,560.146,64.9299097086893
Glen Grant 10 Yr Single Malt,21542.09,33.15077599248727,False,560.146,64.9299097086893
Glen Moray 10 Yr Chard Cask,3074.2200000000003,99.02446799513373,False,560.146,64.9299097086893
Glen Moray 12 Yr Scotch,62073.77,21.58678295196183,False,560.146,64.9299097086893
Glen Moray 25 Yr Portwood,3839.84,22.480103337639072,False,560.146,64.9299097086893
Glen Moray Classic Scotch,56156.31999999999,26.433854640047628,False,560.146,64.9299097086893
GlenDronach 15 Yr Scotch,41479.47,47.015330716617164,False,560.146,64.9299097086893
GlenDronach 1995,18188.93,28.225354652527663,False,560.146,64.9299097086893
GlenDronach Tawny Port 15 Yr,14139.21,55.388950302032434,False,560.146,64.9299097086893
Glendalough 13 Yr Sngle Malt,9838.85,73.67985079557062,False,560.146,64.9299097086893
Glendalough Double Barrel,45645.13,16.999601052730046,False,560.146,64.9299097086893
Glendalough Poitin Shry Cask,3788.77,83.07946906251897,False,560.146,64.9299097086893
Glenfarclas 12-Yr Scotch,73143.96,27.084341618911534,False,560.146,64.9299097086893
Glenfiddich 12 Year Old Sco,2667.42,31.838630586859214,False,560.146,64.9299097086893
Glenfiddich 14 Yr Barrel Rsv,145728.39,12.99894275919744,False,560.146,64.9299097086893
Glenfiddich 1978 Rare Collct,3499.99,22.48063565895902,False,560.146,64.9299097086893
Glenfiddich 21 Year Old,19798.9,28.265610715746835,False,560.146,64.9299097086893
Glenfiddich Ancient RSV 18,112533.7,21.706226668100307,False,560.146,64.9299097086893
Glenfiddich Solera 15-Yr RS,174601.2,19.21705578197631,False,560.146,64.9299097086893
Glenfiddich Special Rsv 12,684941.61,13.654036424378088,False,560.146,64.9299097086893
Glenfiddich Special Rsv 12Yr,104263.29,32.21587387085137,False,560.146,64.9299097086893
Glenfiddich The Original,7899.21,86.47181173813584,False,560.146,64.9299097086893
Glenfiddich Trio 200ml Pack,9148.17,43.88877775555112,False,560.146,64.9299097086893
Glenkinchie 12 YO Scotch,18790.82,31.322475549230955,False,560.146,64.9299097086893
Glenmorangie 10 Yr Scotch,334079.63,24.490972406788167,False,560.146,64.9299097086893
Glenmorangie Collection 4 Pk,48592.81,30.95978602595733,False,560.146,64.9299097086893
Glenmorangie LaSanta,100054.45000000001,20.05089228914857,False,560.146,64.9299097086893
Glenmorangie Milsean Scotch,21282.85,20.638448328113938,False,560.146,64.9299097086893
Glenmorangie Nectar D'Or,62668.1,23.703766350024967,False,560.146,64.9299097086893
Glenmorangie Original 10 Yr,148432.78999999998,24.87107464597276,False,560.146,64.9299097086893
Glenmorangie Original 18Yr,126639.7,14.64894499908006,False,560.146,64.9299097086893
Glenmorangie Original VAP,48412.89000000001,52.3602908233737,False,560.146,64.9299097086893
Glenmorangie Quinta Ruban,122300.0,21.82771872444808,False,560.146,64.9299097086893
Glenmorangie Tusail Giftbox,2099.79,82.49348744398249,False,560.146,64.9299097086893
Glenrothes Sherry Cask Rsv,28310.18,18.65523285263464,False,560.146,64.9299097086893
Glenrothes Single Malt Scot,4224.1,83.67060438910063,False,560.146,64.9299097086893
Glenrothes Vintage Rsv,43350.18,22.622881842705162,False,560.146,64.9299097086893
Gloria Ferrer Brut,19145.84,37.06147131700673,False,560.146,64.9299097086893
Gloria Ferrer Carneros Chard,4102.629999999999,41.177001094419914,False,560.146,64.9299097086893
Glory Days Merlot,301.91999999999996,33.704292527821934,False,560.146,64.9299097086893
Gnarly Head 1924 Double Blac,38903.49,25.548838934501756,False,560.146,64.9299097086893
Gnarly Head Authentic Black,48189.54,25.80418904185432,False,560.146,64.9299097086893
Gnarly Head Authentic Red,37353.59,32.26867886058608,False,560.146,64.9299097086893
Gnarly Head Authentic White,1069.81,77.87177162299848,False,560.146,64.9299097086893
Gnarly Head Cab Svgn Cal,80390.3,29.022183024568886,False,560.146,64.9299097086893
Gnarly Head Chard Cal,38362.27,38.443423707721145,False,560.146,64.9299097086893
Gnarly Head Malbec,20145.2,35.13824633163235,False,560.146,64.9299097086893
Gnarly Head OV Zinfandel,119.88,31.03103103103102,False,560.146,64.9299097086893
Gnarly Head Old Vine Znfdl,125609.92,29.322739796347285,False,560.146,64.9299097086893
Gnarly Head Pnt Grigio,43697.38,36.9753747249835,False,560.146,64.9299097086893
Gnarly Head Pnt Nr,44288.71,39.47396526112411,False,560.146,64.9299097086893
Goats Do Roam White,431.52,35.483870967741936,False,560.146,64.9299097086893
Gode'II Rosso di Toscana,1160.18,36.92444275888225,False,560.146,64.9299097086893
Godiva Chocolate Liqueur,248209.88,22.39872608920227,False,560.146,64.9299097086893
Godiva Dark Chocolate,83507.70999999999,28.53080272468254,False,560.146,64.9299097086893
Godiva Wh Chocolate Liqueur,135768.74,25.87169918495229,False,560.146,64.9299097086893
Gold Crown Vodka,28877.39,23.023514244188966,False,560.146,64.9299097086893
Gold Crown Wh Rum,136024.92,24.20468249494284,False,560.146,64.9299097086893
Goldeneye Anderson Pnt Nr,20975.82,23.021650643455178,False,560.146,64.9299097086893
Goldschlager Cinnamon Schna,135047.37,26.155392733675598,False,560.146,64.9299097086893
Goldschlager Cinnamon Schnap,82974.5,19.730326787145447,False,560.146,64.9299097086893
Goldschlager Cinnamon Schnps,207675.77999999997,26.91801849613164,False,560.146,64.9299097086893
Gonzalez Bypass Noe Sherry,1287.72,29.50330817258411,False,560.146,64.9299097086893
Goose Bay Svgn Bl,10273.59,34.204109761047505,False,560.146,64.9299097086893
Goosebump Velvety Red,13879.08,39.0332788628641,False,560.146,64.9299097086893
Gordon Est Cab Svgn Columbia,131.94,88.81309686221009,True,560.146,64.9299097086893
Gordons London Dry,754974.4600000001,30.195956689598987,False,560.146,64.9299097086893
Gordons London Dry Gin,13666.32,25.08188012573978,False,560.146,64.9299097086893
Gordons Vodka,215.76,24.249165739710786,False,560.146,64.9299097086893
Gordons Vodka 80 Proof,724360.55,31.416380972155377,False,560.146,64.9299097086893
Gordons Vodka Traveler,56947.53,33.67129355742032,False,560.146,64.9299097086893
Goslings Black Seal 151,108721.77,24.928834399955033,False,560.146,64.9299097086893
Goslings Black Seal Bermuda,522535.20999999996,29.376064437839506,False,560.146,64.9299097086893
Goslings Black Seal Rum 80,212285.18,29.894795293764737,False,560.146,64.9299097086893
Goslings Dark'N Stormy RTD,45436.7,28.595276505556082,False,560.146,64.9299097086893
Goslings Dark'n Stormy VAP,1037.3799999999999,83.19805664269603,False,560.146,64.9299097086893
Goslings Family Rsv Rum,1494.77,68.94505509208774,False,560.146,64.9299097086893
Goulee Cos d'Estournel 10,558.87,69.4347522679693,True,560.146,64.9299097086893
Gouleyant Malbec Cahors,14631.92,37.17707587247606,False,560.146,64.9299097086893
Gozio Amaretto,80290.93,34.96300267041371,False,560.146,64.9299097086893
Gr Marnier Cordon Rouge VAP,55601.31999999999,41.077765779661334,False,560.146,64.9299097086893
Gr Marnier Raspberry Peach,98547.38,38.22971244897632,False,560.146,64.9299097086893
Gr Montmirail Muscat Venise,5257.37,30.474172447440452,False,560.146,64.9299097086893
Grady Family Vyds Znfdl,503.64,56.730998332142015,False,560.146,64.9299097086893
Graffigna Centenario Malbec,18334.43,36.54005060424567,False,560.146,64.9299097086893
Graffigna Centenario Pnt Gri,3099.02,43.35628682615794,False,560.146,64.9299097086893
Graham's Six Grapes Gift Pk,379.79999999999995,58.07003686150605,False,560.146,64.9299097086893
Grahams 10-Yr Tawny Port,22210.43,31.568231682142127,False,560.146,64.9299097086893
Grahams 1977 Vintage Port,2155.8900000000003,63.87849101763078,False,560.146,64.9299097086893
Grahams 20-Yr Tawny Port,3599.28,28.672401146896043,False,560.146,64.9299097086893
Grahams 2000 Vintage Port,7295.24,93.81870918571562,False,560.146,64.9299097086893
Grahams 30-Yr Tawny Port,1349.85,31.503500388932103,False,560.146,64.9299097086893
Grahams 40-Yr Tawny Port,1679.88,67.53339524251733,False,560.146,64.9299097086893
Grahams Six Grapes,41379.869999999995,34.190465073959864,False,560.146,64.9299097086893
Gramercy Clrs Grenache,4399.12,72.16806997763189,False,560.146,64.9299097086893
Gramona Gessami Penedes,4341.28,58.53642243762208,False,560.146,64.9299097086893
Gramona Grand Cve Cava Spklg,2296.7799999999997,45.46800303032941,False,560.146,64.9299097086893
Gramona Imperial Cava Gr Rsv,782.73,25.913150128396772,False,560.146,64.9299097086893
Gramona Lustros Gr Rsva Cava,902.7900000000001,93.65079365079364,False,560.146,64.9299097086893
Gran Centenario Anejo,29333.24,18.534297609128764,False,560.146,64.9299097086893
Gran Gala Liqueur,476.19,83.57588357588358,True,560.146,64.9299097086893
Gran Pasas Monastrell,7650.04,7.175256599965489,False,560.146,64.9299097086893
Gran Passione Gavi,5797.83,29.441187478763613,False,560.146,64.9299097086893
Gran Passione Rosso IGT,1918.72,37.933622414943294,False,560.146,64.9299097086893
Gran Patron Piedra,4399.89,41.5578571282464,False,560.146,64.9299097086893
GranGala Triple Orange,284686.23,27.12813492360179,False,560.146,64.9299097086893
Grand MacNish,95864.2,23.31320764164308,False,560.146,64.9299097086893
Grand MacNish 12 Yr Old,43034.43,37.84218821999037,False,560.146,64.9299097086893
Grand Macnish Black Edition,4798.11,95.15559251455261,False,560.146,64.9299097086893
Grand Marnier,1715609.42,34.89139994510057,False,560.146,64.9299097086893
Grand Marnier Cuvee du Cent,43347.11,16.95280262052073,False,560.146,64.9299097086893
Grand Marnier Flask,2437.71,26.56632659340119,False,560.146,64.9299097086893
Grand Marnier Quintessence,4799.9400000000005,74.16009366783751,False,560.146,64.9299097086893
Grand Marnier Rasp-Peach,2855.6499999999996,77.63276311872953,False,560.146,64.9299097086893
Grand Mayan Silver Agave,22717.16,21.974269671032822,False,560.146,64.9299097086893
Grand Mayan Ultra Aged Teq,30996.899999999998,30.668679771202918,False,560.146,64.9299097086893
Grand Sigognac Medoc Bordx,367.77,30.43478260869565,False,560.146,64.9299097086893
Grande Absente Absinthe,47355.16,23.525630575421992,False,560.146,64.9299097086893
Grandial Brut Blanc de Blanc,1208.79,21.733303551485363,False,560.146,64.9299097086893
Granite Lightning Whiskey,9264.689999999999,37.349225932006355,False,560.146,64.9299097086893
Granny's Gingerbread Cream,14627.8,19.09713012209628,False,560.146,64.9299097086893
Grant's Ale Cask Finish,9515.24,53.08673244185118,False,560.146,64.9299097086893
Grape & Vine Pnt Grigio,39.48,35.562310030395125,False,560.146,64.9299097086893
Grape Time Super Tuscan,7325.07,24.81928500341976,False,560.146,64.9299097086893
Grape Time Wh Cranbery Pnt G,7625.13,29.32631968241853,False,560.146,64.9299097086893
Grape Time Winery Amarone,5126.2,30.75572548866606,False,560.146,64.9299097086893
Grape Time Winery Rsl Granny,15432.12,34.680134680134685,False,560.146,64.9299097086893
Grateful Red Redhawk Pnt Nr,3989.7499999999995,33.77329406604422,False,560.146,64.9299097086893
Gratien & Meyer Cremant Brut,1399.1,82.5030376670717,False,560.146,64.9299097086893
Gravelly Ford Chard,95.88,31.038798498122645,False,560.146,64.9299097086893
Grayson Cellars Cab Svgn Pas,28198.59,33.76083697801911,False,560.146,64.9299097086893
Grayson Cellars Chard N Cst,16439.89,38.08900181205592,False,560.146,64.9299097086893
Grayson Cellars Merlot Paso,671.4,42.35924932975871,False,560.146,64.9299097086893
Grayson Cellars Pnt Nr Cntrl,16481.84,35.42565635875607,False,560.146,64.9299097086893
Grayson Cellars Znfdl Cntl C,6339.8,35.81453673617465,False,560.146,64.9299097086893
Great Western Brut,44365.590000000004,36.63970207541475,False,560.146,64.9299097086893
Great Western X Dry,42907.05,36.09863647116266,False,560.146,64.9299097086893
Green Chartreuse Liqueur,94931.01,27.316584959961983,False,560.146,64.9299097086893
Green Lip Svgn Bl,143.88,31.526271893244374,False,560.146,64.9299097086893
Green Spot Irish Whiskey,29503.690000000002,1.17473441457663,False,560.146,64.9299097086893
Greg Norman Eden Vly Chard,18182.71,25.23408226826473,False,560.146,64.9299097086893
Greg Norman Limestone Shiraz,65359.35,36.5266943444205,False,560.146,64.9299097086893
Greg Norman Lmstn Cab/Merlot,101868.63,37.04730298228219,False,560.146,64.9299097086893
Greg Norman Pnt Nr Cal Est,2937.1,41.77249668039903,False,560.146,64.9299097086893
Greg Norman Svgn Blanc Marlb,4034.61,72.8395061728395,False,560.146,64.9299097086893
Grenache/Shirz Stump Jump,131.89,26.757146106603987,False,560.146,64.9299097086893
Grey Goose Cherry Noir Vodka,94295.54,32.096396075572606,False,560.146,64.9299097086893
Grey Goose Glass Pack,136831.1,32.7910029225812,False,560.146,64.9299097086893
Grey Goose L'Orange Vodka,191875.92,51.069763138114496,False,560.146,64.9299097086893
Grey Goose La Poire Vodka,126661.35,57.48834963508938,False,560.146,64.9299097086893
Grey Goose Le Citron Vodka,196332.65,45.90767137715187,False,560.146,64.9299097086893
Grey Goose Le Melon,54432.799999999996,28.34827530459575,False,560.146,64.9299097086893
Grey Goose VX,599.92,28.057074276570198,False,560.146,64.9299097086893
Grey Goose Vodka,7209608.0600000005,25.413817266773513,False,560.146,64.9299097086893
Greystone Cellars Cab Svgn,5986.4,31.28875451022317,False,560.146,64.9299097086893
Grgich Hills Cab Svgn Napa,36684.4,27.55353774356403,False,560.146,64.9299097086893
Grgich Hills Chard Napa,56005.94,32.78891489009915,False,560.146,64.9299097086893
Grgich Hills Fume Bl Napa,15336.82,37.39927833801271,False,560.146,64.9299097086893
Grgich Hills Merlot Napa,7953.150000000001,19.959261424718513,False,560.146,64.9299097086893
Grgich Hills Znfdl,10776.92,26.09279831343278,False,560.146,64.9299097086893
Grind Espresso Shot,42223.22,58.998157483556305,False,560.146,64.9299097086893
Grooner Gruner Veltliner,351.64,59.390285519281086,False,560.146,64.9299097086893
Groth Cab Svgn Napa,104334.73000000001,34.54649281212498,False,560.146,64.9299097086893
Groth Chard Napa,8673.119999999999,23.614339476451367,False,560.146,64.9299097086893
Groth Rsv Cab Svgn Napa Vly,17948.25,30.0727368963548,False,560.146,64.9299097086893
Groth Svgn Bl Napa Valley,107613.5,35.70407058593949,False,560.146,64.9299097086893
Gruet Bl de Bl 25th Annivrsy,588.6899999999999,66.70573646571201,False,560.146,64.9299097086893
Gruet Blanc de Noir,12107.77,26.693318127575075,False,560.146,64.9299097086893
Gruet Brut New Mexico,54853.84,48.319443087302545,False,560.146,64.9299097086893
Gruet Rose Brut,24618.51,30.78988127226221,False,560.146,64.9299097086893
Guasti Clemente Barolo Rsva,15046.99,94.2131283399537,False,560.146,64.9299097086893
Guenoc Cal Chard,1170.72,7.113571135711355,False,560.146,64.9299097086893
Guenoc Petite Sirah N Cst,8288.7,33.27047667306092,False,560.146,64.9299097086893
Guidobono Barbera D'Alba,503.64,34.23874195854181,False,560.146,64.9299097086893
Guigal Chtnf du Pape,16391.81,35.424580934015225,False,560.146,64.9299097086893
Guigal Cote Rotie Br et Blnd,4224.349999999999,74.86003763892668,False,560.146,64.9299097086893
Guigal Cotes du Rhone Red,91025.9,36.88170070276701,False,560.146,64.9299097086893
Guigal Cotes du Rhone Rose,28406.05,34.656807264649615,False,560.146,64.9299097086893
Guigal Gigondas,6207.929999999999,11.557314596008645,False,560.146,64.9299097086893
Guillaume Vrignaud Chablis,1039.6,59.67198922662562,False,560.146,64.9299097086893
Guillaume Vrignaud Chablis 1,455.88,34.21953145564623,False,560.146,64.9299097086893
Guillermo Mndza Kosher Malbc,863.34,78.08511131188176,False,560.146,64.9299097086893
Gum Drop Pink Moscato,643.08,39.855072463768124,False,560.146,64.9299097086893
Gunsight Rock Cab Svgn,12597.09,38.541361536672355,False,560.146,64.9299097086893
Guntrum Dry Trocken Rheinhsn,601.57,26.59208404674435,False,560.146,64.9299097086893
H Brunier Telegramme Pape,7063.43,75.83822590441189,False,560.146,64.9299097086893
H by Hine Cognac,16638.52,55.29025418126131,False,560.146,64.9299097086893
H3 Horse Heaven Hills Cab Sv,98325.35,40.97504865225499,False,560.146,64.9299097086893
H3 Horse Heaven Hills Chard,179.88,51.10073382254837,False,560.146,64.9299097086893
H3 Horse Heaven Hills Merlot,23487.98,28.313460757374614,False,560.146,64.9299097086893
H3 Horse Heaven Hills Red Co,26609.49,30.778831161363858,False,560.146,64.9299097086893
Hacienda Haro Lopez Cri Rsva,179.88,89.62641761174116,True,560.146,64.9299097086893
Hacienda Monasterio Crianza,4749.05,30.84216843368674,False,560.146,64.9299097086893
Hahn Cab Svgn Santa Lucia,24429.33,37.98929401665948,False,560.146,64.9299097086893
Hahn Chard Monterey,17464.79,36.70756991638605,False,560.146,64.9299097086893
Hahn Meritage Central Coast,7684.339999999999,89.5192039914944,False,560.146,64.9299097086893
Hahn Merlot Central Coast,15150.86,33.863292248756835,False,560.146,64.9299097086893
Hahn Pnt Nr Monterey,431.64,31.94328607172644,False,560.146,64.9299097086893
Hakushu 12 Yr Japanese Whsky,19545.8,27.46144951856665,False,560.146,64.9299097086893
Hall Cab Svgn Napa,25115.07,34.43904396842215,False,560.146,64.9299097086893
Hall Svgn Bl Napa,10441.109999999999,36.61880777043819,False,560.146,64.9299097086893
Hamilton Russell Chard,1133.46,30.15721772272511,False,560.146,64.9299097086893
Hamilton Russell Pnt Nr,755.73,41.12182922472312,False,560.146,64.9299097086893
Hammer & Sickle Vodka,146611.65,29.972596173775656,False,560.146,64.9299097086893
Hancock Rsv Bourbon,849.83,16.63273831236836,False,560.146,64.9299097086893
HandCraft Artisan Coll Cab S,26039.760000000002,57.95399035935815,False,560.146,64.9299097086893
HandCraft Artisan Coll Chard,21059.92,60.050180627466766,False,560.146,64.9299097086893
HandCraft Artisan Coll Pet S,457.41,57.25935156642837,False,560.146,64.9299097086893
HandCraft Artisan Coll Pnt N,25351.34,63.82913092562366,False,560.146,64.9299097086893
Handcraft Pnt Grigio,20047.04,60.474962887289095,False,560.146,64.9299097086893
Handsome Devil Cab Svgn,373.65999999999997,27.934485896269322,False,560.146,64.9299097086893
Hangar One Blueberry Vodka,167.94,87.27521733952602,True,560.146,64.9299097086893
Hangar One Citron,27.99,28.04573061807788,False,560.146,64.9299097086893
Hangar One Kaffir Lime Vodk,167.94,75.49124687388354,True,560.146,64.9299097086893
Hangar One Mandarin Blossom,391.86,24.794569489103257,False,560.146,64.9299097086893
Hangar One Vodka,1511.46,20.650232225794934,False,560.146,64.9299097086893
Hangtime Pnt Nr Cal,560.67,3.0945119232347054,False,560.146,64.9299097086893
Haras Estate Svgn Blanc,143.88,32.86071726438699,False,560.146,64.9299097086893
Hard Rock Vodka,98464.2,26.25055603965705,False,560.146,64.9299097086893
Hardys Cab Svgn Ausl,19711.97,38.34609123289047,False,560.146,64.9299097086893
Hardys Chard Ausl,29349.59,38.7916492189499,False,560.146,64.9299097086893
Hardys Nottage Hill Chard,22759.440000000002,29.138326777811756,False,560.146,64.9299097086893
Hardys Shiraz Ausl,25643.13,39.140892706935546,False,560.146,64.9299097086893
Hardys Whiskers Blake Tawny,335.76,44.31736954967834,False,560.146,64.9299097086893
Harken Chard,16233.810000000001,10.543981973424613,False,560.146,64.9299097086893
Harmon Buffalo Trace Barrel,3898.44,24.249699879951983,False,560.146,64.9299097086893
Harrison Clarke Syrah,1799.55,82.22222222222221,False,560.146,64.9299097086893
Hartford Court Chard RRV,998.61,49.25947066422327,False,560.146,64.9299097086893
Hartford Court Pnt Nr RRV,2958.11,56.45192369452117,False,560.146,64.9299097086893
Hartford OV Znfdl RRV,3294.97,45.97947781011663,False,560.146,64.9299097086893
Harthill Farms Cab Svgn,595.03,89.95680890039158,False,560.146,64.9299097086893
Harthill Farms Chard,45.48,35.092348284960416,False,560.146,64.9299097086893
Hartley & Gibson Amontillad,16722.11,44.53534870898469,False,560.146,64.9299097086893
Hartley & Gibson Fino Dry S,83.94,35.09649749821301,False,560.146,64.9299097086893
Hartley & Gisbon Pedro Zimen,505.73999999999995,79.32534503895282,True,560.146,64.9299097086893
Hartley Brandy VS,81203.25,29.91731242284022,False,560.146,64.9299097086893
Harveys Bristol Cream Sherry,161050.58000000002,41.09288363382522,False,560.146,64.9299097086893
Harwood Canadian,728.46,28.539659006671602,False,560.146,64.9299097086893
Hatzimichalis Kapnias Red,373.83,68.41344996388733,True,560.146,64.9299097086893
Haunting Whisper DeChaunac,3968.69,30.400711569812717,False,560.146,64.9299097086893
Haunting Whisper Vyds Vignol,3357.2,21.768140116763963,False,560.146,64.9299097086893
Haut-Bailly Pessc Leognan 06,5932.83,62.05015144543161,False,560.146,64.9299097086893
Haut-Carles Fronsac 10,662.87,69.2337864136256,False,560.146,64.9299097086893
Hauts de Smith Rouge P-Le 12,3868.71,15.47182394131377,False,560.146,64.9299097086893
Hauts de Smith Rouge Pessac,5794.39,85.82836157041552,False,560.146,64.9299097086893
Havens Cab Svgn 11,3795.89,95.69218286093644,False,560.146,64.9299097086893
Hawk Crest Cab Svgn,14503.35,40.833531563397415,False,560.146,64.9299097086893
Hawk Crest Merlot,444.69,35.154826958105645,False,560.146,64.9299097086893
Hay Maker Svgn Bl,22602.06,33.606759737829215,False,560.146,64.9299097086893
Hayes Ranch Red Blend,269.7,17.775305895439377,False,560.146,64.9299097086893
Hayes Valley Cab Svgn CC,13356.630000000001,31.017404839394374,False,560.146,64.9299097086893
Hayes Valley Chard Monterey,979.02,55.97842740699883,False,560.146,64.9299097086893
Hayman's Old Tom Gin,529.76,32.27121715493808,False,560.146,64.9299097086893
Hayman's Sloe Gin,53.98,28.56613560577991,False,560.146,64.9299097086893
Haywood Chamizal Znfdl 09,66118.65,51.4569641092188,False,560.146,64.9299097086893
Hazlitt Red Cat Finger Lakes,20740.75,50.19688294782011,False,560.146,64.9299097086893
Hazlitt Vyds Red Cat Finger,65.88,32.96903460837887,False,560.146,64.9299097086893
Hazlitt White Cat Fngr Lakes,935.9300000000001,39.55637707948244,False,560.146,64.9299097086893
Head to Head Red Toscana,409.59,4.929319563465905,False,560.146,64.9299097086893
Heartland Spice Trader Sh/CS,9950.78,38.2243402024766,False,560.146,64.9299097086893
Heavyweight Cab Svgn,7216.58,14.392690166256036,False,560.146,64.9299097086893
Hecht & Bannier Cotes du Rou,3190.3199999999997,34.64981569246973,False,560.146,64.9299097086893
Heidsieck Brut Monopole Epe,126761.01999999999,35.301348947807455,False,560.146,64.9299097086893
Heidsieck Monopole Gold Top,8268.26,36.044464010565704,False,560.146,64.9299097086893
Heidsieck Monopole Rose Top,6334.530000000001,18.902902030616332,False,560.146,64.9299097086893
Heinrich Vollmer Riesling,863.28,64.5549532017422,False,560.146,64.9299097086893
Heitz Cab Svgn Napa,66262.76,28.411131682411046,False,560.146,64.9299097086893
Heitz Martha's Vyd Cab Svgn,674.97,78.49534053365336,False,560.146,64.9299097086893
Heitz Znfdl Ink Grade Vyd,15260.82,39.088987354545814,False,560.146,64.9299097086893
Hendrick's Gin,1158482.59,17.95761834968194,False,560.146,64.9299097086893
Hendry Ranch Barrel Chard,1977.37,76.06517748322267,False,560.146,64.9299097086893
Henkell Brut,9085.74,32.32835190089085,False,560.146,64.9299097086893
Hennessey VS +VSOP 50mL,113223.97,51.87172822150645,False,560.146,64.9299097086893
Hennessy Black Cognac,107263.75,22.745867079978087,False,560.146,64.9299097086893
Hennessy Paradis,14399.820000000002,61.240140501756265,False,560.146,64.9299097086893
Hennessy Paradis Imperial,8099.969999999999,47.91659722196502,False,560.146,64.9299097086893
Hennessy Privilege VSOP,956519.6499999999,28.58426510725529,False,560.146,64.9299097086893
Hennessy Privilege VSOP VAP,23284.050000000003,22.818968349578373,False,560.146,64.9299097086893
Hennessy Richard Cognac,18787.96,46.461510456696736,False,560.146,64.9299097086893
Hennessy VS Cognac,599256.5299999999,25.626743632690665,False,560.146,64.9299097086893
Hennessy VSOP Cognac,25196.4,24.81783111873125,False,560.146,64.9299097086893
Hennessy VSOP Cognac + 50mL,91706.55,70.22371902552217,False,560.146,64.9299097086893
Hennessy VSOP Privilege VAP,50185.32,2.8095865484169473,False,560.146,64.9299097086893
Hennessy XO Cognac,218786.88,23.137214626398073,False,560.146,64.9299097086893
Henri Bourgeois Svgn Blanc,14.99,35.090060040026685,False,560.146,64.9299097086893
Henry DuYore's Strgt Bourbon,1848.5700000000002,98.19698469627875,False,560.146,64.9299097086893
Henry Fessy Bjls Vlgs Crus d,548.39,9.473185141961011,False,560.146,64.9299097086893
Herencia Altes Garnacha Negr,1443.3,30.97762073027091,False,560.146,64.9299097086893
Heritance Cab Svgn,1429.4499999999998,92.82241421525762,False,560.146,64.9299097086893
Heritance Svgn Bl,28426.379999999997,28.094959681816672,False,560.146,64.9299097086893
Hermann J Wiemer Dry Rsl,13833.269999999999,26.079661569534885,False,560.146,64.9299097086893
Hermann J Wiemer Semi Dry Rs,9760.21,26.191137280857685,False,560.146,64.9299097086893
Hermanos Malbec-Tannat,167.88,32.88062902072909,False,560.146,64.9299097086893
Heron Pnt Nr Cal,12077.49,39.930233848258204,False,560.146,64.9299097086893
Herradura Anejo LaCaretta DB,389.94,20.633943683643633,False,560.146,64.9299097086893
Herradura Anejo Tequila,76814.79,24.074309127187615,False,560.146,64.9299097086893
Herradura Reposado #14 BtB,4115.16,20.636864666258415,False,560.146,64.9299097086893
Herradura Reposado Barrel 11,551.88,24.244400956729724,False,560.146,64.9299097086893
Herradura Reposado Lot 598,2529.45,67.18970527189705,False,560.146,64.9299097086893
Herradura Reposado Lot 599,3817.17,20.93304725752325,False,560.146,64.9299097086893
Herradura Reposado NHSLC,15958.53,91.02912360975604,False,560.146,64.9299097086893
Herradura Reposado Tequila,112249.22,22.526588603466465,False,560.146,64.9299097086893
Herradura Silver Tequila,119863.75,23.459761604321574,False,560.146,64.9299097086893
Herzog Kosher Cab Svgn,6311.35,33.675045750909085,False,560.146,64.9299097086893
Herzog Kosher Chard,3983.06,51.95653592966212,False,560.146,64.9299097086893
Herzog Kosher Chenin Blanc,1122.8600000000001,10.977325757440818,False,560.146,64.9299097086893
Herzog Kosher Merlot,2471.17,49.990490334537895,False,560.146,64.9299097086893
Herzog Kosher Wh Znfdl,97.86000000000001,80.82975679542203,True,560.146,64.9299097086893
Herzog Kosher Znfdl,409.59000000000003,89.98022412656559,True,560.146,64.9299097086893
Hess Allomi Cab Svgn,88957.37,32.220478190845796,False,560.146,64.9299097086893
Hess Cab Svgn Shirtail Ranch,1043.28,34.23050379572119,False,560.146,64.9299097086893
Hess Clctn 19 Block Cuvee,15043.78,37.51856248894892,False,560.146,64.9299097086893
Hess Collection Cab S Mt Vee,16851.19,40.78222368865344,False,560.146,64.9299097086893
Hess Collection Chard Napa,18604.989999999998,28.58260068938494,False,560.146,64.9299097086893
Hess Select Cab Svgn,176810.59999999998,42.22772842804673,False,560.146,64.9299097086893
Hess Select Chard,106340.62,33.68312127576461,False,560.146,64.9299097086893
Hess Select Pnt Nr,9642.64,53.074365526453334,False,560.146,64.9299097086893
Hess Shirttail Crk Vyd Chard,3834.4300000000003,22.85633066713958,False,560.146,64.9299097086893
Hess Treo Winemaker's Blend,16431.53,42.562135114624134,False,560.146,64.9299097086893
Hey Mambo Sultry Red,129.9,21.570438799076218,False,560.146,64.9299097086893
Hi! Prosecco,56199.34,36.44213615320037,False,560.146,64.9299097086893
Hibiki 12Yr Japanese Whisky,10232.81,23.07245028491685,False,560.146,64.9299097086893
Hibiki Harmony Japan Whiskey,106710.43,19.21910538641817,False,560.146,64.9299097086893
Hidalgo Gobernador Oloroso S,899.6999999999999,82.3407802600867,False,560.146,64.9299097086893
Hidden Crush Cab Svgn C Cst,1048.95,32.355212355212366,False,560.146,64.9299097086893
Hideyoshi Namacho Honjozo Sa,4437.56,31.33253409531365,False,560.146,64.9299097086893
Hidlago Morenita Crm Sherry,5572.71,28.51449294867309,False,560.146,64.9299097086893
Hidlago Panesa Fino Sherry,4280.94,23.859713053675122,False,560.146,64.9299097086893
High Note 1100 Meter Red,226.78,29.940911896992684,False,560.146,64.9299097086893
High Note Malbec Mendoza,59715.35,29.083326146459832,False,560.146,64.9299097086893
High Valley Svgn Bl 13 Lake,7988.29,95.18057056015743,False,560.146,64.9299097086893
High West American Prairie,64338.68,10.12398762299756,False,560.146,64.9299097086893
High West Double Rye Whiskey,82949.91,15.505007781201932,False,560.146,64.9299097086893
Higher Ground Pinot Noir,3429.3599999999997,28.700398908251103,False,560.146,64.9299097086893
Highland Park 12 Yr Single,138993.49,21.675864099822224,False,560.146,64.9299097086893
Highland Park 15 Yr Old,27437.109999999997,16.151117956665253,False,560.146,64.9299097086893
Highland Park 18 Yr Single,43546.69,6.046590452684242,False,560.146,64.9299097086893
Highland Park Dark Origins,37069.93,34.62431679800852,False,560.146,64.9299097086893
Highland Park Odin,3149.91,91.58261664618989,False,560.146,64.9299097086893
Hillinger Leitheberg Blaufra,259.87,8.892907992457772,False,560.146,64.9299097086893
Hillinger Secco Sparkling,332.31,33.79073756432246,False,560.146,64.9299097086893
Hine Rare VSOP,31924.879999999997,23.697755480991617,False,560.146,64.9299097086893
Hiram Walker Coffee Brandy,135315.81999999998,22.83267396229058,False,560.146,64.9299097086893
Hiram Walker Cr de Cacao Br,1500.4899999999998,19.846183580030523,False,560.146,64.9299097086893
Hiram Walker Cr de Cacao Wh,1251.79,19.892314206056927,False,560.146,64.9299097086893
Hiram Walker Creme de Cassis,1956.4399999999998,24.530780397047693,False,560.146,64.9299097086893
Hiram Walker Mango,629.4,14.094375595805516,False,560.146,64.9299097086893
Hiram Walker Peppermint Schn,52.74,22.52559726962458,False,560.146,64.9299097086893
Hiram Walker Pumpkin Spice,13275.94,45.31912617863594,False,560.146,64.9299097086893
Hiram Walker Triple Sec,1576.8400000000001,29.42213541006064,False,560.146,64.9299097086893
Hirsch 20 Yr American Whisky,28994.28,89.88345287415311,False,560.146,64.9299097086893
Hirsch Gruner Veltliner,1443.24,27.77084892325602,False,560.146,64.9299097086893
Hirsch Selection Bourbon,52125.73,30.720126125811575,False,560.146,64.9299097086893
Hob Nob Chard,20716.05,37.83950125627231,False,560.146,64.9299097086893
Hob Nob Malbec VDP D'Oc,3556.38,56.36630506301351,False,560.146,64.9299097086893
Hob Nob Pnt Nr VDP D'Oc,63423.85,35.808059586417414,False,560.146,64.9299097086893
Hob Nob Wicked Red,6362.54,56.713042275569194,False,560.146,64.9299097086893
Hob Nob Wicked Red Ltd Ed,509.49,69.23982806335746,True,560.146,64.9299097086893
Hobbs Crossbarn Pnt Nr RRV,2735.2400000000002,99.12292888375427,False,560.146,64.9299097086893
Hobo Znfdl Dry Creek,959.52,32.86643321660831,False,560.146,64.9299097086893
Hochstadter's Slow and Low,57674.659999999996,23.81056082515267,False,560.146,64.9299097086893
Hogue Cab Svgn Columbia,2303.84,31.01604278074867,False,560.146,64.9299097086893
Hogue Cellars Chard Wash,1161.71,89.796937273502,False,560.146,64.9299097086893
Hogue Cellars Rsl Wash,7521.83,43.4813070755388,False,560.146,64.9299097086893
Hogue Cellars WA Svgn Bl,1514.53,23.049394861772292,False,560.146,64.9299097086893
Hogue Clrs Merlot Wash,632.39,36.773193757017026,False,560.146,64.9299097086893
Hogue Clrs Pnt Gris Columbia,411.64,32.309785249246914,False,560.146,64.9299097086893
Hogue Genesis Meritage,9212.5,36.02388059701492,False,560.146,64.9299097086893
Hogue Lt Harvest Clmb Wh Rsl,4711.53,32.78361806037529,False,560.146,64.9299097086893
Hogwash Rose,944.37,62.9086057371581,False,560.146,64.9299097086893
Homericon Mastiha,399.8,3.5617808904452106,False,560.146,64.9299097086893
Honeymaker Blueberry Mead,14218.88,30.406895620470802,False,560.146,64.9299097086893
Honeymaker Dry Mead,11211.93,43.39136972849456,False,560.146,64.9299097086893
Honeymaker Lavender Mead,12384.82,35.764669975017796,False,560.146,64.9299097086893
Honeymaker Spiced Mead,792.39,79.9063592422923,False,560.146,64.9299097086893
Honig Bartolucci Vyds Cab Sv,14757.65,21.46933963063224,False,560.146,64.9299097086893
Honig Cab Svgn,799.9,27.157144643080372,False,560.146,64.9299097086893
Honig Cab Svgn Napa,83399.58,38.068728883286944,False,560.146,64.9299097086893
Honig Svgn Bl Napa,81443.11,34.38109129182321,False,560.146,64.9299097086893
Honig Svgn Bl Rsv,11716.83,29.97628198070639,False,560.146,64.9299097086893
Honoro Vera Garnacha Calatyd,11493.07,42.644567552446816,False,560.146,64.9299097086893
Honoro Vera Jumilla Rose,215.76,31.47942157953281,False,560.146,64.9299097086893
Honoro Vera Merlot Jumilla,543.36,11.565076560659605,False,560.146,64.9299097086893
Honoro Vera Organic Jumilla,908.4300000000001,55.69499025791751,False,560.146,64.9299097086893
Hoopes Oakville Cab Svgn,4139.31,15.69392000115962,False,560.146,64.9299097086893
Hopler Gruner Veltliner,71124.66,30.747226067583313,False,560.146,64.9299097086893
Hopler Pnt Bl,2099.79,18.509946232718512,False,560.146,64.9299097086893
Hornitos Anejo Tequila,88961.59999999999,27.836392331073174,False,560.146,64.9299097086893
Hornitos Black Barrel,113048.34,12.856535531614169,False,560.146,64.9299097086893
Hornitos Lime Shot Tequila,83757.0,33.05321346275536,False,560.146,64.9299097086893
Hornitos Plata Tequila,924213.52,24.69240371099527,False,560.146,64.9299097086893
Hornitos Plata VAP,20719.28,36.434084582089724,False,560.146,64.9299097086893
Hornitos Reposado Tequila,1157717.98,20.648527620328878,False,560.146,64.9299097086893
Hornitos Reposado VAP,31846.309999999998,31.82287053036913,False,560.146,64.9299097086893
Hornitos Spiced Honey Liquer,4731.5599999999995,75.11307053064951,False,560.146,64.9299097086893
House Wine Cab Svgn,21749.91,18.062419568632706,False,560.146,64.9299097086893
House Wine Chard,22001.77,2.575065551544268,False,560.146,64.9299097086893
House of Stuart Scotch,119.88,27.52752752752753,False,560.146,64.9299097086893
Howling Moon Pnt Grigio Lodi,459.54,30.852591722156948,False,560.146,64.9299097086893
Howling Moon Pnt Nr N Cst,2798.0,27.308077197998575,False,560.146,64.9299097086893
Hpnotiq Harmonie,799.5999999999999,86.47073536768384,False,560.146,64.9299097086893
Hpnotiq Liqueur,234326.3,28.11351244383368,False,560.146,64.9299097086893
Hpnotiq Sparkle,4477.76,59.290806117344395,False,560.146,64.9299097086893
Huber Gruner Veltliner Trais,475.71999999999997,17.06045573026148,False,560.146,64.9299097086893
Huber Hugo Gruner Veltliner,8741.4,40.22650833962523,False,560.146,64.9299097086893
Hudson Baby Bourbon Whiskey,103979.2,20.38800067705849,False,560.146,64.9299097086893
Hudson Bay Bourbon,3049.32,70.51801713168838,False,560.146,64.9299097086893
Hudson Four Grain Bourbon,22669.510000000002,11.807533554982012,False,560.146,64.9299097086893
Hudson Manhattan Rye,48385.26,57.43055436808943,False,560.146,64.9299097086893
Hudson Maple Cask Rye,12192.29,71.9875429472232,False,560.146,64.9299097086893
Hugel Gentil White,16149.82,38.20240720949212,False,560.146,64.9299097086893
Hugel Les Amours Pnt Bl,4746.22,42.07811690145,False,560.146,64.9299097086893
Humberto Canale Malbec Est,1163.03,23.46715046043525,False,560.146,64.9299097086893
Hundred Acre Ark Vy Cab Svgn,12374.670000000002,81.93842744897441,False,560.146,64.9299097086893
Hunt & Harvest Cab Svgn,28345.1,29.233130241205714,False,560.146,64.9299097086893
I Lauri Bajo Montepul d'Abru,36756.56,34.14938721142566,False,560.146,64.9299097086893
I Lauri Spumante Brut Rose,7884.93,9.887849353133134,False,560.146,64.9299097086893
I Lauri Tavo Pnt Grigio,6754.05,13.435642318312713,False,560.146,64.9299097086893
I Lauri Trebbiano d'Abruzzo,371.64,40.71682273167582,False,560.146,64.9299097086893
I'm Bananas Over You,149.7,36.9939879759519,False,560.146,64.9299097086893
I.W. Harper Bourbon,20591.45,18.32517865424728,False,560.146,64.9299097086893
Ice 101 Peppermint Schnapps,162437.53,25.398225397788305,False,560.146,64.9299097086893
Ice Box Manhattan,80009.4,25.29229065584794,False,560.146,64.9299097086893
Ice Box Mudslide,105638.94,29.64032013195134,False,560.146,64.9299097086893
Ice Fox Vodka,6569.4,6.9458398027217,False,560.146,64.9299097086893
Ice Pik Vodka,109761.19,19.65615101046954,False,560.146,64.9299097086893
If You See Kay Red Blend,17293.059999999998,42.387061630503794,False,560.146,64.9299097086893
Il Bastardo Sangiovese Tosc,113491.2,46.0552360006767,False,560.146,64.9299097086893
Il Cavaliere Pnt Grigio,1091.09,24.920950609023993,False,560.146,64.9299097086893
Il Colle Prosecco Brut,203.88,31.018246027074753,False,560.146,64.9299097086893
Il Donato Pnt Grigio Daunia,609.39,30.172795746566237,False,560.146,64.9299097086893
Il Donato Vino Rosso Puglia,227.76,35.51106427818757,False,560.146,64.9299097086893
Il Poggio Sangiovese Rubico,167.88,35.09649749821301,False,560.146,64.9299097086893
Il Poggione Brunlo d Montlcn,14398.199999999999,20.215582503368466,False,560.146,64.9299097086893
Il Poggione Monalcino Rsv 07,2552.77,91.24597985717476,False,560.146,64.9299097086893
Il Poggione Rosso Montalcino,6783.389999999999,13.472467306169916,False,560.146,64.9299097086893
Il Poggione di Montalcino,715.96,83.65970165931057,False,560.146,64.9299097086893
Il Tramonto Limoncello,132009.93,19.089957853928112,False,560.146,64.9299097086893
Ilauri Bajo Montplc d'Abruzo,539.7,45.91439688715954,False,560.146,64.9299097086893
Ilauri Le Pinciaie 10 Red,19842.03,33.96623228570868,False,560.146,64.9299097086893
Immersion Red,94.95,33.75460768825698,False,560.146,64.9299097086893
Imperial Blended Whiskey,224.82,26.98158526821457,False,560.146,64.9299097086893
Infamous Goose Svgn Bl,24404.22,2.8792561286531586,False,560.146,64.9299097086893
Inglenook Cask Cab Svgn,5989.219999999999,58.53900841845851,False,560.146,64.9299097086893
Inglenook Rubicon 09,9132.470000000001,56.98841605830626,False,560.146,64.9299097086893
Inkblot Cab Franc,6481.150000000001,81.91987533076691,False,560.146,64.9299097086893
Inman Family Endless Crush,1259.55,88.4172918899607,False,560.146,64.9299097086893
Inman Family Pnt Nr RRV Sono,335.88,31.975705609146125,False,560.146,64.9299097086893
Inniskillin Icewn Ngra Vidal,35543.64,37.62546548412036,False,560.146,64.9299097086893
Innocenti Vignalsole Rosso,5896.74,13.511533491386762,False,560.146,64.9299097086893
Insomnia Cab Svgn,22593.56,31.608431783216105,False,560.146,64.9299097086893
Insomnia Pnt Grigio,233.74,10.669975186104228,False,560.146,64.9299097086893
Insurrection Cab/Shiraz,24996.34,43.85069974244229,False,560.146,64.9299097086893
Intorcia Marsala Dry,21078.420000000002,33.096123903024996,False,560.146,64.9299097086893
Intorcia Marsala Sweet,11246.62,25.921210105791786,False,560.146,64.9299097086893
Intrinsic Cab Svgn,2838.58,32.86643321660831,False,560.146,64.9299097086893
Inver House Green Plaid 3-Y,110007.78,27.857166102252044,False,560.146,64.9299097086893
Iris Vineyard Pnt Nr,6936.53,23.877212381406842,False,560.146,64.9299097086893
Irish Manor Irish Cream,110493.67,31.50293141808051,False,560.146,64.9299097086893
Irish Mist Honey Liqueur,98995.43,26.160167191556216,False,560.146,64.9299097086893
Irishman Cream Liqueur,129.9,68.00615858352579,True,560.146,64.9299097086893
Irishman Founders RSV Whisky,60188.28,22.58916519960364,False,560.146,64.9299097086893
Iron Horse Est Brut Rose,1722.3899999999999,44.52940390968364,False,560.146,64.9299097086893
Iron Horse Est Chard,2968.94,76.24606762009336,False,560.146,64.9299097086893
Iron Horse Wedding Cuvee,350.91,16.76498247413868,False,560.146,64.9299097086893
Ironside Cab Svgn,608.5699999999999,26.56884171089603,False,560.146,64.9299097086893
Irony Cab Svgn,40312.67,32.543093771759594,False,560.146,64.9299097086893
Irony Chard Napa,594.3,43.200403836446235,False,560.146,64.9299097086893
Irony Pnt Nr Monterey,34276.12,31.422926515603283,False,560.146,64.9299097086893
Islay Mist 8 Yr Old Scotch,213.87,83.74246037312385,True,560.146,64.9299097086893
Itami Onigoroshi Junmal Shu,3140.07,22.776880770173914,False,560.146,64.9299097086893
J & B Rare,345788.38,27.211228971296187,False,560.146,64.9299097086893
J & B Scotch,149.94,25.370148059223684,False,560.146,64.9299097086893
J Drouhin Chablis,34061.369999999995,32.40054642546673,False,560.146,64.9299097086893
J Drouhin Vosne Romanee 13,4664.51,48.375284863790625,False,560.146,64.9299097086893
J J Vincent Pouilly Fuisse,16666.09,38.469851056846565,False,560.146,64.9299097086893
J Lohr Arroyo Seco Chard,2607.71,58.733908295017464,False,560.146,64.9299097086893
J Lohr Cypress Cab Svgn,2750.94,34.689960522585004,False,560.146,64.9299097086893
J Lohr Cypress Merlot,638.29,30.96554857509909,False,560.146,64.9299097086893
J Lohr Est Bay Mist Rsl,1648.35,15.619255619255624,False,560.146,64.9299097086893
J Lohr Falcon's Perch Pnt Nr,7406.01,33.065172744838314,False,560.146,64.9299097086893
J Lohr Falcons Perch Pnt Nr,75280.13,57.0606480089766,False,560.146,64.9299097086893
J Lohr Fogs Ranch Pnt Nr,3406.8399999999997,65.03974357469092,False,560.146,64.9299097086893
J Lohr Hilltop Cab Svgn,4345.5,54.76469911402601,False,560.146,64.9299097086893
J Lohr Los Osos Merlot,59884.229999999996,54.82917622886694,False,560.146,64.9299097086893
J Lohr October Night Chard,4697.65,28.492757016806262,False,560.146,64.9299097086893
J Lohr Osos Rest Cve Merlot,1578.33,38.484347379825515,False,560.146,64.9299097086893
J Lohr Riverstone Chard,644244.4400000001,37.279391455484735,False,560.146,64.9299097086893
J Lohr S Ridge Ps Rbls Syrah,307.78000000000003,28.728312430957182,False,560.146,64.9299097086893
J Lohr Seven Oaks Cab Svgn,454423.47000000003,42.958048705208725,False,560.146,64.9299097086893
J Lohr Seven Rst Cv Cab Svgn,8228.9,33.710459478180546,False,560.146,64.9299097086893
J Lohr Tower Road Petite Sir,834.59,34.67930361015589,False,560.146,64.9299097086893
J Lohr Valdiguie Monterey,782.13,26.47769552376204,False,560.146,64.9299097086893
J Roget Brut,23498.77,28.464340899544954,False,560.146,64.9299097086893
J Roget Extra Dry,89706.26999999999,31.940060600052846,False,560.146,64.9299097086893
J Roget Spumante,50405.85,23.88573945286112,False,560.146,64.9299097086893
J Seeds Apple Cider Whiskey,25341.399999999998,9.908805619070666,False,560.146,64.9299097086893
J Vineyards Brut 20,36575.89,32.417283625907665,False,560.146,64.9299097086893
J Vineyards Chard RRV,1151.28,45.31999166145508,False,560.146,64.9299097086893
J Vineyards Pnt Gris,70290.35,25.776070257154792,False,560.146,64.9299097086893
J Vineyards Pnt Nr RRV,1715.48,60.30498752535733,False,560.146,64.9299097086893
J W Dant Bourbon,482.78999999999996,36.021872863978125,False,560.146,64.9299097086893
J. Ordonez Victoria Moscatel,2413.39,33.755837224816545,False,560.146,64.9299097086893
JJ Prum Bernkasteler Bads 11,458.83,69.24351066843928,True,560.146,64.9299097086893
JJ Prum Graacher Him Rsl Aus,5826.76,32.53746507493016,False,560.146,64.9299097086893
JM Gobillard Tradition Brut,199.95000000000002,76.66416604151038,True,560.146,64.9299097086893
JP Chenet Merlot/Cab,287.76,2.543786488740615,False,560.146,64.9299097086893
JP Chenet Pnt Noir,7773.200000000001,38.42934698708384,False,560.146,64.9299097086893
JP Wiser's Rye,27954.859999999997,35.18965932936169,False,560.146,64.9299097086893
JP Wiser's Rye w/ 2 Glasses,2005.06,82.21998344189201,False,560.146,64.9299097086893
JP Wiser's Spiced Vanilla,3911.94,74.44746085062654,False,560.146,64.9299097086893
Jaboulet Cotes du Rhone Par,38749.280000000006,27.886520408903195,False,560.146,64.9299097086893
Jaboulet Crozes Herm 10 Thal,335.93,90.7242580299467,True,560.146,64.9299097086893
Jaboulet Crozes Hermitage L,1717.1299999999999,55.10648582227321,False,560.146,64.9299097086893
Jack Daniels & Coke,120414.65000000001,23.638527371877103,False,560.146,64.9299097086893
Jack Daniels 2 Yr Rested Rye,499.9,92.4244848969794,True,560.146,64.9299097086893
Jack Daniels Bruins Glass Pk,138180.5,8.759195400219278,False,560.146,64.9299097086893
Jack Daniels Equity VAP,65816.26,5.204732082922971,False,560.146,64.9299097086893
Jack Daniels Family 4 Pk/50m,48646.33,28.25074368405593,False,560.146,64.9299097086893
Jack Daniels Honey + Glass,51568.75,46.223012968125076,False,560.146,64.9299097086893
Jack Daniels Master Dist VAP,27410.859999999997,26.453602696157642,False,560.146,64.9299097086893
Jack Daniels No 7 Black,7964746.76,26.525491170201974,False,560.146,64.9299097086893
Jack Daniels No 7 Black Trav,53116.11,95.01253009680114,False,560.146,64.9299097086893
Jack Daniels SB-BTB Joe Bell,8298.34,22.540050178710437,False,560.146,64.9299097086893
Jack Daniels Sinatra Century,21599.52,82.09659288724936,False,560.146,64.9299097086893
Jack Daniels Sinatra Select,40501.560000000005,33.20948625188759,False,560.146,64.9299097086893
Jack Daniels Single Barrel,332251.8,20.296690353286508,False,560.146,64.9299097086893
Jack Daniels Tenn Fire VAP,33514.43,14.047561005811524,False,560.146,64.9299097086893
Jack Daniels Tennesse Fire,469722.75,24.780224078991285,False,560.146,64.9299097086893
Jack Daniels Tennessee Fire,470601.23000000004,63.79768973205815,False,560.146,64.9299097086893
Jack Daniels Tennessee Honey,1790915.11,19.16959067082328,False,560.146,64.9299097086893
Jack Daniels Winter Jack,124092.17,15.51470975163059,False,560.146,64.9299097086893
Jackhammer Chard Monterey,8068.419999999999,7.069785658158589,False,560.146,64.9299097086893
Jackson Morgan Pepmint Mocha,13741.58,34.521648893358694,False,560.146,64.9299097086893
Jackson Morgan Salted Carmel,37433.79,35.3004331113681,False,560.146,64.9299097086893
Jacobs Creek Two Lands Pnt G,819.78,22.476762058113152,False,560.146,64.9299097086893
Jacobs Crk Cab Svgn,31019.36,33.19804148119111,False,560.146,64.9299097086893
Jacobs Crk Chard,41213.020000000004,32.507906481980704,False,560.146,64.9299097086893
Jacobs Crk Chard Rsv,455.04999999999995,35.490605427974934,False,560.146,64.9299097086893
Jacobs Crk Moscato,944.65,17.07404858942465,False,560.146,64.9299097086893
Jacobs Crk Moscato Rose,89.94,83.9226150767178,True,560.146,64.9299097086893
Jacobs Crk Rsl,2777.3,29.538760666834698,False,560.146,64.9299097086893
Jacobs Crk Shiraz,12391.34,37.6007760258374,False,560.146,64.9299097086893
Jacobs Crk Shirz Rsv,550.5,26.975476839237057,False,560.146,64.9299097086893
Jacobs Crk Shrz/Cab Svgn,30202.93,37.09881789614452,False,560.146,64.9299097086893
Jacobs Crk Sweet Red,41.94,42.06008583690986,False,560.146,64.9299097086893
Jacopo Blondi Santi 10 Sasso,524.85,81.86148423359056,True,560.146,64.9299097086893
Jacques Bonet Brandy,351.56,32.884856070087615,False,560.146,64.9299097086893
Jacquin Ginger Brandy,89136.77,25.17158743804605,False,560.146,64.9299097086893
Jacquin Peach Brandy,4459.15,26.61202247065023,False,560.146,64.9299097086893
Jacquin Triple Sec,89692.79,26.595838974347885,False,560.146,64.9299097086893
Jadot 12 Steel Chard,832.51,8.98848061885143,False,560.146,64.9299097086893
Jadot Beaujolais Villages,223331.82,49.48347307265858,False,560.146,64.9299097086893
Jadot Beaune Bressandes 12,179.96,50.65570126694821,False,560.146,64.9299097086893
Jadot Beaune Bressandes 13,1099.75,97.31575358035917,False,560.146,64.9299097086893
Jadot Bourgogne Le Chapitre,1014.65,88.56945744838121,False,560.146,64.9299097086893
Jadot Bourgogne Pinot Noir,50669.17,31.74895108800875,False,560.146,64.9299097086893
Jadot Bouzeron 13,1605.27,91.66869124820124,False,560.146,64.9299097086893
Jadot Burgundy Hills Wh 14,38574.9,34.495073221187866,False,560.146,64.9299097086893
Jadot Ch d Jacques Morgon 11,8040.8099999999995,94.72267097469036,False,560.146,64.9299097086893
Jadot Ch des Jacques Fleurie,2155.02,77.9343115145103,False,560.146,64.9299097086893
Jadot Chardonnay,46787.84,25.2202709079966,False,560.146,64.9299097086893
Jadot Clos Vougeot 13,2939.79,56.42545896135438,False,560.146,64.9299097086893
Jadot Cote de Beaune Vlgs 13,1979.34,90.78783837036588,False,560.146,64.9299097086893
Jadot Echezeaux 13,1799.9,80.51891771765098,False,560.146,64.9299097086893
Jadot Fixin 12,209.94,78.35572068209964,True,560.146,64.9299097086893
Jadot Gevrey Chambertin 13,2699.73,56.989032236556994,False,560.146,64.9299097086893
Jadot Macon Villages Blanc,120124.34,54.75746214297619,False,560.146,64.9299097086893
Jadot Marsannay 13,1259.58,87.30370440940631,False,560.146,64.9299097086893
Jadot Marsannay Clos Roy 12,349.90000000000003,93.42097742212061,True,560.146,64.9299097086893
Jadot Marsannay Clos Roy 13,1583.52,89.10781044761038,False,560.146,64.9299097086893
Jadot Mercurey 13,1919.36,93.87295765255087,False,560.146,64.9299097086893
Jadot Monthelie 13 Sous Roch,1224.65,84.66174008900504,False,560.146,64.9299097086893
Jadot Moulin-a-Vent Jacques,295.84,5.24607896160086,False,560.146,64.9299097086893
Jadot Pernand Croix Blanc 12,104.97,77.47927979422691,True,560.146,64.9299097086893
Jadot Pernand Vergelesses 13,2087.42,83.35361355165706,False,560.146,64.9299097086893
Jadot Pouilly Fuisse,188476.26,36.59244936205759,False,560.146,64.9299097086893
Jadot Rully 13,1117.57,86.22905052927334,False,560.146,64.9299097086893
Jadot Saint Aubin 13,797.7900000000001,93.43185550082103,False,560.146,64.9299097086893
Jadot Santenay Clos Rous 12,139.96,83.22377822234924,True,560.146,64.9299097086893
Jadot Savigny 13 Clos de Gue,2279.43,95.16019355716121,False,560.146,64.9299097086893
Jadot Savigny Bl Clos de Gue,1119.72,97.66548780052156,False,560.146,64.9299097086893
Jadot Savigny Les Beaune 12,489.86,76.18707385783694,True,560.146,64.9299097086893
Jadot Savigny Narbantons 12,104.97,35.49585595884539,False,560.146,64.9299097086893
Jadot Savigny les Beaune 13,2169.38,76.02633010353189,False,560.146,64.9299097086893
Jadot Vosne Romanee 13,1319.78,78.64644107351225,False,560.146,64.9299097086893
Jagermeister Liqueur,2058034.4200000002,22.328706727993787,False,560.146,64.9299097086893
Jagermeister Spice,71907.51,56.58840861419846,False,560.146,64.9299097086893
Jam Jar Sweet Shiraz,16939.61,34.09234333021835,False,560.146,64.9299097086893
James E Pepper 1776 Rye,35727.28,33.81737988450282,False,560.146,64.9299097086893
James E Pepper Bourbon,47536.47,43.79885590999921,False,560.146,64.9299097086893
James L'Escargot Svgn Blanc,3252.83,58.42174352794336,False,560.146,64.9299097086893
James Mitchell Cab Svgn,11831.42,19.435705942312932,False,560.146,64.9299097086893
James Oliver American Whisky,30694.149999999998,11.003334511625171,False,560.146,64.9299097086893
James Oliver Rye Whisky,32318.549999999996,15.605929102636097,False,560.146,64.9299097086893
Jameson 12 Year Old,114400.93,32.08455560632242,False,560.146,64.9299097086893
Jameson 18 Year Old,86273.08,14.193210674755106,False,560.146,64.9299097086893
Jameson Black Barrel,444452.14999999997,18.924991137966142,False,560.146,64.9299097086893
Jameson Caskmates,316023.68,18.732102606994506,False,560.146,64.9299097086893
Jameson Gold Rsv,67632.83,22.523514098108862,False,560.146,64.9299097086893
Jameson Irish Whiskey,5715759.6899999995,25.178986577437357,False,560.146,64.9299097086893
Jameson Rarest Vintage Rsv,5099.83,82.03861697350696,False,560.146,64.9299097086893
Jameson Trilogy Pack,56025.990000000005,28.150917101152533,False,560.146,64.9299097086893
Jamieson R Double Lariat Cab,647.88,34.63604371179848,False,560.146,64.9299097086893
Jamieson Ranch Cab Svgn,2274.35,25.66843273902434,False,560.146,64.9299097086893
Januik Cab Svgn Columbia Vly,1099.56,24.78445923824075,False,560.146,64.9299097086893
Jargon Pinot Nr CA,458.7,29.62720732504905,False,560.146,64.9299097086893
Jarhead Chard,2476.2200000000003,48.89872466905202,False,560.146,64.9299097086893
Jarhead Red,3469.52,49.49041942401255,False,560.146,64.9299097086893
Jarvis Chard Estate Napa,1919.68,11.916569428238038,False,560.146,64.9299097086893
Jason Stephens Syrah,13206.56,98.44577240401739,False,560.146,64.9299097086893
Jaume Serra Cristalino Brut,156706.65000000002,34.94707682139353,False,560.146,64.9299097086893
Jaume Serra Cristalino Rose,8200.19,33.02923468846454,False,560.146,64.9299097086893
Je T'Aime Cremant de Limoux,1039.35,10.855823351132903,False,560.146,64.9299097086893
Jean Dauvissat Chablis St Pi,7617.25,24.55702517312678,False,560.146,64.9299097086893
Jean Laurent Blanc de Noirs,1982.57,97.29542966957031,False,560.146,64.9299097086893
Jean Luc Colombo Ruchets 07,159.98,65.51443930491311,True,560.146,64.9299097086893
Jean-Paul & Benoit Droin 14,2660.79,5.543842242341551,False,560.146,64.9299097086893
Jefferson's Manhattan RTD,5758.53,88.50904657959583,False,560.146,64.9299097086893
Jefferson's Ocean Aged Cask,30596.94,18.783512338161923,False,560.146,64.9299097086893
Jefferson's Rsv Groth Resrve,15918.009999999998,69.69947876650409,False,560.146,64.9299097086893
Jefferson's Wood Experiment,12598.74,20.002158946053324,False,560.146,64.9299097086893
Jeffersons  Ocean Bourbon,64551.92999999999,76.30868666513922,False,560.146,64.9299097086893
Jeffersons Bourbon,447608.24,21.196182626128596,False,560.146,64.9299097086893
Jeffersons Reserve Bourbon,133278.46000000002,21.761806071288646,False,560.146,64.9299097086893
Jekel Grvlstone Montry Chard,4361.78,41.98744549243658,False,560.146,64.9299097086893
Jekel Rsl Monterey,4659.01,31.606070817620058,False,560.146,64.9299097086893
Jelu Malbec San Juan,27325.260000000002,41.15400914757993,False,560.146,64.9299097086893
Jenkins Amaretto,122931.62000000001,32.07911657585508,False,560.146,64.9299097086893
Jenkins Coffee Brandy,43123.78,12.180912712197296,False,560.146,64.9299097086893
Jenkins French Brandy,132910.91,44.307017384803096,False,560.146,64.9299097086893
Jenkins Gin,137664.73,26.268870755784736,False,560.146,64.9299097086893
Jenkins Melon Liqueur,47449.79,40.82317329539288,False,560.146,64.9299097086893
Jenkins Rum,240317.98,27.317624646911895,False,560.146,64.9299097086893
Jenkins Spiced Rum,47901.98,22.39013919675138,False,560.146,64.9299097086893
Jenkins Vodka,520743.13,28.298949567321415,False,560.146,64.9299097086893
Jeremiah Weed Bourbon,554.63,20.0133422281521,False,560.146,64.9299097086893
Jeremiah Weed Sarsaparilla,179.88,44.429619746497664,False,560.146,64.9299097086893
Jeremiah Weed Sweet Tea Vdka,12027.54,71.05434694043836,False,560.146,64.9299097086893
Jermann Pinot Grigio Venezi,16667.82,35.13044897293107,False,560.146,64.9299097086893
Jesse James America's Outlaw,47752.060000000005,25.592319996247298,False,560.146,64.9299097086893
Jesse James Spiced Bourbon,383.76,21.88868042526579,False,560.146,64.9299097086893
Jewell Towne Cab Svgn NH,4867.48,11.883767370384668,False,560.146,64.9299097086893
Jewell Towne Cayuga Wh NH,11478.51,32.93772449560091,False,560.146,64.9299097086893
Jewell Towne Chardonnay,8070.93,31.725340202430196,False,560.146,64.9299097086893
Jewell Towne Marechal Foch,13592.67,32.82379400073717,False,560.146,64.9299097086893
Jewell Towne Rsl NH,14781.48,30.66147638802068,False,560.146,64.9299097086893
Jewell Towne Seyval NH,7940.93,31.822217296966482,False,560.146,64.9299097086893
Jewell Towne Vyds So Hampton,24498.82,50.85097976147422,False,560.146,64.9299097086893
Jim Beam,3387951.46,37.30080258508681,False,560.146,64.9299097086893
Jim Beam Apple,341462.06,16.350571498856805,False,560.146,64.9299097086893
Jim Beam Black,361264.41000000003,32.568625899467214,False,560.146,64.9299097086893
Jim Beam Bonded Bourbon,3076.29,86.50322303814009,False,560.146,64.9299097086893
Jim Beam Candy Cane 4/50mLs,1308.72,78.64631089919921,False,560.146,64.9299097086893
Jim Beam Choice,82402.78,29.897644229964094,False,560.146,64.9299097086893
Jim Beam Devils Cut,100813.28,18.771415829343123,False,560.146,64.9299097086893
Jim Beam Devils Cut Bourbon,92008.73999999999,23.342249063752252,False,560.146,64.9299097086893
Jim Beam Distlrs Masterpiece,8999.550000000001,13.667683384169225,False,560.146,64.9299097086893
Jim Beam Honey,286414.34,21.16768962116329,False,560.146,64.9299097086893
Jim Beam Jacob's Ghost,24702.28,69.17248124464625,False,560.146,64.9299097086893
Jim Beam Kentucky Fire,146216.63,25.283830438689733,False,560.146,64.9299097086893
Jim Beam Maple,195832.65,47.92080417271465,False,560.146,64.9299097086893
Jim Beam Rye,51773.329999999994,26.387968477206304,False,560.146,64.9299097086893
Jim Beam Signature Craft,14404.2,61.0001249635523,False,560.146,64.9299097086893
Jim Beam Signature Craft Ltd,4416.84,96.70239356644117,False,560.146,64.9299097086893
Jim Beam Single Barrel,44555.38,25.491085476097393,False,560.146,64.9299097086893
Jim Beam Traveler,550753.77,35.44849970103214,False,560.146,64.9299097086893
Jim Beam White BBQ Sauce Pak,2052.1499999999996,97.40516044148819,False,560.146,64.9299097086893
Jim Beam w/2 Rocks Glasses,15708.97,55.93282054775074,False,560.146,64.9299097086893
Jimenez Landi Bajondillo Men,371.76,31.052291801162042,False,560.146,64.9299097086893
Jip Jip Rocks Shiraz/CabSvgn,1019.4,45.944673337257214,False,560.146,64.9299097086893
Joel Gott Alakai Red,11583.72,31.022158684774837,False,560.146,64.9299097086893
Joel Gott Cab Svgn 815,339061.27999999997,33.10455266375447,False,560.146,64.9299097086893
Joel Gott Chard,54505.04,31.892536910348106,False,560.146,64.9299097086893
Joel Gott Pnt Nr,36618.65,31.080774414130513,False,560.146,64.9299097086893
Joel Gott Rsl Columbia Vly,207.84,51.61662817551963,False,560.146,64.9299097086893
Joel Gott Svgn Bl,91461.57,33.607087654410485,False,560.146,64.9299097086893
Joel Gott Znfdl,33045.57,26.175944309630616,False,560.146,64.9299097086893
John Anthony Cab Svgn Napa,2759.54,35.072512085347554,False,560.146,64.9299097086893
John Anthony Svgn Bl,1605.27,28.385879011007496,False,560.146,64.9299097086893
John Begg Blue Cap,92272.69,24.626408962391793,False,560.146,64.9299097086893
John Power Irish Whiskey,86015.26,23.424122649864678,False,560.146,64.9299097086893
John Taylor Velvet Falernum,159.9,34.31519699812383,False,560.146,64.9299097086893
Johnnie Walker Black Label,2409134.67,24.073069146362407,False,560.146,64.9299097086893
Johnnie Walker Black Tin,72877.5,28.524661246612464,False,560.146,64.9299097086893
Johnnie Walker Blue Label,855688.75,23.45091883254328,False,560.146,64.9299097086893
Johnnie Walker Collection 4,92890.70999999999,17.687355387853092,False,560.146,64.9299097086893
Johnnie Walker Double Black,276954.10000000003,24.289721654238022,False,560.146,64.9299097086893
Johnnie Walker Gold Edition,2634.6899999999996,37.48790180248909,False,560.146,64.9299097086893
Johnnie Walker Gold Rsv,172043.81,9.828142029637696,False,560.146,64.9299097086893
Johnnie Walker Green Label,192003.28,7.360457592182788,False,560.146,64.9299097086893
Johnnie Walker Odyssey,8549.91,5.253622552752021,False,560.146,64.9299097086893
Johnnie Walker Platinum,167302.71,18.894924057117784,False,560.146,64.9299097086893
Johnnie Walker Red Label,2110136.83,24.771897524742954,False,560.146,64.9299097086893
Johnnie Walker Select Casks,50720.47,42.08507925892642,False,560.146,64.9299097086893
Jolivet Sancerre,42593.14,33.10519017851231,False,560.146,64.9299097086893
Jonathan Edwards Znfdl Lodi,176.94,32.89250593421499,False,560.146,64.9299097086893
Jordan Cab Svgn Alex Valley,15096.98,72.14694594548048,False,560.146,64.9299097086893
Jordan Chard Sonoma,5978.07,43.435255860168915,False,560.146,64.9299097086893
Jos Phelps Chard,24807.91,12.79313735014356,False,560.146,64.9299097086893
Jos Phelps Insignia 11,13139.320000000002,77.33405580800053,False,560.146,64.9299097086893
Jos Phelps Insignia 2010 Red,8447.34,82.94232267198906,False,560.146,64.9299097086893
Jos Phelps Pnt Nr,58363.32,32.20896275263299,False,560.146,64.9299097086893
Jose Cuervo Cinge,1885.8899999999999,45.73278399058269,False,560.146,64.9299097086893
Jose Cuervo Especial,2585342.94,28.227493116574397,False,560.146,64.9299097086893
Jose Cuervo Especial Silver,1006921.1799999999,31.05883778534722,False,560.146,64.9299097086893
Jose Cuervo Gold w/Marg Mix,132660.36,22.50578846612506,False,560.146,64.9299097086893
Jose Cuervo Golden Margarita,236196.4,30.441043978655053,False,560.146,64.9299097086893
Jose Cuervo La Familia Rsv,8199.18,47.73623703833799,False,560.146,64.9299097086893
Jose Cuervo Light Margaritas,104528.74,25.432756579673693,False,560.146,64.9299097086893
Jose Cuervo Lime Margarita,324462.53,28.707963794813836,False,560.146,64.9299097086893
Jose Cuervo Lite Wh Peach,41268.99,43.76988629961624,False,560.146,64.9299097086893
Jose Cuervo R Rolling Stones,4199.58,26.47264726472647,False,560.146,64.9299097086893
Jose Cuervo Silver w/Marg Mx,37477.799999999996,35.430361440639516,False,560.146,64.9299097086893
Jose Cuervo Strawberry Marg,86715.81999999999,31.26850440899942,False,560.146,64.9299097086893
Jose Cuervo Tradicional,86907.88,32.010195628681814,False,560.146,64.9299097086893
Jose Cuervo Tradicional Slvr,66976.48999999999,29.512281100427913,False,560.146,64.9299097086893
Jose Cuervo Tropina,350.82,28.578758337609028,False,560.146,64.9299097086893
Jose Maria de Fonseca Periq,3346.65,35.7925089268373,False,560.146,64.9299097086893
Josef Weinberg Radiance Mosl,359.64,31.531531531531527,False,560.146,64.9299097086893
Joseph Carr Cab Svgn Napa,194304.61,37.99157930426869,False,560.146,64.9299097086893
Joseph Carr Chard Napa,17680.11,49.35325628630139,False,560.146,64.9299097086893
Joseph Carr Merlot Napa Vly,10321.189999999999,48.49276100914719,False,560.146,64.9299097086893
Joseph Drouhin Cote de Beaun,1689.35,96.96332909107053,False,560.146,64.9299097086893
Joseph Drouhin Cote de Nuits,1619.4299999999998,26.492654822993263,False,560.146,64.9299097086893
Joseph Mellot Reuilly Svgn B,15.99,31.0193871169481,False,560.146,64.9299097086893
Joseph Mellot Sancerre White,1699.32,73.35463597203588,False,560.146,64.9299097086893
Joseph Phelps Cab Svgn Napa,49708.100000000006,34.212935115202555,False,560.146,64.9299097086893
Joseph Phelps Insignia 08,6239.61,62.64349855199283,False,560.146,64.9299097086893
Joseph Phelps Insignia 09,2559.84,83.65991624476531,False,560.146,64.9299097086893
Josh Cellars Cab Svgn Paso R,1580.0700000000002,24.129943610093235,False,560.146,64.9299097086893
Josh Cellars Cab Svgn Sonoma,1095045.04,38.31731341388479,False,560.146,64.9299097086893
Josh Cellars Chard,312371.37,32.19148092861391,False,560.146,64.9299097086893
Josh Cellars Craftsman Cab S,3189.7200000000003,32.13949813776759,False,560.146,64.9299097086893
Josh Cellars Legacy Red,156988.38999999998,29.053938319897405,False,560.146,64.9299097086893
Josh Cellars Merlot,89948.31,33.739677821628895,False,560.146,64.9299097086893
Josh Cellars Pnt Nr,165773.68,36.4262408845602,False,560.146,64.9299097086893
Josh Cellars Svgn Bl,63200.15,36.24205005842549,False,560.146,64.9299097086893
Josiah Bartlett Apple Brandy,25087.170000000002,25.717408539903065,False,560.146,64.9299097086893
Juan Gil Dry Wh Muscat Jumil,687.37,62.465629864556206,False,560.146,64.9299097086893
Juan Gil Jumilla Rd,57635.95,39.461117583730285,False,560.146,64.9299097086893
Juarez Gold Tequila,11004.13,3.9542426343563664,False,560.146,64.9299097086893
Juarez Silver Tequila,8801.91,9.958179531488055,False,560.146,64.9299097086893
Juarez Triple Sec,6755.070000000001,21.677643606950053,False,560.146,64.9299097086893
Jubileo Meritage,119.88,32.43243243243243,False,560.146,64.9299097086893
Julia James Pnt Nr,13650.57,28.928975127045973,False,560.146,64.9299097086893
Julius Treis Trocken Rsl,137.94,35.0587211831231,False,560.146,64.9299097086893
Junipero Gin,23757.379999999997,31.6322759496207,False,560.146,64.9299097086893
Justin Cab Svgn Paso Robles,204836.72999999998,39.09291561137497,False,560.146,64.9299097086893
Justin Obtuse,1054.0900000000001,43.97157737954066,False,560.146,64.9299097086893
Justin Vyds 13 Svgn Bl C Cst,41898.12,30.113093379846166,False,560.146,64.9299097086893
Juve Y Camp Rose Brut Pnt Nr,11329.23,27.117288641858277,False,560.146,64.9299097086893
Juve y Camps Brut Nature,10202.8,33.039557768455715,False,560.146,64.9299097086893
Juxtapoz Red North Cst,14328.6,19.44621247016457,False,560.146,64.9299097086893
K Syrah The Deal,2478.33,11.609834041471476,False,560.146,64.9299097086893
K Vintners Cab Svgn Stonerid,563.88,32.432432432432435,False,560.146,64.9299097086893
K Vintners Syrah The Hidden,2799.6,22.588941277325336,False,560.146,64.9299097086893
K Vntrs Milbrandt Col Syrah,1253.6200000000001,14.707008503374237,False,560.146,64.9299097086893
K Volk Pnt Nr San Benito,46316.61,25.731956634995516,False,560.146,64.9299097086893
KAH Anejo Tequila,24096.44,59.54381643097486,False,560.146,64.9299097086893
KAH Blanco Tequila,38147.1,30.373160738299898,False,560.146,64.9299097086893
KAH Extra Aged Tequila,1249.95,13.668546741869687,False,560.146,64.9299097086893
KAH Reposado Tequila,40413.090000000004,35.69999225498472,False,560.146,64.9299097086893
KJ 12 Vintners Rsv Cab Svgn,1067.88,31.03719519047084,False,560.146,64.9299097086893
KJ Est 12 Chard Camelot High,4978.339999999999,26.240473732207914,False,560.146,64.9299097086893
KJ Est 12 Pnt Nr Outland Rdg,1749.5000000000002,33.7959416976279,False,560.146,64.9299097086893
KJ Est Cab Hawkeye Mtn,299.94,32.42648529705941,False,560.146,64.9299097086893
KJ Est Chard Santa Maria Vly,167.94,33.762057877813504,False,560.146,64.9299097086893
KJ Jackson Est Pnt Nr Anders,101.94,33.78457916421424,False,560.146,64.9299097086893
Kahlua,3604858.66,25.178073825287335,False,560.146,64.9299097086893
Kahlua Cinnamon Spice,2308.8199999999997,97.56585615162724,False,560.146,64.9299097086893
Kahlua Especial,69691.98,22.60064931431134,False,560.146,64.9299097086893
Kahlua French Vanilla,54821.259999999995,45.20676832309217,False,560.146,64.9299097086893
Kahlua Hazelnut,9138.01,80.10726624286907,False,560.146,64.9299097086893
Kahlua Midnight,40659.659999999996,38.33647403839579,False,560.146,64.9299097086893
Kahlua Mocha,45680.06,46.30033323073568,False,560.146,64.9299097086893
Kahlua Original Mudslide RTD,81454.48,27.757441947944418,False,560.146,64.9299097086893
Kahlua Peppermint Mocha,7055.389999999999,89.22270774542584,False,560.146,64.9299097086893
Kahlua Pumpkin Spice Liqueur,13835.34,75.38195664147032,False,560.146,64.9299097086893
Kahlua Salted Caramel,24909.89,21.113862807101913,False,560.146,64.9299097086893
Kahlua White Russian RTD,67227.28,30.029922376749447,False,560.146,64.9299097086893
Kahlua w/50mL Absolut+Glass,102296.32,21.851460541298067,False,560.146,64.9299097086893
Kaiken Malbec Mendoza,1021.27,33.85686449224984,False,560.146,64.9299097086893
Kaikouzu Potato Shochu,699.8000000000001,9.082595027150623,False,560.146,64.9299097086893
Kamchatka Vodka,3811.3199999999997,27.348330797506915,False,560.146,64.9299097086893
Kamora Coffee,576977.34,26.86520001685172,False,560.146,64.9299097086893
Kamora Coffee Gift Pack,7627.64,35.13039419794327,False,560.146,64.9299097086893
Kamora Coffee Liqueur,1670.48,29.10540682917485,False,560.146,64.9299097086893
Kangarilla McLaren Vl Shiraz,131.94,31.969076853115048,False,560.146,64.9299097086893
Kapali Coffee,215877.19,20.639109694416355,False,560.146,64.9299097086893
Karner Blue Gin,44205.259999999995,7.365661914441846,False,560.146,64.9299097086893
Kavalan Classic Single Malt,11698.83,14.529914529914528,False,560.146,64.9299097086893
Kavalan Soloist Tawain Whsky,5699.85,69.92447169662358,False,560.146,64.9299097086893
Ke Ke Beach,988.14,21.552614002064477,False,560.146,64.9299097086893
Kedem Concord Grape Kosher,1957.8,43.536622739809985,False,560.146,64.9299097086893
Ken Forrester Petit Chenin B,15735.49,39.530958362275335,False,560.146,64.9299097086893
Ken Forrester Petit Pinotage,461.66999999999996,13.46199666428401,False,560.146,64.9299097086893
Ken Volk Pnt Nr Cuvee St Mar,5493.219999999999,46.12267486101047,False,560.146,64.9299097086893
Ken Wright Canary Hill Pnt N,1924.65,51.4067492790897,False,560.146,64.9299097086893
Ken Wright Cellars Pnt Nr,1319.76,94.44444444444446,False,560.146,64.9299097086893
Ken Wright Clrs Willa Pnt Nr,26215.12,28.569466781002724,False,560.146,64.9299097086893
Ken Wright Freedom Hill Pnt,1979.64,29.612454789759756,False,560.146,64.9299097086893
Ken Wright Shea Ore Pnt Nr,2089.62,55.56799800920741,False,560.146,64.9299097086893
Kendall Jackson AVANT Svgn B,11530.1,43.77091265470378,False,560.146,64.9299097086893
Kendall Jackson Avant Chard,248151.38,35.46963954018713,False,560.146,64.9299097086893
Kendall Jackson Chard Vt RSV,2326007.7800000003,37.22839740458651,False,560.146,64.9299097086893
Kendall Jackson Gr RSV Cab S,64862.24,35.98124270762157,False,560.146,64.9299097086893
Kendall Jackson Grand Pnt Nr,16914.699999999997,34.11766096945259,False,560.146,64.9299097086893
Kendall Jackson Grand RSV Me,16614.829999999998,29.93247598681419,False,560.146,64.9299097086893
Kendall Jackson Grand Rsv Ch,184705.82,34.29378673611909,False,560.146,64.9299097086893
Kendall Jackson Pnt Gris VR,45805.74,33.64386210112531,False,560.146,64.9299097086893
Kendall Jackson Pnt Nr Spl S,671.52,34.238741958541816,False,560.146,64.9299097086893
Kendall Jackson Pnt Nr Vtnr,216815.21000000002,23.97512148709494,False,560.146,64.9299097086893
Kendall Jackson RSV Svgn Bl,314527.77,37.19537069811038,False,560.146,64.9299097086893
Kendall Jackson Sp Sel Chard,8776.68,33.05896990661618,False,560.146,64.9299097086893
Kendall Jackson Sp Sl Merlot,671.52,32.88062902072909,False,560.146,64.9299097086893
Kendall Jackson Spcl Cab Svg,1161.17,24.434837276195562,False,560.146,64.9299097086893
Kendall Jackson Summation Re,185907.03,31.20966431446944,False,560.146,64.9299097086893
Kendall Jackson Vntnr Rsv Ch,84546.71,35.1076818956054,False,560.146,64.9299097086893
Kendall Jackson Vntr RSV Cab,208058.84999999998,33.78798354407899,False,560.146,64.9299097086893
Kendall Jackson Vntr RSV Zin,31494.9,45.86425103746956,False,560.146,64.9299097086893
Kendall Jackson Vntrs RSV Me,100693.67,43.585649425629235,False,560.146,64.9299097086893
Kendall Jackson Vntrs Rsl Rs,48048.46,42.34206465722315,False,560.146,64.9299097086893
Kendall Jackson Vnts RSV Cab,14227.1,28.621574319432636,False,560.146,64.9299097086893
Kendall Jackson Vt RSV Syrah,20758.61,38.6591876816415,False,560.146,64.9299097086893
Kennedy's Original Irish,527.67,89.1788428373794,True,560.146,64.9299097086893
Kentia Albarino Rias Baixas,16298.720000000001,34.35312711673064,False,560.146,64.9299097086893
Kenwood Cab Svgn Sonoma,16100.75,32.37706318028663,False,560.146,64.9299097086893
Kenwood Chard 12,2037.6,89.37720848056537,False,560.146,64.9299097086893
Kenwood Chard Sonoma,6248.46,10.160583567791106,False,560.146,64.9299097086893
Kenwood Cve Brut Yulupa Spa,1393.45,7.768488284473787,False,560.146,64.9299097086893
Kenwood J London Cab Svgn,19432.84,49.02412616992679,False,560.146,64.9299097086893
Kenwood J London Znfdl,8419.15,32.35920490785887,False,560.146,64.9299097086893
Kenwood Merlot Sonoma,3328.63,13.795164977783653,False,560.146,64.9299097086893
Kenwood Pnt Nr RRV,10421.960000000001,22.43301643836669,False,560.146,64.9299097086893
Kenwood Svgn Bl Sonoma,50342.43,43.077837124668,False,560.146,64.9299097086893
Kenwood Yulupa Cab Svgn Cal,1681.13,29.480765913403488,False,560.146,64.9299097086893
Kenwood Yulupa Chard Cal,1393.45,27.78212350640497,False,560.146,64.9299097086893
Kenwood Yulupa Cuvee Brut,1477.0600000000002,31.045455160927798,False,560.146,64.9299097086893
Kenwood Yulupa Merlot Cal,988.9,32.72525027808676,False,560.146,64.9299097086893
Kenwood Yulupa Pnt Nr,1177.69,24.190576467491443,False,560.146,64.9299097086893
Keo St John Commandaria Cyp,719.73,50.96911341753157,False,560.146,64.9299097086893
Kermit Lynch Cotes du Rhone,33224.28,36.28214065135497,False,560.146,64.9299097086893
Kesselstatt Josephshofer Kab,1522.9499999999998,13.704323845168906,False,560.146,64.9299097086893
Kesselstatt Piesp G Kab Rsl,314.79,35.09006004002669,False,560.146,64.9299097086893
Kesselstatt Piesporter Gold,929.6899999999999,97.80572018629866,False,560.146,64.9299097086893
Kesselstatt Rsl RK QbA Mosel,8358.32,25.628834502627317,False,560.146,64.9299097086893
Kesselstatt Schwartzhof GG,263.88,33.78808549340609,False,560.146,64.9299097086893
Ketel One 325 Commemorative,15596.619999999999,76.9784735410621,False,560.146,64.9299097086893
Ketel One Citroen Vodka,171095.79,31.931282752756747,False,560.146,64.9299097086893
Ketel One Oranje,3442.3199999999997,46.90964233423969,False,560.146,64.9299097086893
Ketel One Vodka,5070083.5600000005,24.25683732684787,False,560.146,64.9299097086893
Kettmeir Muller Thurgau Alto,3798.1,31.561833548353114,False,560.146,64.9299097086893
Kettmeir Pnt Grigio Alto Adi,3438.2799999999997,26.202636201821843,False,560.146,64.9299097086893
Kibo Junmai Sake,197.67,5.752010927303069,False,560.146,64.9299097086893
Kijafa Cherry,19040.17,38.11399793174115,False,560.146,64.9299097086893
Kikkoman Plum Wine,7012.200000000001,35.15301902398677,False,560.146,64.9299097086893
Killibinbin Seduction Cab Sv,19121.41,33.832285380628306,False,560.146,64.9299097086893
Kim Crawford Chard Unoaked,32639.95,30.016345000528492,False,560.146,64.9299097086893
Kim Crawford Pnt Gr Marlboro,9359.92,19.36597748698707,False,560.146,64.9299097086893
Kim Crawford Svgn Bl Marlbro,482171.72,20.672052143825297,False,560.146,64.9299097086893
Kim Crawford Svgn Bl Sptfire,35574.689999999995,31.703382376627875,False,560.146,64.9299097086893
King Est Domaine Pnt Gris,1470.4499999999998,11.700499846985615,False,560.146,64.9299097086893
King Est Pnt Gris Ore,50540.92,19.633041899514282,False,560.146,64.9299097086893
King Est Pnt Nr Ore,27331.519999999997,6.562971982531519,False,560.146,64.9299097086893
King Estate Dom Pnt Nr 12,3761.43,8.720087838933585,False,560.146,64.9299097086893
King Rabbit Malbec Pay D'Oc,143.82,77.76387150604921,True,560.146,64.9299097086893
King Robert II Scotch Whisky,246.86999999999998,77.86689350670393,True,560.146,64.9299097086893
Kinky Blue Liqueur,166553.04,28.836835983916362,False,560.146,64.9299097086893
Kinky Flame Whisky,11588.93,86.55713883977418,False,560.146,64.9299097086893
Kinky Gold Liqueur,35099.03,35.72984780491084,False,560.146,64.9299097086893
Kinky Liqueur,204108.21999999997,29.283874813651252,False,560.146,64.9299097086893
Kinky Pink Liqueur,24732.670000000002,28.98203065014817,False,560.146,64.9299097086893
Kinky Vodka,25890.050000000003,50.441304052819,False,560.146,64.9299097086893
Kinsella Est Cab Svgn 10,4829.58,57.3089171315104,False,560.146,64.9299097086893
Kir-Yianni Akakies Yianakoho,395.78,33.79655364091162,False,560.146,64.9299097086893
Kirk & Sweeney 12Yr Old Rum,69477.3,22.64716677245662,False,560.146,64.9299097086893
Kirk and Sweeney 18 Yr Rum,27161.230000000003,29.349333590562733,False,560.146,64.9299097086893
Kirkland Signature Cab Svgn,311.76,39.26096997690531,False,560.146,64.9299097086893
Kirkland Signature Chard,171.38,25.778970708367368,False,560.146,64.9299097086893
Kirkland Signature Chard 12,319.8,20.0,False,560.146,64.9299097086893
Kirkland Signature Supr Brdx,7.99,32.91614518147684,False,560.146,64.9299097086893
Kismet Wine Papa's All-Black,2518.74,98.43374067986375,False,560.146,64.9299097086893
Kistler Hyde Chard,875.88,34.210165776133714,False,560.146,64.9299097086893
Kistler Les Noisetiers Sono,2034.63,17.995900974624384,False,560.146,64.9299097086893
Kistler Pinot Noir RRV,3189.42,34.20621931260229,False,560.146,64.9299097086893
Kitaya Ai No Hime Sprkl Sake,2989.28,28.89792859819087,False,560.146,64.9299097086893
Klinker Brick Farrah Syrah,7315.839999999999,18.34498840871314,False,560.146,64.9299097086893
Klinker Brick Marisa Znfdl,2274.35,72.30373513311497,False,560.146,64.9299097086893
Klinker Brick Old Ghst Znfdl,5706.4800000000005,33.90934516549607,False,560.146,64.9299097086893
Klinker Brick Old Vine Znfdl,164001.51,38.73529579087413,False,560.146,64.9299097086893
Knappogue Castle Irish 12 Yr,6678.330000000001,75.52322212289599,False,560.146,64.9299097086893
Knappogue Castle Irish Whsky,90656.19,36.0690097388827,False,560.146,64.9299097086893
Knob Creek Bourbon,1240620.1099999999,25.55631170341546,False,560.146,64.9299097086893
Knob Creek Rye,125361.73,0.4733342464243196,False,560.146,64.9299097086893
Knob Creek Single Barrel Rsv,182518.12,19.842183340481476,False,560.146,64.9299097086893
Knob Creek Smoked Maple,185815.88,17.271440955423195,False,560.146,64.9299097086893
Kono Svgn Bl,10515.83,37.4061771633813,False,560.146,64.9299097086893
Korbel Brut,351434.29,30.01415991273825,False,560.146,64.9299097086893
Korbel Brut Rose,2596.05,26.22638238862888,False,560.146,64.9299097086893
Korbel Natural,14568.77,28.103607922974966,False,560.146,64.9299097086893
Korbel Organic Brut,71140.53,32.63412572270687,False,560.146,64.9299097086893
Korbel Sweet Cuvee,20739.57,24.914161672590126,False,560.146,64.9299097086893
Korbel Sweet Rose,52288.09,34.498429757139725,False,560.146,64.9299097086893
Korbel X Dry,222205.40000000002,31.104472268999878,False,560.146,64.9299097086893
Kosta Browne Pnt Nr RRV,9299.0,5.368211635659754,False,560.146,64.9299097086893
Kracher Beerenauslese Cuvee,119.88,31.931931931931935,False,560.146,64.9299097086893
Kraken Black Spiced Rum,546076.19,37.46681731351358,False,560.146,64.9299097086893
Kringle Cream,5684.66,55.1895803794774,False,560.146,64.9299097086893
Kris Heart Rosso,4978.0,54.01205303334673,False,560.146,64.9299097086893
Kris Pnt Grigio Alto Adige,308789.51,41.63869102936819,False,560.146,64.9299097086893
Kris Pnt Nr delle Venezie,19482.18,32.813986935753604,False,560.146,64.9299097086893
Kronan Swedish Punsch,179.94,51.69500944759364,False,560.146,64.9299097086893
Kru 82 Vodka,7440.09,23.288696776517487,False,560.146,64.9299097086893
Kru Peach Mango Vodka,4296.5599999999995,80.65708380658015,False,560.146,64.9299097086893
Krug Grande Cuvee Brut,16872.82,21.556858900883196,False,560.146,64.9299097086893
Krug Grande Cve Brut,2719.68,18.2992116719614,False,560.146,64.9299097086893
Krug Rose Champagne,467.98,0.6624214710030392,False,560.146,64.9299097086893
Krupnik Spiced Honey Liqueur,25575.8,26.06643780448706,False,560.146,64.9299097086893
Krupp Bros The Doctor Red,1999.8,59.45994599459946,False,560.146,64.9299097086893
Krupp Bros Veraison Red,5753.82,51.629873718677324,False,560.146,64.9299097086893
Krupps Brothers Veraison,5119.36,6.752211213901722,False,560.146,64.9299097086893
Kuentz Bas Alsace White,1806.71,33.049576301675415,False,560.146,64.9299097086893
Kuleto Native Son Napa Red,76175.55,30.169129070942052,False,560.146,64.9299097086893
Kunde Cab Svgn Sonoma Cnty,540.63,22.507075079074415,False,560.146,64.9299097086893
Kunde Cab Svgn Sonoma Valley,15061.929999999998,45.717447896783476,False,560.146,64.9299097086893
Kunde Chard Sonoma Cnty,870.33,21.046040007813122,False,560.146,64.9299097086893
Kunde Chard Sonoma Valley,51729.74,43.43895793792894,False,560.146,64.9299097086893
Kunde Magnolia Lane Svgn Bl,8003.41,39.47005089080779,False,560.146,64.9299097086893
L Bernard Cotes du Rhone,7883.68,44.35961378442555,False,560.146,64.9299097086893
L Einaudi Dolcetto Dogliani,5792.78,67.31517509727625,False,560.146,64.9299097086893
L Martini Cab Svgn Napa,97287.56,29.836013977532172,False,560.146,64.9299097086893
L Martini Cab Svgn Sonoma,288466.55,39.67625015794726,False,560.146,64.9299097086893
L Martini RSV Cab Svgn Alex,33412.68,26.842803390808523,False,560.146,64.9299097086893
L'Ardi Dolcetto D'Acqui,3777.67,46.40505920315962,False,560.146,64.9299097086893
L'Argentier Rose d'Aramon,2682.21,4.168577404453789,False,560.146,64.9299097086893
L'Ecole No 41 Cab 12 Walla W,2966.31,14.196425862435136,False,560.146,64.9299097086893
L'Ecole No 41 Cab Svgn Clmba,20747.289999999997,19.59239013866389,False,560.146,64.9299097086893
L'Ecole No 41 Chenin Bl OV,1122.3899999999999,24.81757677812525,False,560.146,64.9299097086893
L'Ecole No 41 Red Columbia V,1898.1,46.88741372951899,False,560.146,64.9299097086893
L'Eglise Saint-Hilaire Borde,2166.14,90.89394037319842,False,560.146,64.9299097086893
L'Enclos de Viaud Lalande Po,3148.95,99.34327315454358,False,560.146,64.9299097086893
L'Excellence Blanc 2015,1658.34,23.282318463041353,False,560.146,64.9299097086893
L.A. Cetto Cab Svgn,431.64,34.195162635529606,False,560.146,64.9299097086893
LAN Rioja Reserva,809.52,2.905425437296173,False,560.146,64.9299097086893
LAN Rsva Rioja,188.92,5.61613381325428,False,560.146,64.9299097086893
La Atalaya Almansa Red,970.4,73.45424567188788,False,560.146,64.9299097086893
La Bastarda Pnt Gr Sicily,69086.85,44.25845149981509,False,560.146,64.9299097086893
La Basttistina Gavi,123.91999999999999,9.651387992253062,False,560.146,64.9299097086893
La Belle Orange Liqueur,51887.45999999999,35.75295456744269,False,560.146,64.9299097086893
La Cana Albarino,7275.26,38.62927235590205,False,560.146,64.9299097086893
La Caplana Gavi di Gavi,6654.650000000001,26.03908545152638,False,560.146,64.9299097086893
La Carraia Orvieto Clsc,5497.9400000000005,37.911290410590155,False,560.146,64.9299097086893
La Carraia Sangiovese Umbri,14777.74,30.382453609279903,False,560.146,64.9299097086893
La Chapelle Mission Haut Bri,2295.72,83.22051469691425,False,560.146,64.9299097086893
La Chapelle de la Mission Ha,2369.7,70.11267249018863,False,560.146,64.9299097086893
La Clarence Haut Brion 10,10610.460000000001,54.3386431879485,False,560.146,64.9299097086893
La Clarence de Haut Brion PL,4402.63,47.811194672275434,False,560.146,64.9299097086893
La Clarte de Haut Brion 10,7769.3,53.64447247499775,False,560.146,64.9299097086893
La Cote Blanche Mcon V Chard,22540.82,35.088430678209576,False,560.146,64.9299097086893
La Crema Chard Sonoma Coast,1188.81,1.6773075596605056,False,560.146,64.9299097086893
La Crema Chard Sonoma Cst,658288.13,31.783500334420435,False,560.146,64.9299097086893
La Crema Chardonnay Monterey,100054.27,32.59228216846717,False,560.146,64.9299097086893
La Crema Pnt Gris Monterey,60306.619999999995,31.29934988895082,False,560.146,64.9299097086893
La Crema Pnt Nr Monterey,61101.229999999996,31.772682808513007,False,560.146,64.9299097086893
La Crema Pnt Nr Sonoma Coast,701.46,26.866820631254818,False,560.146,64.9299097086893
La Crema Pnt Nr Sonoma Cst,323546.95999999996,27.703354097346477,False,560.146,64.9299097086893
La Crema Pnt Nr Williamette,10032.56,32.69295174910491,False,560.146,64.9299097086893
La Crema Russian Rive Pnt Nr,395.88,31.97938769324038,False,560.146,64.9299097086893
La Croix Belle No 7 Rose 15,4672.25,31.579003692011348,False,560.146,64.9299097086893
La Croix de Carbonnieux Blnc,1117.57,89.14519895845451,False,560.146,64.9299097086893
La Croix de Carbonnieux Roug,1253.34,83.94051095472896,False,560.146,64.9299097086893
La Dame Montrose St Estep 11,1403.73,97.56363403218567,False,560.146,64.9299097086893
La Demoiselle Sociando Haut,424.83,67.98719487795118,True,560.146,64.9299097086893
La Fee NV Absinthe,559.72,44.84742371185593,False,560.146,64.9299097086893
La Fleur d'Amelie Brdx Rose,4871.25,30.13292276109828,False,560.146,64.9299097086893
La Font de Notre Dame Rastea,1011.56,48.828542053857404,False,560.146,64.9299097086893
La Garenne Entre Mer Wh,1549.59,13.693299517937007,False,560.146,64.9299097086893
La Gr Comtadine Vacqueyras C,19030.48,28.86075390636495,False,560.146,64.9299097086893
La Jota Cab Svgn Howell Mtn,2339.64,27.373442068010455,False,560.146,64.9299097086893
La Jota Howell Mtn Merlot,1429.7799999999997,4.795842717061363,False,560.146,64.9299097086893
La Joya Svgn Blanc,83.93,3.491004408435609,False,560.146,64.9299097086893
La Lecciaia Brunello di Mont,1405.63,77.63280521901211,False,560.146,64.9299097086893
La Maialina Gertrude Red,37460.58,32.48689689268024,False,560.146,64.9299097086893
La Maialina Gilfredo Verment,4302.6900000000005,24.821681320290338,False,560.146,64.9299097086893
La Marca Prosecco,617978.78,32.319950485785284,False,560.146,64.9299097086893
La Merika Pnt Grigio Montery,4674.8,79.18028578762728,False,560.146,64.9299097086893
La Monacesca Verd di Mattell,779.61,44.54663229050423,False,560.146,64.9299097086893
La Mondotte 08 St Emilion,1887.92,74.31458960125428,False,560.146,64.9299097086893
La Mura Blanco,1258.1999999999998,28.888888888888875,False,560.146,64.9299097086893
La Mura Rosso,838.8,24.620886981402002,False,560.146,64.9299097086893
La Noble Chard Unoaked,629.55,2.088793582717811,False,560.146,64.9299097086893
La Petite Maison Ventoux Bl,160.76999999999998,88.55507868383404,True,560.146,64.9299097086893
La Pettegola Vermentino,269.84999999999997,19.488604780433565,False,560.146,64.9299097086893
La Posta Angel Plucci Malbec,34675.23,35.646858002095456,False,560.146,64.9299097086893
La Puerta Alta Malbec Bonrda,191.88,32.89555972482802,False,560.146,64.9299097086893
La Puerta La Rioja Malbec,21989.54,35.61284137821892,False,560.146,64.9299097086893
La Quintinye Blanc Vermouth,2798.25,21.77539533637094,False,560.146,64.9299097086893
La Quintinye Rouge Vermouth,3198.0,26.04127579737335,False,560.146,64.9299097086893
La Scolca Black Label Gavi,431.88,31.03639899972215,False,560.146,64.9299097086893
La Terre Chard Cal,461.15999999999997,26.045190389452678,False,560.146,64.9299097086893
La Terre Merlot,184.23,10.191759068920526,False,560.146,64.9299097086893
La Vieille Ferme Red B/B,499.79999999999995,18.3673469387755,False,560.146,64.9299097086893
La Vieille Ferme Red Ventoux,141699.28,35.54773178805142,False,560.146,64.9299097086893
La Vieille Ferme Rose Vntoux,145815.63,34.6622443698251,False,560.146,64.9299097086893
La Vieille Ferme Wh Rhone,113786.72,31.761896291588336,False,560.146,64.9299097086893
La Volpe Pnt Grigio,1127.1599999999999,30.4694985627595,False,560.146,64.9299097086893
La Volpe Prosecco,415.74,8.904603838937806,False,560.146,64.9299097086893
LaBelle Winery 2013 Dry Rsl,11975.44,74.73712865665061,False,560.146,64.9299097086893
LaBelle Winery Americus,7196.4,18.368350842087708,False,560.146,64.9299097086893
LaBelle Winery Blueberry,20509.739999999998,16.895874838003795,False,560.146,64.9299097086893
LaBelle Winery Cranberry,64023.96,30.767122183632505,False,560.146,64.9299097086893
LaBelle Winery Granite Red,31020.6,33.33049650877159,False,560.146,64.9299097086893
LaBelle Winery Grnt St Apple,11182.54,22.791244207487754,False,560.146,64.9299097086893
LaBelle Winery Raspberry,12903.93,33.114562772736676,False,560.146,64.9299097086893
LaBelle Winery Riesling,20643.09,31.558889681728857,False,560.146,64.9299097086893
LaBelle Winery Seyval Blanc,19472.01,31.81643805647183,False,560.146,64.9299097086893
LaLuca Prosecco,12664.99,42.34626320273446,False,560.146,64.9299097086893
Label 5 Scotch 12 Yr,4446.61,67.88834640321502,False,560.146,64.9299097086893
Laboure-Roi Pouilly Fuisse,639.36,66.66666666666666,False,560.146,64.9299097086893
Lacoste Borie Pauillac,7291.13,26.872789265861396,False,560.146,64.9299097086893
Ladera Stile Blocks Cab Napa,1749.65,16.73534706941389,False,560.146,64.9299097086893
Lady Lola White,23771.4,17.389383881471012,False,560.146,64.9299097086893
Ladyburn 41 Yr Old Scotch,5999.97,48.32040826870801,False,560.146,64.9299097086893
Lafite Rsv Speciale Bl Brdx,485.71999999999997,70.40270114469241,True,560.146,64.9299097086893
Lagaria Venezie Pnt Grigio,36689.4,32.532011970759946,False,560.146,64.9299097086893
Lagavulin Distillers Edition,97978.29,23.21984798877383,False,560.146,64.9299097086893
Lagavulin Single Malt 16-Yr,550740.5599999999,29.535238879083092,False,560.146,64.9299097086893
Lagler Gr Velt Smaragd Stein,1529.1499999999999,8.890560115096626,False,560.146,64.9299097086893
Lagler Rsl Smaragd Elmerberg,2133.0299999999997,10.960464691073241,False,560.146,64.9299097086893
Lago Rose,9937.35,24.081168520782708,False,560.146,64.9299097086893
Laguna Chard,2672.09,25.2787144145594,False,560.146,64.9299097086893
Lairds Apple Jack,56976.51,34.530072129725035,False,560.146,64.9299097086893
Lake Sonoma Cab Svgn AV,527.78,0.3277880935237987,False,560.146,64.9299097086893
Lake Sonoma Chard RRV,21459.55,30.080733286578702,False,560.146,64.9299097086893
Lake Sonoma Znfdl Dry Creek,2218.89,43.10668847937482,False,560.146,64.9299097086893
Lamberti Prosecco Extra Dry,558.4,29.89971346704871,False,560.146,64.9299097086893
Lamberti Prosecco X Dry,23979.920000000002,34.77542877540877,False,560.146,64.9299097086893
Lamole Chianti Clsco Racolto,16741.079999999998,34.26499365632324,False,560.146,64.9299097086893
Lancaster Est Cab Svgn,55146.21000000001,35.058764691172804,False,560.146,64.9299097086893
Lancers Rose,2485.85,32.60494398294346,False,560.146,64.9299097086893
Landhaus Mayer Gruner Veltli,24705.77,29.813966534943052,False,560.146,64.9299097086893
Landmark 12 Overlook Chard S,2249.25,45.10170056685562,False,560.146,64.9299097086893
Landmark Overlook Chard,67928.31999999999,65.53558221372175,False,560.146,64.9299097086893
Landmark Overlook Pnt Nr,2083.25,35.088923556942284,False,560.146,64.9299097086893
Lange Pnt Gris Willamette,940.4399999999999,37.45055505933392,False,560.146,64.9299097086893
Lange RSV Willamette Pnt Nr,6001.06,56.69598370954465,False,560.146,64.9299097086893
Lange Willamette Chard,10751.289999999999,39.67570403179524,False,560.146,64.9299097086893
Lange Willamette Pnt Nr,64029.09,36.70589414905006,False,560.146,64.9299097086893
Laphroaig 10 Yr Single Malt,346877.52,29.203356850567896,False,560.146,64.9299097086893
Laphroaig 15 Yr Single Malt,74140.93999999999,35.59293960934403,False,560.146,64.9299097086893
Laphroaig 18 Yr Single Malt,3429.59,68.43587717482265,False,560.146,64.9299097086893
Laphroaig 32 Yr Old Scotch,16799.86,53.075858965491385,False,560.146,64.9299097086893
Laphroaig Cairdeas Islay,33454.479999999996,40.51756296914494,False,560.146,64.9299097086893
Laphroaig Cask Strength 10Yr,48105.2,25.578648462120512,False,560.146,64.9299097086893
Laphroaig Quarter Cask,87046.9,36.6961948099243,False,560.146,64.9299097086893
Laphroaig Triple Wood,53814.99,30.629774343542564,False,560.146,64.9299097086893
Laphroiag Select Single Malt,89080.95,17.315542773174293,False,560.146,64.9299097086893
Lapierre Raisins 14 Gaulois,2056.53,1.2433565277433425,False,560.146,64.9299097086893
Las Brisas Rueda Wh,2996.69,45.83490451131081,False,560.146,64.9299097086893
Las Pizarras Garnacha,419.4,31.902718168812584,False,560.146,64.9299097086893
Las Rocas Garnacha San Alej,59693.32,39.99680366245335,False,560.146,64.9299097086893
Las Rocas Spanish Red,30673.609999999997,33.20473201556647,False,560.146,64.9299097086893
Las Valles Carinena Red,1851.94,25.46194801127467,False,560.146,64.9299097086893
Las Valles Viura-Chard,1447.3899999999999,23.393142138608113,False,560.146,64.9299097086893
Latour 11 Corton-Chrl Bl AC,7583.21,8.253101259229275,False,560.146,64.9299097086893
Latour 11 Merslt-Blgny P Cru,1449.71,97.71609494312656,False,560.146,64.9299097086893
Latour 12 Cuvee Bourg Rouge,35962.01,69.83455596614317,False,560.146,64.9299097086893
Latour 13 Cuvee Bourgog Blnc,7419.360000000001,90.66091954022988,False,560.146,64.9299097086893
Latour Beaujolais Villages,8482.22,42.4084732534643,False,560.146,64.9299097086893
Latour L'Ardeche Chard,558.5699999999999,12.992104839142801,False,560.146,64.9299097086893
Latour Macon Village Chamery,29613.06,35.091408993194214,False,560.146,64.9299097086893
Latour Meursault AC Blanc,25316.03,46.82420584902135,False,560.146,64.9299097086893
Latour Pinot Noir Valmoissin,25370.78,30.984542059802656,False,560.146,64.9299097086893
Latour Pouilly Fuisse,61188.34,33.90652532819161,False,560.146,64.9299097086893
Lauders,969.2099999999999,26.69287357744967,False,560.146,64.9299097086893
Lauders Scotch,137384.41,32.69872469518193,False,560.146,64.9299097086893
Laurent Reverdy Sancerre,323.76,35.50778354336545,False,560.146,64.9299097086893
Lavergne Brdx Rouge,9867.65,31.256884871271275,False,560.146,64.9299097086893
Laya Tinto Almansa,9310.79,30.267571280202866,False,560.146,64.9299097086893
Layer Cake Barosa Shiraz,68437.41,64.53536158074947,False,560.146,64.9299097086893
Layer Cake Cab Svgn,127990.3,44.977752220285446,False,560.146,64.9299097086893
Layer Cake Centrl Cst Pnt Nr,27231.14,34.09339454756577,False,560.146,64.9299097086893
Layer Cake Garnacha,7191.57,48.61650515812263,False,560.146,64.9299097086893
Layer Cake Malbec Mendoza,178565.6,47.58069303382062,False,560.146,64.9299097086893
Layer Cake Primitivo Puglia,34630.61,35.26541981212575,False,560.146,64.9299097086893
Layer Cake Sea of Stones Red,16461.83,37.28157805055696,False,560.146,64.9299097086893
Layer Cake Virgin Chard,50555.68,30.832499928791385,False,560.146,64.9299097086893
Lazzaroni Sweet Marsala,3335.29,1.4646402561696257,False,560.146,64.9299097086893
Le Capitaine Vouvray Loire,191.88,33.771106941838646,False,560.146,64.9299097086893
Le Cengle CdProvence Rose,4728.36,31.481105499581254,False,560.146,64.9299097086893
Le Cirque Rose,20565.300000000003,43.67930445945355,False,560.146,64.9299097086893
Le Clarence de Haut Brion 12,1741.8700000000001,7.06883981008915,False,560.146,64.9299097086893
Le Gr Bouqueteau Chinon Roug,7211.49,25.584587928430874,False,560.146,64.9299097086893
Le Grande Courtage Brut,2207.86,19.447791073709386,False,560.146,64.9299097086893
Le Grande Courtage Rose,988.1,52.399554700941195,False,560.146,64.9299097086893
Le Haut Medoc de Lascombes,5283.49,88.23618479452028,False,560.146,64.9299097086893
Le Macchiole Bolgheri Rosso,1349.5,79.35828084475732,False,560.146,64.9299097086893
Le Mistral Red,16243.5,74.29691876750701,False,560.146,64.9299097086893
Le Petit Cheval St Emilion,719.85,33.331944155032296,False,560.146,64.9299097086893
Le Petit Haut Lafitte Brdx,1691.53,32.4256737982773,False,560.146,64.9299097086893
Le Petit Mout Roths 11 Pauil,2099.86,95.20634708980599,False,560.146,64.9299097086893
Le Pive Rose Gris,26937.03,37.39250392489447,False,560.146,64.9299097086893
Le Ragose Valpo Clsco 09,1630.98,20.53857190155612,False,560.146,64.9299097086893
Le Val Grenache Rose,7835.87,24.99709668486077,False,560.146,64.9299097086893
Le Volte Red Toscana,666.77,33.77026560883063,False,560.146,64.9299097086893
LeCompte Calvados 12 Yr Old,1049.85,80.53436205172167,False,560.146,64.9299097086893
LeCompte Calvados 18 Yr Old,1689.8700000000001,77.54146768686348,False,560.146,64.9299097086893
LeCompte Calvados 5 Yr Old,2015.64,80.16014764541288,False,560.146,64.9299097086893
Leaf Vodka Alaskian Glacial,6230.79,65.62329977418594,False,560.146,64.9299097086893
Leblon Cedilla Acai Liqueur,89.97,73.3355562965433,True,560.146,64.9299097086893
Leblon Natural Cane Cachaca,59355.7,30.05232858849276,False,560.146,64.9299097086893
Lecciaia Brunello M Reserve,12277.19,13.81024485244588,False,560.146,64.9299097086893
Lee Family Farm Albarino Mon,1313.27,84.6231163431739,False,560.146,64.9299097086893
Lee Family Farm Rio Tinto S,730.5699999999999,29.89583475916064,False,560.146,64.9299097086893
Leese Fitch Svgn Bl,533.54,15.320313378565798,False,560.146,64.9299097086893
Leese-Fitch Cab Svgn,153305.12,34.65475908436718,False,560.146,64.9299097086893
Leese-Fitch Chard,843.28,24.011004648515325,False,560.146,64.9299097086893
Leese-Fitch Merlot,179.84,4.7153024911031975,False,560.146,64.9299097086893
Leflaive Macon Verze,6010.33,14.693535962251659,False,560.146,64.9299097086893
Legacy Red Alexander Valley,1377.74,76.61387489656974,False,560.146,64.9299097086893
Legaris Crianza Ribera del,94.74000000000001,32.425585813806215,False,560.146,64.9299097086893
Legend of the Vine Cab Svgn,783.3800000000001,33.77926421404683,False,560.146,64.9299097086893
Lemelson Theas Slctn Pnt Nr,17413.97,31.94211314249422,False,560.146,64.9299097086893
Leoville Poyfre St Julien 09,1847.94,77.62914380337024,False,560.146,64.9299097086893
Lepanto Solera Gran Reserva,783.84,87.82532149418249,False,560.146,64.9299097086893
Leroux Apple Schnapps,29.96,23.097463284379177,False,560.146,64.9299097086893
Leroux Apricot Brandy,74626.86,26.50772121458681,False,560.146,64.9299097086893
Leroux Blackberry Brandy,243566.02,26.199743963250427,False,560.146,64.9299097086893
Leroux Cherry Brandy,95.88,21.902377972465583,False,560.146,64.9299097086893
Leroux Polish Blackberry Bdy,422.53,1.3040494166094696,False,560.146,64.9299097086893
Les Darons Lang J Carrel Rou,37089.97,48.119343315726596,False,560.146,64.9299097086893
Les Dauphins Cotes du Rhone,486.15,57.790805307004014,False,560.146,64.9299097086893
Les Embruns Rose,1104.15,54.91916859122402,False,560.146,64.9299097086893
Les Fiefs de Lagrange 11 Jul,494.85,54.026472668485404,False,560.146,64.9299097086893
Les Hauts Calas Chinian 14,1478.52,26.905283662040414,False,560.146,64.9299097086893
Les Hauts de Lagarde Blanc,688.47,7.598007175330815,False,560.146,64.9299097086893
Les Hauts de Lagarde Rouge,22152.29,30.64780210082118,False,560.146,64.9299097086893
Les Lauzeraies Tavel,637.4200000000001,24.10341689937562,False,560.146,64.9299097086893
Les Pasquets Entre Deux Mers,789.21,83.86994589526236,False,560.146,64.9299097086893
Lexington Bourbon,61932.28,20.1139534988862,False,560.146,64.9299097086893
LiDestri Red Sangria,4351.16,19.190974360860096,False,560.146,64.9299097086893
LiDestri Spicy Bloody Mary,71.92,2.558398220244721,False,560.146,64.9299097086893
LiDestri White Sangria,197.77999999999997,9.748205076347444,False,560.146,64.9299097086893
Liberty Creek Cab Svgn Tetra,432.71000000000004,33.775507845901416,False,560.146,64.9299097086893
Liberty Creek Merlot Tetra P,85.24000000000001,12.998592210229953,False,560.146,64.9299097086893
Liberty Creek Pink Moscato,215.73,27.94697075047513,False,560.146,64.9299097086893
Liberty Creek Prem RSV Chard,12587.9,12.055148197872558,False,560.146,64.9299097086893
Liberty Creek Prem RSV Merlo,407.49,25.02392696753295,False,560.146,64.9299097086893
Liberty Creek Vyd Pnt Noir,231.71,2.1190280954641683,False,560.146,64.9299097086893
Liberty Crk Pnt Grigio,35.88,32.107023411371244,False,560.146,64.9299097086893
Liberty Crk Prm RSV Wh Znfdl,1733.83,30.085417832198075,False,560.146,64.9299097086893
Liberty Crk Vyd Pnt Grigio,990.73,32.04202961452667,False,560.146,64.9299097086893
Liberty School Cab Svgn,234406.21,40.11113718152724,False,560.146,64.9299097086893
Liberty School Chard Cntrl C,10495.92,58.212333935472074,False,560.146,64.9299097086893
Liberty School Cuvee Red CC,118.83,54.15299166877051,False,560.146,64.9299097086893
Liberty School Merlot CC,24180.77,65.46346539005997,False,560.146,64.9299097086893
Liberty School Pnt Nr CC,56137.25,62.5603320433402,False,560.146,64.9299097086893
Licor 43 Liqueur Gift Pack,2534.68,35.66051730395946,False,560.146,64.9299097086893
Licor 43 Vanilla Liqueur,119411.18999999999,30.96932540409319,False,560.146,64.9299097086893
Lidestri Pink Limoncello,28948.559999999998,41.2275429244149,False,560.146,64.9299097086893
Light Horse Cab Svgn,14639.85,47.43798604493898,False,560.146,64.9299097086893
Lila Rose 4 Pk Cans,65.94,33.75796178343949,False,560.146,64.9299097086893
Lila Svgn Bl 4 Pk Cans,2198.0,33.88398544131028,False,560.146,64.9299097086893
Lillet Rose French Aperitif,1277.29,14.600443125680151,False,560.146,64.9299097086893
Lillet White French Aperiti,86729.79,41.91829589348711,False,560.146,64.9299097086893
Lima Loureiro Vino Verde DOC,1640.4,41.66057059253841,False,560.146,64.9299097086893
Lincourt Courtney's Chard,461.58000000000004,76.34212920837126,True,560.146,64.9299097086893
Lincourt Lindsays Pnt Nr,47503.31,60.03726898188779,False,560.146,64.9299097086893
Lincourt Steel Chard,119730.15,26.527077766126567,False,560.146,64.9299097086893
Lindemans Bin 40 Merlot,29041.47,22.794851638019708,False,560.146,64.9299097086893
Lindemans Bin 45 Cab Svgn,91719.28,36.79344190229143,False,560.146,64.9299097086893
Lindemans Bin 50 Shiraz,102342.18000000001,36.3011900764267,False,560.146,64.9299097086893
Lindemans Bin 65 Chard,216686.68,31.92124556018645,False,560.146,64.9299097086893
Lindemans Bin 85 Pnt Grigio,19779.2,27.723163727552187,False,560.146,64.9299097086893
Lindemans Bin 90 Moscato,2377.14,39.006537267472666,False,560.146,64.9299097086893
Lindemans Bin 99 Pnt Nr,5577.24,31.623885649532742,False,560.146,64.9299097086893
Lindemans Cawarra Shiraz/Cab,3480.42,27.01570500112056,False,560.146,64.9299097086893
Line 39 Cab Svgn Lake Cnty,132793.46,44.20527938649991,False,560.146,64.9299097086893
Line 39 Chard,40901.58,40.402497898614186,False,560.146,64.9299097086893
Line 39 Lk Cnty Petite Sirah,13834.76,31.774385677814433,False,560.146,64.9299097086893
Line 39 Merlot,211.79,8.107087209027805,False,560.146,64.9299097086893
Line 39 Pnt Nr,95742.8,42.231791842310855,False,560.146,64.9299097086893
Line 39 Svgn Bl Lake County,52274.450000000004,42.71256799449827,False,560.146,64.9299097086893
Linie Aquavit,10921.619999999999,57.25396049304041,False,560.146,64.9299097086893
Linkwood 15 Yr Old Sngl Malt,4719.41,88.08304427883994,False,560.146,64.9299097086893
Lions de Suduiraut Sauternes,2050.92,90.06104577457921,False,560.146,64.9299097086893
Liquore Strega,353.88,25.364530349270936,False,560.146,64.9299097086893
Listel Grain de Gris Rose,16160.75,31.1364880961589,False,560.146,64.9299097086893
Little Black Dress Divalicio,5899.66,33.35954953336294,False,560.146,64.9299097086893
Little Black Dress Merlot,13432.470000000001,38.93453698389053,False,560.146,64.9299097086893
Little Black Dress Pnt Grigi,163.84,21.48437500000001,False,560.146,64.9299097086893
Little Penguin Cab Svgn Ausl,2267.73,22.181212049053467,False,560.146,64.9299097086893
Little Penguin Chard Ausl,44517.21,36.758300890824025,False,560.146,64.9299097086893
Little Penguin Merlot Ausl,7275.09,32.236852052689386,False,560.146,64.9299097086893
Little Penguin Shiraz Ausl,16417.9,36.85270345172037,False,560.146,64.9299097086893
Little Yering Pnt Nr Yarra V,719.52,32.421614409606406,False,560.146,64.9299097086893
Live-A-Little Ravishing Red,1582.56,34.21292083712465,False,560.146,64.9299097086893
Live-A-Little Wicked White,791.28,31.938125568698805,False,560.146,64.9299097086893
Livingston Burgundy Calif,19627.63,34.18431058665769,False,560.146,64.9299097086893
Livingston Cab Svgn Cal,157.86,70.86025592296971,True,560.146,64.9299097086893
Livingston Cellars Red Rose,53307.54,34.362155897646005,False,560.146,64.9299097086893
Livingston Chablis Blush Ca,2623.69,22.732648877352087,False,560.146,64.9299097086893
Livingston Chablis Cal,49241.71,32.22326172911334,False,560.146,64.9299097086893
Livingston Chianti Cal,153.8,10.858257477243164,False,560.146,64.9299097086893
Livingston Clrs Pnt Grigio,255.68,27.487484355444312,False,560.146,64.9299097086893
Livingston Clrs Red Rose,497.37,31.093552083961644,False,560.146,64.9299097086893
Livingston Clrs Rhine Calif,350.46,87.64480967870799,True,560.146,64.9299097086893
Livingston Clrs Wh Znfdl Cal,31701.56,32.77586339599692,False,560.146,64.9299097086893
Livingston Merlot Cal,33569.0,25.33708658595227,False,560.146,64.9299097086893
Livingston Nat Flvrs Chard,30999.72,30.26939727041418,False,560.146,64.9299097086893
Livingston Rhine Calif,465.40999999999997,34.34176317655399,False,560.146,64.9299097086893
Livingston Sangria Natural,569.28,31.418634064080937,False,560.146,64.9299097086893
Livingston Wh Znfdl Cal,341.57,27.227215504874554,False,560.146,64.9299097086893
Livio Felluga Pinot Grigio,847.64,56.87791987164362,False,560.146,64.9299097086893
Livon Pnt Grigio,4789.85,27.034875831184696,False,560.146,64.9299097086893
Llopart Rose Cava Brut Rsva,4800.04,58.105349122090644,False,560.146,64.9299097086893
Llord's Orange Curacao,1880.86,25.238454749423138,False,560.146,64.9299097086893
Llord's Peach,227.62,29.452596432650907,False,560.146,64.9299097086893
Lobstah White,1108.95,68.34392894179179,False,560.146,64.9299097086893
Lobster & Shrimp Muscadet,8856.77,59.29396382654174,False,560.146,64.9299097086893
Lobster Reef Svgn Bl,25171.12,36.60290046688427,False,560.146,64.9299097086893
Locations CA Red,3934.3599999999997,30.782134832603003,False,560.146,64.9299097086893
Locations E Red Spanish,14348.199999999999,44.14491016294726,False,560.146,64.9299097086893
Locations OR Red,4534.11,13.622739633577485,False,560.146,64.9299097086893
Lock & Key Meritage,779.4,31.48575827559661,False,560.146,64.9299097086893
Lock Stock & Barrel Rye,16053.369999999999,27.24418611170115,False,560.146,64.9299097086893
Lockwood Pnt Nr,26806.45,33.29161451814768,False,560.146,64.9299097086893
Loft Cab Svgn,24312.769999999997,28.770559668848918,False,560.146,64.9299097086893
Loimer Lois Gruner Veltliner,4834.650000000001,35.45303176031358,False,560.146,64.9299097086893
Lokoya Diamond Mtn Cab Svgn,974.97,33.77334687221145,False,560.146,64.9299097086893
Lokoya Howell Mtn Cab Svgn,1949.94,0.6600203083171851,False,560.146,64.9299097086893
Lokoya Mt Veeder Cab Svgn,3574.8900000000003,13.420552800226032,False,560.146,64.9299097086893
Lokoya Spring Mtn Cab Svgn,4549.860000000001,35.065694329056285,False,560.146,64.9299097086893
Lombardo Marsala Ambra Dry,97.13,25.3783589004427,False,560.146,64.9299097086893
Long Barn Chardonnay,22242.29,21.742860110177507,False,560.146,64.9299097086893
Long Lake Cab Svgn Cal,209.65,5.442404006677794,False,560.146,64.9299097086893
Looking Glass Cab Svgn,39.48,31.00303951367781,False,560.146,64.9299097086893
Looking Glass Wh Znfdl,39.48,31.00303951367781,False,560.146,64.9299097086893
Lord Calvert Canadian,113264.19,21.92755715641458,False,560.146,64.9299097086893
Loredona Moscato Monterey,19934.72,4.512478730576598,False,560.146,64.9299097086893
Los Amantes Mezcal,36598.14,24.163768978423487,False,560.146,64.9299097086893
Los Amantes Reposado Mezcal,39155.48,25.13364668240564,False,560.146,64.9299097086893
Los Cardos Malbec Mendoza,40077.840000000004,31.863094418262072,False,560.146,64.9299097086893
Lost Angel Moscato,779.22,18.8034188034188,False,560.146,64.9299097086893
Lot No 40 Canadian Rye,3299.42,92.14377072333926,False,560.146,64.9299097086893
Louis Jadot Chmble-Musgny 11,99.98,65.5131026205241,True,560.146,64.9299097086893
Louis Jadot Nuits St Geo 11,899.88,34.64461928257101,False,560.146,64.9299097086893
Louis Latour 12 Bourgogne Ga,25370.84,24.051115374973794,False,560.146,64.9299097086893
Louis Latour 12 Marsannay Bl,23348.32,2.4649310956848307,False,560.146,64.9299097086893
Louis Latour 13 Pnt Nr Bourg,167.88,33.30950679056469,False,560.146,64.9299097086893
Louis M Martini Cab Svgn,7479.37,34.989979102517985,False,560.146,64.9299097086893
Louis de Grenelle Rose,734.51,21.008563532150678,False,560.146,64.9299097086893
Loukatos Mastic Liqueur,485.72999999999996,50.97276264591439,False,560.146,64.9299097086893
Loukatos Mavrodaphne Patras,12231.34,30.59255976859444,False,560.146,64.9299097086893
Loukatos Retsina,6316.34,54.355528676417045,False,560.146,64.9299097086893
Loukatos Tsipouro Brandy,139.93,36.49681983849068,False,560.146,64.9299097086893
Love Lane Carmenere,2897.33,7.792346746832428,False,560.146,64.9299097086893
Love Lane Svgn Bl,4360.13,6.729615860077567,False,560.146,64.9299097086893
Love Oregon Pnt Nr,659.61,11.863070602325616,False,560.146,64.9299097086893
Love Oregon Rsl,978.34,52.04121266635321,False,560.146,64.9299097086893
Lower East Side Cab Svgn,3908.88,60.203178404044124,False,560.146,64.9299097086893
Lucano Amaro,2188.54,71.18170104270428,False,560.146,64.9299097086893
Lucano Limencello,945.14,69.68068222697165,False,560.146,64.9299097086893
Lucanto Montepulciano d'Abru,577.66,51.639372641346114,False,560.146,64.9299097086893
Luce Brunello Montalcino 10,2183.79,31.974228291181845,False,560.146,64.9299097086893
Luce Della Vite Lucente Tosc,7218.509999999999,45.24908880087442,False,560.146,64.9299097086893
Luce Della Vite Toscana,2199.7799999999997,59.46594659465946,False,560.146,64.9299097086893
Lucienne Doctor's Vyd Pnt Nr,767.8399999999999,34.35481350281307,False,560.146,64.9299097086893
Lucky Duck Cab Svgn,90.96,31.134564643799468,False,560.146,64.9299097086893
Lucky Duck Moscato,227.39999999999998,22.568161829375537,False,560.146,64.9299097086893
Lucky Duck Riesling,125.07,27.176781002638524,False,560.146,64.9299097086893
Lugny Les Charmes Macon,53034.020000000004,35.06583132864529,False,560.146,64.9299097086893
Lugny Macon Vllgs Vielle Rsv,191.88,32.89555972482802,False,560.146,64.9299097086893
Luiano Chianti Clsc,18926.949999999997,41.410922205049104,False,560.146,64.9299097086893
Luiano Ottantuno Chianti,3197.2200000000003,68.58051682399083,False,560.146,64.9299097086893
Luiano Rosato,385.0,53.40963156877558,False,560.146,64.9299097086893
Luiano Sangiovese,15119.39,30.190371436942897,False,560.146,64.9299097086893
Luigi Bosca Chard,4748.16,4.475839061868186,False,560.146,64.9299097086893
Luigi Bosca La Linda Malbec,23483.95,29.958460991443093,False,560.146,64.9299097086893
Luigi Bosca Los Miradores Ma,1033.62,29.045490605831926,False,560.146,64.9299097086893
Luigi Bosca Malbec,20776.899999999998,35.71066906035066,False,560.146,64.9299097086893
Luigi Bosca Malbec 13,1329.3000000000002,30.50778605280976,False,560.146,64.9299097086893
Luigi Bosca Malbec SV DOC,418.83,14.275481699018686,False,560.146,64.9299097086893
Luigi Bosca RSV Cab Svgn,9960.349999999999,25.870074846767427,False,560.146,64.9299097086893
Luigi Bosca de Sangre,2899.77,17.26792124892664,False,560.146,64.9299097086893
Luksusowa Potato Vodka,485688.57,25.105081225197456,False,560.146,64.9299097086893
Luna di Luna Chard/Pnt Grig,31191.649999999998,39.806198133154226,False,560.146,64.9299097086893
Luna di Luna Chard/Pnt Grigo,79616.07,33.38447878675751,False,560.146,64.9299097086893
Luna di Luna Merlot/Cab Ca'M,13726.7,35.237529777732455,False,560.146,64.9299097086893
Luna di Luna Prosecco,1495.12,29.177591096366832,False,560.146,64.9299097086893
Lunazul Reposado Tequila,64238.23,29.55549989468888,False,560.146,64.9299097086893
Lustau Pedro Ximenez San Emi,107.96,33.34568358651352,False,560.146,64.9299097086893
Luxardo Amaretto di Saschira,349.85999999999996,44.137655062024805,False,560.146,64.9299097086893
Luxardo Angioletto Hazelnut,1258.2,78.49308536003815,False,560.146,64.9299097086893
Luxardo Maraschino Cherries,31504.409999999996,21.62963851727424,False,560.146,64.9299097086893
Luxardo Maraschino Liqueur,41955.88,7.130800259701367,False,560.146,64.9299097086893
Luxardo Sambuca Dei Cesari,299.88,22.488995598239296,False,560.146,64.9299097086893
Luxury Edition Pnt Nr Rose S,623.52,34.64203233256351,False,560.146,64.9299097086893
Luxury Edition Prosecco,740.4300000000001,33.333333333333336,False,560.146,64.9299097086893
Luzon Jumilla Red,2275.32,20.39800995024876,False,560.146,64.9299097086893
Lynch Bages 09 Pauillac,2619.96,66.2162781111162,False,560.146,64.9299097086893
Lyrarakis Assyrtiko,431.73,9.276631227850743,False,560.146,64.9299097086893
Lyrarakis Okto Syrah Blend,9190.01,26.864932682336583,False,560.146,64.9299097086893
Lyrarakis Okto White,959.4,34.208880550343956,False,560.146,64.9299097086893
Lyric by Etude Pnt Nr,2204.45,29.304815260042176,False,560.146,64.9299097086893
M & R Asti,381845.67,34.60252860813096,False,560.146,64.9299097086893
M & R Asti 4 Pak,48919.2,28.253630476377367,False,560.146,64.9299097086893
M & R Bianco Vermouth,964.21,21.85519751921262,False,560.146,64.9299097086893
M & R Extra Dry Vermouth,77345.09,33.24293759306505,False,560.146,64.9299097086893
M & R Prosecco Frizzante,25410.920000000002,33.00629522523951,False,560.146,64.9299097086893
M & R Sparkling Rose,8902.210000000001,42.91776985714784,False,560.146,64.9299097086893
M & R Sweet Vermouth,311904.10000000003,34.0376489052956,False,560.146,64.9299097086893
M & R X Dry Vermouth,192004.21,35.550015853281955,False,560.146,64.9299097086893
M Chiarlo 10 Chiarlo Rosso,8401.59,33.103376860808496,False,560.146,64.9299097086893
M Chiarlo Barbera D'Asti,30266.87,39.73410531052598,False,560.146,64.9299097086893
M Chiarlo Barberesco Anni 09,12735.449999999999,96.31296891747053,False,560.146,64.9299097086893
M Chiarlo Barolo Cerequio,879.8899999999999,64.58193637841093,False,560.146,64.9299097086893
M Chiarlo Gavi Wh,1208.9,99.39366366117959,False,560.146,64.9299097086893
M Chiarlo Moscato D'Asti Ni,19764.86,41.82260840704159,False,560.146,64.9299097086893
M Chiarlo Rovereto Gavi 13,16901.43,17.784767324421665,False,560.146,64.9299097086893
M D 20/20,8993.460000000001,27.77918620864495,False,560.146,64.9299097086893
M D 20/20 Banana Red,10385.970000000001,31.453971078291193,False,560.146,64.9299097086893
M D 20/20 Coco Loco,2090.76,17.93893129770993,False,560.146,64.9299097086893
M D 20/20 Electric Melon Red,10282.23,31.737376036132247,False,560.146,64.9299097086893
M D 20/20 Habanero Lime Arit,2433.9,22.04116849500802,False,560.146,64.9299097086893
M D 20/20 Orange Jubilee,12811.890000000001,34.46564090075703,False,560.146,64.9299097086893
M Duffau Napoleon Armagnac,77774.82,17.709716332355384,False,560.146,64.9299097086893
M Lynch Bordeaux Blanc Grave,3858.45,55.01742927859632,False,560.146,64.9299097086893
M Lynch Bordeaux Rouge Medoc,7370.09,80.34433772179173,False,560.146,64.9299097086893
M Molitor Spatlese Mosel,3944.5299999999997,35.018874238502434,False,560.146,64.9299097086893
MSH Cellars Svgn Bl Napa Vly,1918.4,73.4664303586322,False,560.146,64.9299097086893
MU Creamy Vanilla Latte,142.89000000000001,24.753306739449936,False,560.146,64.9299097086893
Ma Terr Aglianico Vulture,167.88,31.95139385275197,False,560.146,64.9299097086893
MacGavin's Highland Scotch,2500.6099999999997,96.84956870523591,False,560.146,64.9299097086893
MacMurray Ranch C Cst Pnt Nr,186135.72999999998,40.90919567135229,False,560.146,64.9299097086893
MacMurray Ranch Chard Sonoma,35625.72,32.882198591354786,False,560.146,64.9299097086893
MacMurray Ranch Pnt Nr RRV,37401.29,56.894802291578706,False,560.146,64.9299097086893
MacMurray Ranch Selct Pnt Nr,3289.23,28.655642810019373,False,560.146,64.9299097086893
MacMurray Ranch Sonma Pnt Nr,111365.36,27.15189893877234,False,560.146,64.9299097086893
Macchia Mischievous Znfdl Lo,5247.5,19.977131967603622,False,560.146,64.9299097086893
Macrostie Carneros Chard,24807.359999999997,38.22317247784528,False,560.146,64.9299097086893
Mad Dogs & Englishmen Jumil,279.8,97.6661901358113,True,560.146,64.9299097086893
Madison's Ranch Cab Svgn,30175.77,60.45827496696853,False,560.146,64.9299097086893
Madria Sangria,44019.96,33.61008596909644,False,560.146,64.9299097086893
Madria Sangria Moscato,1306.33,24.489777854179273,False,560.146,64.9299097086893
Madrigal Cab Svgn,14452.27,80.1076232315062,False,560.146,64.9299097086893
Madrigal Petite Sirah,6897.94,95.24263765703964,False,560.146,64.9299097086893
Madrigal Znfdl,10534.47,88.10533420285977,False,560.146,64.9299097086893
Maestro Dobel Diamond Tequla,66066.98000000001,16.29158771900881,False,560.146,64.9299097086893
Magellan Gin,1481.43,31.90363365126938,False,560.146,64.9299097086893
Maggio Cab Svgn,333.65999999999997,13.253012048192764,False,560.146,64.9299097086893
Maggio Chardonnay,131.88,33.75796178343949,False,560.146,64.9299097086893
Maggy Hawk Afleet Pnt Nr,1924.65,30.907957290936018,False,560.146,64.9299097086893
Magnificent Wine Co House Re,6516.860000000001,31.017391811393836,False,560.146,64.9299097086893
Maipe Malbec Mendoza,6970.87,37.724846396504304,False,560.146,64.9299097086893
Maison L'Envoye The Attache,3772.98,67.3202614379085,False,560.146,64.9299097086893
Maison L'Envoye Two Messenge,4574.24,68.59806219175208,False,560.146,64.9299097086893
Maker's Mark 46,62422.67999999999,7.056281466928358,False,560.146,64.9299097086893
Maker's Mark Combo Pack,32120.82,78.9763150504875,False,560.146,64.9299097086893
Makers 46,212185.04,27.558549839328915,False,560.146,64.9299097086893
Makers Mark,2097444.4,21.86017851185675,False,560.146,64.9299097086893
Makers Mark Cask Strength,55872.9,6.46370601848123,False,560.146,64.9299097086893
Malamatina Retsina,4967.55,31.095409205745284,False,560.146,64.9299097086893
Malibu 50ml Sampler Pack,27667.16,26.774377999042905,False,560.146,64.9299097086893
Malibu Black,129385.26999999999,26.280877337956348,False,560.146,64.9299097086893
Malibu Cosmo Light RTD,610.59,66.5372836109337,False,560.146,64.9299097086893
Malibu Island Spiced Rum,587.03,65.82116757235575,False,560.146,64.9299097086893
Malibu Light Bl Hawaiian RTD,73573.73,32.63312869960515,False,560.146,64.9299097086893
Malibu Mango Rum,3354.02,2.80648296670861,False,560.146,64.9299097086893
Malibu Passion Fruit Rum,95147.06000000001,19.370504508811763,False,560.146,64.9299097086893
Malibu Peach Sparkler RTD,5284.7300000000005,78.53097509238883,False,560.146,64.9299097086893
Malibu Pineapple Rum,114342.17,28.481399294765875,False,560.146,64.9299097086893
Malibu Red,8970.83,70.43517712407882,False,560.146,64.9299097086893
Malibu Rum,2035825.0,25.38578807602212,False,560.146,64.9299097086893
Malibu Rum Punch RTD,87156.15,27.619221363036345,False,560.146,64.9299097086893
Malibu Rum Sparkler RTD,7117.89,76.51214053602963,False,560.146,64.9299097086893
Malibu Rum Traveler,162655.16,30.711936836187675,False,560.146,64.9299097086893
Malibu Tropical Banana Rum,62351.020000000004,17.622775056446553,False,560.146,64.9299097086893
Man Chenin Blanc,12876.49,38.2871419152269,False,560.146,64.9299097086893
Man Svgn Bl,35560.13,31.403625352325765,False,560.146,64.9299097086893
Manabito Ginjo Sake,5652.99,39.173428574966515,False,560.146,64.9299097086893
Manero Rosso di Toscana IGT,167.88,32.88062902072909,False,560.146,64.9299097086893
Manifesto! Cab Svgn,675.48,22.934801918635632,False,560.146,64.9299097086893
Manifesto! Chard No Cst,4548.9400000000005,95.06302567191479,False,560.146,64.9299097086893
Manifesto! Svgn Bl,131.88,32.84804367606915,False,560.146,64.9299097086893
Manischewitz Blackberry Kshr,17527.56,39.97949514935337,False,560.146,64.9299097086893
Manischewitz Concord Kosher,39193.29,32.12968342285121,False,560.146,64.9299097086893
Manischewitz Cream Peach,119.76,33.26653306613226,False,560.146,64.9299097086893
Manischewitz Cream White Cnd,1839.89,17.446151672110833,False,560.146,64.9299097086893
Manon Rose de Provence,1682.8399999999997,54.77434707715917,False,560.146,64.9299097086893
Mantane Primitivo Puglio,6205.78,40.05266058416508,False,560.146,64.9299097086893
Manteo Red Blend Sonoma Cnty,407.76,34.19658622719247,False,560.146,64.9299097086893
Mapple Jack Liquer,4144.84,83.30454251551328,False,560.146,64.9299097086893
Mapuche Svgn Blanc,833.28,38.73847926267281,False,560.146,64.9299097086893
Marc Bredif Vouvray,16979.85,34.25919545814598,False,560.146,64.9299097086893
Marcarini Barolo Brunate,1979.67,24.769279728439596,False,560.146,64.9299097086893
Marcati Limoncello,12224.54,22.706294060962616,False,560.146,64.9299097086893
Marcel Lapierre Morgon,2443.06,75.28836786652803,False,560.146,64.9299097086893
Marchesi Barolo Cannubi 11,2203.71,24.941122016962307,False,560.146,64.9299097086893
Marchesi Barolo Ruvei B Alba,179.9,11.550861589772095,False,560.146,64.9299097086893
Marchesi Bassini Chianti Rsv,413.64,33.33333333333333,False,560.146,64.9299097086893
Marchesi Bassini Sangiovese,359.64,34.63463463463464,False,560.146,64.9299097086893
Marchesi Di Barolo Sbirolo N,227.88,34.64981569246973,False,560.146,64.9299097086893
Marchesi di Barolo Barbaresc,986.7900000000001,7.2447025202930835,False,560.146,64.9299097086893
Marcus James Cab Svgn Mendza,14911.35,35.99838168405961,False,560.146,64.9299097086893
Marcus James Chard,39464.04,36.21230872460093,False,560.146,64.9299097086893
Marcus James Malbec Mendoza,9518.18,34.02908959485953,False,560.146,64.9299097086893
Marcus James Merlot Mendoza,14334.22,40.79063946276813,False,560.146,64.9299097086893
Marcus James Rsl,223.72,15.519399249061328,False,560.146,64.9299097086893
Margaritaville Coconut,999.8100000000001,15.92802632500176,False,560.146,64.9299097086893
Margaritaville Gold Tequila,120455.98,32.05466317474898,False,560.146,64.9299097086893
Margaritaville Island Lime,507.15,8.587202997140876,False,560.146,64.9299097086893
Margaritaville Silver,113673.47,23.985399377686868,False,560.146,64.9299097086893
Margaritaville Tangerine Teq,376.74,64.48479057174708,False,560.146,64.9299097086893
Marie Brizard Anisette,159.92,21.860930465232613,False,560.146,64.9299097086893
Marie Brizard Chocolat Royal,11475.88,50.14752681275859,False,560.146,64.9299097086893
Marie Brizard Orange Curacao,10206.73,39.27095161721726,False,560.146,64.9299097086893
Marietta Clrs Angeli Cuvee,4588.22,10.624599517895838,False,560.146,64.9299097086893
Marietta Old Vine Cve Cal Rd,17838.510000000002,23.277953147432168,False,560.146,64.9299097086893
Marina Cvetic Mntlcno Abruzo,1043.64,59.06634471656893,False,560.146,64.9299097086893
Mark West Black Pnt Nr,90162.59,34.065248125636145,False,560.146,64.9299097086893
Mark West Chard Sonoma Cnty,175833.73,39.82886559933638,False,560.146,64.9299097086893
Mark West Pnt Nr RRV,34295.74,45.09772933897913,False,560.146,64.9299097086893
Mark West Pnt Nr Santa Lucia,409.71999999999997,94.18627355267012,True,560.146,64.9299097086893
Mark West Pnt Nr Sonoma,675519.62,47.16854263981259,False,560.146,64.9299097086893
Mark West Pnt Nr Willamette,607.74,10.968506269128241,False,560.146,64.9299097086893
Markham Cab Svgn,12492.93,34.466454226510514,False,560.146,64.9299097086893
Markham Merlot,39727.02,35.698096660660674,False,560.146,64.9299097086893
Marques de Caceres Albarino,6843.71,32.469376989965966,False,560.146,64.9299097086893
Marques de Caceres Blanco Wh,34616.21,37.97466562630628,False,560.146,64.9299097086893
Marques de Caceres Gran RSV,28393.87,31.851910289087037,False,560.146,64.9299097086893
Marques de Caceres RSV Red,77100.84999999999,32.99931194014073,False,560.146,64.9299097086893
Marques de Caceres Rioja Re,147412.15,39.999287711358924,False,560.146,64.9299097086893
Marques de Caceres Rose,46849.840000000004,32.94320749014298,False,560.146,64.9299097086893
Marques de Grinon 10 Cab Svg,999.75,83.78394598649662,False,560.146,64.9299097086893
Marques de Riscal Rioja Red,116302.31999999999,38.11590344887359,False,560.146,64.9299097086893
Marquis d Gelida Brut Rsv,2903.33,84.21192217212649,False,560.146,64.9299097086893
Marquis de Calon St Estephe,927.68,75.48723697826837,False,560.146,64.9299097086893
Marquis de Chasse Red Gines,205.82,61.403167816538726,False,560.146,64.9299097086893
Martell Cordon Bleu,110015.01,13.477170069793193,False,560.146,64.9299097086893
Martell VS Cognac,56753.28,19.009192067841724,False,560.146,64.9299097086893
Martin Codax Albarino,49554.29,37.636882699762225,False,560.146,64.9299097086893
Martin Codax Tempranilo Ergo,12921.07,36.40379628002945,False,560.146,64.9299097086893
Martin Ray 14 Rose of Pnt Nr,10852.76,31.406388789579804,False,560.146,64.9299097086893
Martin Ray Cab Svgn Napa,17574.28,34.33136378844539,False,560.146,64.9299097086893
Martin Ray Chard RRV,21644.55,32.69649865670573,False,560.146,64.9299097086893
Martin/Weyrich Moscato Alleg,12052.99,33.87765193532891,False,560.146,64.9299097086893
Martinelli Belle Vigna Pnt N,4171.93,3.318128540028243,False,560.146,64.9299097086893
Martinelli Bondi Home Pnt Nr,6110.03,51.52036896709181,False,560.146,64.9299097086893
Martinelli Vellu Ranch Znfdl,2483.54,82.13195680359486,False,560.146,64.9299097086893
Martinshof Gruner Veltliner,12199.28,32.8506272501328,False,560.146,64.9299097086893
Marzadro Le Diciotto Lune,4179.24,86.14819919411184,False,560.146,64.9299097086893
Mas Alta Black Slate Priorat,611.64,77.16303708063566,False,560.146,64.9299097086893
Mas Belles Eaux Les Cot Roug,50.97,9.77045320776927,False,560.146,64.9299097086893
Mas Carlot Grenache Syrah,831.3599999999999,1.270207852193989,False,560.146,64.9299097086893
Mas De Daumas Gassac 15 Rose,5109.16,16.13396331295163,False,560.146,64.9299097086893
Mas Doix 12 Salanques Priora,2099.4,6.053158045155766,False,560.146,64.9299097086893
Mas Donis Montsant Old Vines,9963.880000000001,44.490499684861724,False,560.146,64.9299097086893
Mas Janeil Cotes Roussillon,53796.05,48.59085378945109,False,560.146,64.9299097086893
Mas la Chevaliere Chard,359.64,31.03103103103102,False,560.146,64.9299097086893
Mas la Chevaliere Rose,1896.5400000000002,30.551425226992322,False,560.146,64.9299097086893
Masciarelli Montepulciano,214213.21,40.209163571191525,False,560.146,64.9299097086893
Masciarelli Rose d'Abruzzo,10207.8,43.923470287427264,False,560.146,64.9299097086893
Masciarelli Trebbiano Abruzo,12866.94,36.23099198410811,False,560.146,64.9299097086893
Masi Amarone Costasera Valp,23696.05,27.62186102747083,False,560.146,64.9299097086893
Masi Bonacosta Valpolicella,2863.2200000000003,34.51498662345192,False,560.146,64.9299097086893
Masi Campo Torbe Amarone 00,3719.69,3.87102150985701,False,560.146,64.9299097086893
Masi Campofiorin,75564.45999999999,31.23979182806308,False,560.146,64.9299097086893
Masi Campolongo di Torbe Ama,2793.78,32.11419653659201,False,560.146,64.9299097086893
Masi Masianco Pnt Grg/Verd,9605.53,40.91944952542963,False,560.146,64.9299097086893
Masi Mazzano Amarone 03,4199.72,8.305315592468084,False,560.146,64.9299097086893
Masi Modello Delle Venezie,7185.27,32.267680963972126,False,560.146,64.9299097086893
Masi Passo Doble,6650.400000000001,38.44084566341875,False,560.146,64.9299097086893
Masi Serego Alighieri Vaio A,1763.72,71.98875104891933,False,560.146,64.9299097086893
Masi Soave 2012 Classico,51121.74,33.556213070994836,False,560.146,64.9299097086893
Masi Tupungato Corbec,167.88,31.95139385275197,False,560.146,64.9299097086893
Maso Canali Pinot Grigio Tr,49688.38,30.375673346565137,False,560.146,64.9299097086893
Maso Canali Pnt Grigio Coll,2469.94,30.242030170773383,False,560.146,64.9299097086893
Mason Clrs Svgn Bl Pomelo,20022.78,9.174799902910582,False,560.146,64.9299097086893
Massenez Creme de Cassis,1781.1899999999998,36.895558587236614,False,560.146,64.9299097086893
Masseria Prosecco,959.04,14.414414414414416,False,560.146,64.9299097086893
Massimo Malbec Mendoza,19375.47,35.8936841274044,False,560.146,64.9299097086893
Massolino Barbera D'Alba,5343.03,83.82341106076515,False,560.146,64.9299097086893
Massolino Barolo Margheria,2441.6299999999997,72.2316649123741,False,560.146,64.9299097086893
Massolino Barolo Parussi,989.8499999999999,90.99055412436226,False,560.146,64.9299097086893
Massolino Barolo Serralunga,7878.030000000001,33.74016092855703,False,560.146,64.9299097086893
Massolino Dolcetto D'Alba,3890.71,76.66441343610806,False,560.146,64.9299097086893
Master's London Dry Gin,4528.49,85.7038438861519,False,560.146,64.9299097086893
Mastersons 10 Yr Old Rye,1679.79,82.49185910143531,False,560.146,64.9299097086893
Mastroberardino Radici Taura,934.83,3.9568691633772994,False,560.146,64.9299097086893
Matanzas Creek Chard Sonoma,543.79,63.964030232258764,False,560.146,64.9299097086893
Matanzas Creek Merlot Sonoma,1188.53,49.91123488679293,False,560.146,64.9299097086893
Matanzas Creek Svgn Bl Sonom,25680.519999999997,24.519635895223296,False,560.146,64.9299097086893
Match Book Lake Cnty Cab Svg,16366.09,9.750710157404727,False,560.146,64.9299097086893
Mateus Rose,6848.59,36.27175175375197,False,560.146,64.9299097086893
Matua Pnt Nr Marlboro,13376.76,36.10851955181972,False,560.146,64.9299097086893
Matua Rose Wine,6235.84,30.730262482680757,False,560.146,64.9299097086893
Matua Svgn Bl Marlboro,157800.27,43.42331606910431,False,560.146,64.9299097086893
Matusalem Gran Reserva Rum,20711.34,32.35879474722543,False,560.146,64.9299097086893
Maurice's Mentholated Mint,33329.31,40.94036955041813,False,560.146,64.9299097086893
Mayfair London Dry Gin,411.82,87.86362974114904,True,560.146,64.9299097086893
Maynard's 10 Yr Tawny Port,9615.189999999999,8.811058335820707,False,560.146,64.9299097086893
Mayu Carmenere Syrah,11937.81,62.38238001777545,False,560.146,64.9299097086893
Mayu Pedro Ximenez,9534.66,56.3315314861778,False,560.146,64.9299097086893
Maz Caz Rouge,575.64,31.95747342088805,False,560.146,64.9299097086893
Mazzei Castello Font Gr Slzn,1151.76,1.323192331735779,False,560.146,64.9299097086893
Mazzei Siepi,3059.64,77.16986312115151,False,560.146,64.9299097086893
Mazzei Zisola Notto Rosso,1367.28,58.51764086361242,False,560.146,64.9299097086893
McClelland Highland Sgl Malt,125199.8,30.80786870266567,False,560.146,64.9299097086893
McClelland Highland Single,62414.02,24.929895558722222,False,560.146,64.9299097086893
McClelland Islay Single Mal,40166.04,18.64764363128653,False,560.146,64.9299097086893
McClelland Islay Single Malt,110955.58,36.92475853850703,False,560.146,64.9299097086893
McCormick Blended Whiskey,9491.58,22.578116604400957,False,560.146,64.9299097086893
McCormick Cherry Vodka,188.73000000000002,65.07709426164362,True,560.146,64.9299097086893
McCormick Gin,3375.27,32.699902526316414,False,560.146,64.9299097086893
McCormick Gold Label Bourbon,3995.29,27.829519258927384,False,560.146,64.9299097086893
McCormick Gold Rum,524.25,28.999523128278497,False,560.146,64.9299097086893
McCormick Irish Cream Liquer,545.48,13.109554887438597,False,560.146,64.9299097086893
McCormick Long Island Iced,8248.2,20.696879319124182,False,560.146,64.9299097086893
McCormick Scotch,494.07,40.020644847896044,False,560.146,64.9299097086893
McCormick Silver Rum,5550.0599999999995,31.374795948151906,False,560.146,64.9299097086893
McCormick Triple Sec,3112.2000000000003,30.261872630293695,False,560.146,64.9299097086893
McCormick Vodka,10261.32,25.549539435472234,False,560.146,64.9299097086893
McManis Barbera Jamie Lynn,113.91,22.78114300763761,False,560.146,64.9299097086893
McManis Cab Svgn Cal,43440.01,38.817969885366054,False,560.146,64.9299097086893
McManis Merlot Cal,10689.44,32.543519585684564,False,560.146,64.9299097086893
McManis Petite Sirah Cal,1061.1299999999999,34.44347063978965,False,560.146,64.9299097086893
McManis Pnt Nr Cal,17345.39,31.329015951788918,False,560.146,64.9299097086893
McManis River Jct Chard Cal,617.46,37.994364007385094,False,560.146,64.9299097086893
McWilliams Hanwood Cab Svgn,945.72,66.98600008459164,False,560.146,64.9299097086893
McWilliams Hanwood Est Chard,2369.61,60.33566705069611,False,560.146,64.9299097086893
McWilliams Hanwood Shiraz,9988.46,38.026482560875245,False,560.146,64.9299097086893
Meander Cab Svgn Napa Vly,8458.63,21.607163334960855,False,560.146,64.9299097086893
Meiomi Chard,55900.79,30.162489653545144,False,560.146,64.9299097086893
Meiomi Pnt Nr,503067.48,34.09126743791907,False,560.146,64.9299097086893
Meletti Amaro,35.98,20.011117287381868,False,560.146,64.9299097086893
Melini Borghi D'Elsa Chiant,57378.62,53.87928465341272,False,560.146,64.9299097086893
Melini Chianti DOCG Riserva,28069.5,50.70272003420082,False,560.146,64.9299097086893
Melini Orvieto Clsc Orzalume,159.8,58.623279098873596,False,560.146,64.9299097086893
Menage a Trois Cab Svgn,39084.41,35.9105842969102,False,560.146,64.9299097086893
Menage a Trois Chard,30668.32,30.428598632073754,False,560.146,64.9299097086893
Menage a Trois Merlot,155.88,33.33333333333333,False,560.146,64.9299097086893
Menage a Trois Midnight,196130.54,39.116671987952515,False,560.146,64.9299097086893
Menage a Trois Moscato,21983.7,36.28934164858509,False,560.146,64.9299097086893
Menage a Trois Pnt Grigio,41533.37,34.14866166651058,False,560.146,64.9299097086893
Menage a Trois Red,509372.48,43.475179499292935,False,560.146,64.9299097086893
Menage a Trois Rose Blend,22850.97,42.15457812075374,False,560.146,64.9299097086893
Menage a Trois Silk Soft Red,133363.09,37.32538740666551,False,560.146,64.9299097086893
Menage a Trois White,55806.58,38.2064803111031,False,560.146,64.9299097086893
Mer Soleil Chard Central Cst,104150.58,33.04918705205482,False,560.146,64.9299097086893
Mer Soleil Silver Chard,41059.46,32.22239162424445,False,560.146,64.9299097086893
Mer Soliel Reserve Chard SB,441.74,5.138769411871234,False,560.146,64.9299097086893
Mercat Brut Nature,314.79,53.92166206042123,False,560.146,64.9299097086893
Mercer Cab Svgn,1059.47,23.490046910247575,False,560.146,64.9299097086893
Mercer Canyons Chard,2277.77,25.07803685183315,False,560.146,64.9299097086893
Mercer Canyons Red,546.24,34.819859402460466,False,560.146,64.9299097086893
Mercer Canyons Rsl,167.88,35.09649749821301,False,560.146,64.9299097086893
Mercer Merlot,1739.1299999999999,54.908488727122176,False,560.146,64.9299097086893
Mercer Pnt Gris,89.92999999999999,75.64772600911822,True,560.146,64.9299097086893
Meridian Pnt Grigio Cal,131.88,33.75796178343949,False,560.146,64.9299097086893
Meridian Santa Barbara Chard,25180.48,38.488146373698996,False,560.146,64.9299097086893
Merieau 12 Les Hex PN VdP,506.61,13.345571544185866,False,560.146,64.9299097086893
Merieau 13 Bois Jacou Gamay,2520.06,74.06252232089713,False,560.146,64.9299097086893
Merieau L'Arpent des Vaudons,1675.71,83.97932816537468,False,560.146,64.9299097086893
Merlo Family Vyds Pnt Nr,431.76,34.18565869927737,False,560.146,64.9299097086893
Mermelada Sassy Red,23.98,34.19516263552961,False,560.146,64.9299097086893
Merriam Cab Franc Windacre V,594.83,80.52384714960577,False,560.146,64.9299097086893
Merriam Cab Svgn Dry Creek,14383.82,26.219460477119434,False,560.146,64.9299097086893
Merriam Cuvee Pnt Nr RRV,574.77,66.34479878908085,False,560.146,64.9299097086893
Merriam Danielle Svgn Bl RRV,10108.94,30.580258662134703,False,560.146,64.9299097086893
Merriam Jones Vyd Cab Franc,4246.82,23.609665585073053,False,560.146,64.9299097086893
Merriam Merlot RRV,8952.57,13.267363449825018,False,560.146,64.9299097086893
Merriam Pnt Nr Cuvee RRV,14156.89,29.398688553771336,False,560.146,64.9299097086893
Merriam Vyds Rose of Pnt Nr,7836.08,69.38469234617308,False,560.146,64.9299097086893
Merry Edwards Pinot Noir RRV,19355.44,27.757984318620494,False,560.146,64.9299097086893
Merry Edwards Pnt Nr Sonoma,17706.15,36.76118184924448,False,560.146,64.9299097086893
Merry Edwards Svgn Bl RRV,26959.530000000002,46.273244892501054,False,560.146,64.9299097086893
Merry Irish Cream Liqueur,35.97,73.53350013900473,True,560.146,64.9299097086893
Merry Wh Chocolate Liqueur,30399.61,32.958942565381605,False,560.146,64.9299097086893
Merryvale Cab Svgn,42652.81,27.02075197390277,False,560.146,64.9299097086893
Merryvale Starmont Cab Svgn,12665.64,35.32312619022805,False,560.146,64.9299097086893
Merum Monastrell Jumilla,455.62,16.35134541942847,False,560.146,64.9299097086893
Metaxa 5 Star,1868.89,72.22950521432509,False,560.146,64.9299097086893
Metaxa Amphora,51872.46,30.08077889500517,False,560.146,64.9299097086893
Metaxa Ouzo,45723.18,26.47248069797421,False,560.146,64.9299097086893
Metcalfe's Maple Liqueur,48259.659999999996,21.789710080841832,False,560.146,64.9299097086893
Metcalfe's Raspberry Liqueur,3388.87,86.6433353890825,False,560.146,64.9299097086893
Metcalfe's Vermont Maple,60193.59,27.882553607452216,False,560.146,64.9299097086893
Metze's Slct Indiana Bourbon,8848.82,35.81720500586519,False,560.146,64.9299097086893
Meukow 90,45522.44,34.14852103709731,False,560.146,64.9299097086893
Meukow VS Cognac,131418.29,32.75013698625968,False,560.146,64.9299097086893
Mezcal De Amor Amaras,19785.81,48.28495775507801,False,560.146,64.9299097086893
MezzaCorona Pnt Grigio,762835.9500000001,35.43387396722881,False,560.146,64.9299097086893
MezzaCorona Pnt Nr,72530.69,21.471972760772033,False,560.146,64.9299097086893
MezzaCorona Pnt Nr Dolomiti,6089.14,44.168141970787346,False,560.146,64.9299097086893
Mezzacorona Cab Svgn,16064.550000000001,35.79079401539415,False,560.146,64.9299097086893
Mia Dolcea Pink Moscato,143.88,35.446205170975816,False,560.146,64.9299097086893
Mica Cab Svgn,9008.68,58.99143936736569,False,560.146,64.9299097086893
Michael David Chard,6523.92,29.20054200542005,False,560.146,64.9299097086893
Michael David Svgn Bl,55544.40000000001,31.34681444033963,False,560.146,64.9299097086893
Michel Chapoutier Vigne Rose,6987.63,33.48588863463005,False,560.146,64.9299097086893
Michele Chiarlo Arneis,1141.3,84.32664505388591,False,560.146,64.9299097086893
Michter's 10 YO Bourbon,13198.9,14.183606209608376,False,560.146,64.9299097086893
Michter's 20 YO Bourbon,2699.95,24.811570584640453,False,560.146,64.9299097086893
Michter's Small Batch Bourbn,108431.79000000001,27.481553149680565,False,560.146,64.9299097086893
Michter's Straight Rye,64537.93,12.711191697657487,False,560.146,64.9299097086893
Middle Sister Drama Queen Pi,71732.46,52.02646054519809,False,560.146,64.9299097086893
Middle Sister Mischief Maker,20952.99,34.70025041772082,False,560.146,64.9299097086893
Middle Sister Pnt Nr Goodie,13176.83,34.04005363960831,False,560.146,64.9299097086893
Middle Sister Rebel Red,27327.24,36.27311063978653,False,560.146,64.9299097086893
Middle Sister Smarty Pants C,14912.14,37.74595732067966,False,560.146,64.9299097086893
Middle Sister Sweet & Sassy,32433.54,37.568517035143245,False,560.146,64.9299097086893
Midleton Rare Irish Whiskey,88949.22,3.39694940551474,False,560.146,64.9299097086893
Midnight Moon,47196.39,47.049848515956405,False,560.146,64.9299097086893
Midnight Moon Apple Pie,223042.94,34.340315413796056,False,560.146,64.9299097086893
Midnight Moon Blackberry,44977.5,44.58722694680674,False,560.146,64.9299097086893
Midnight Moon Blueberry,45177.399999999994,36.00525926680154,False,560.146,64.9299097086893
Midnight Moon Cherry,29525.229999999996,40.04856185709645,False,560.146,64.9299097086893
Midnight Moon Cranberry,52734.89,11.822514468125366,False,560.146,64.9299097086893
Midnight Moon Moonshine,42088.5,37.541109804340856,False,560.146,64.9299097086893
Midnight Moon Peach,7850.78,64.832029428923,False,560.146,64.9299097086893
Midnight Moon Raspberry,22768.609999999997,28.193508518965356,False,560.146,64.9299097086893
Midnight Moon Strawberry,51214.38,37.918139397567636,False,560.146,64.9299097086893
Midori Melon Liqueur,195806.78,14.93301562043502,False,560.146,64.9299097086893
Mija Sangria,22448.86,29.361535507816434,False,560.146,64.9299097086893
Milagro Anejo Tequila,50323.46000000001,25.414349490277505,False,560.146,64.9299097086893
Milagro Reposado Tequila,89568.5,21.763901371575937,False,560.146,64.9299097086893
Milagro Silver Select Barrel,37137.79,21.236454834819195,False,560.146,64.9299097086893
Milagro Silver Tequila,420683.99,29.457499745499728,False,560.146,64.9299097086893
Milagro Tequila Anejo SBR,34330.549999999996,22.64991385223947,False,560.146,64.9299097086893
Milagro Tequila Reposado SBR,28244.989999999998,32.83120298502495,False,560.146,64.9299097086893
Milbrandt Traditions Cab Svg,5382.29,29.871485928851843,False,560.146,64.9299097086893
Mile Marker Pnt Gris,671.52,32.88062902072909,False,560.146,64.9299097086893
Mile Marker Pnt Nr,8094.19,37.2438749275715,False,560.146,64.9299097086893
Milestone Chard,3117.97,43.61331250781758,False,560.146,64.9299097086893
Milestone Red,3993.08,40.06731645747143,False,560.146,64.9299097086893
Mimosa by St Clair Winery,335.76,67.3338098641887,True,560.146,64.9299097086893
Miner Chard Napa,1979.34,90.03203087897987,False,560.146,64.9299097086893
Miodula Honey Vodka,7325.17,72.53114944772614,False,560.146,64.9299097086893
Miolo  Lote 43,359.88,2.61753917972658,False,560.146,64.9299097086893
Mionetto Frizzante Prosecco,12696.289999999999,79.14949957822324,False,560.146,64.9299097086893
Mionetto IL Lambrusco Sprklg,167.88,31.52251608291637,False,560.146,64.9299097086893
Mionetto IL Moscato,747.06,27.26688619388002,False,560.146,64.9299097086893
Mionetto Il Prosecco Spklg,56780.76,42.29647507359888,False,560.146,64.9299097086893
Mionetto Il Prosecco Veneto,1574.03,24.387718150225844,False,560.146,64.9299097086893
Mionetto Il Spriz,1668.33,83.85391379403356,False,560.146,64.9299097086893
Mionetto Prosecco Brut,499270.00999999995,36.25047038023424,False,560.146,64.9299097086893
Mionetto Prosecco DOC Brut,23915.6,31.702570706986233,False,560.146,64.9299097086893
Mionetto Prosecco Superiore,12655.09,29.394417582174455,False,560.146,64.9299097086893
Mirafiore Barolo,49823.880000000005,35.68626128675648,False,560.146,64.9299097086893
Mirafiore Dolcetto D'Alba,679.68,83.76883239171374,False,560.146,64.9299097086893
Mirassou Cab Svgn Cal,31828.14,38.77719527437042,False,560.146,64.9299097086893
Mirassou Chard Cntrl Coast,36723.24,41.68466616780001,False,560.146,64.9299097086893
Mirassou Merlot Cal,28571.4,39.88575988575989,False,560.146,64.9299097086893
Mirassou Moscato,21158.82,37.958213170677766,False,560.146,64.9299097086893
Mirassou Pnt Grigio Cal,23666.31,39.213590965384974,False,560.146,64.9299097086893
Mirassou Pnt Nr,13309.619999999999,14.567057511784709,False,560.146,64.9299097086893
Mirassou Pnt Nr Cntrl Coast,123816.07,45.654970312012,False,560.146,64.9299097086893
Mirassou Sunset Red,1334.33,35.37805490395929,False,560.146,64.9299097086893
Miraval Cotes de Prvnce Rose,165657.54,34.96089583365781,False,560.146,64.9299097086893
Mitolo Jester McLaren Shiraz,1087.32,90.5087738660192,False,560.146,64.9299097086893
Moet & Chandon Brut Imprl Ro,111649.14,44.73898321115594,False,560.146,64.9299097086893
Moet & Chandon Grand Vintage,47361.16,25.792991556794636,False,560.146,64.9299097086893
Moet & Chandon Imperial,1055234.52,36.691964303191185,False,560.146,64.9299097086893
Moet & Chandon Nectar Imp Rs,1533634.52,33.850974481195166,False,560.146,64.9299097086893
Moet & Chandon Nectar Imper,59051.16,29.314072746411757,False,560.146,64.9299097086893
Moet Nectar Imperial Rose,43015.07,29.662929759268096,False,560.146,64.9299097086893
Mohua Pinot Noir,17722.28,35.0384374922414,False,560.146,64.9299097086893
Mohua Svgn Bl Marlboro,122141.45,38.837470817646256,False,560.146,64.9299097086893
Moillard CdR Violettes Rouge,11323.38,33.11679021634883,False,560.146,64.9299097086893
Moillard Ch D'Eau Pnt Nr,351.77,18.716775165591148,False,560.146,64.9299097086893
Moillard Ch d'Eau VDP Rose,2230.6,77.66699542723931,False,560.146,64.9299097086893
Mojoshot Blue Lagoon RTD,316.8,97.00441919191918,True,560.146,64.9299097086893
Moletto Prosecco,15469.230000000001,30.083074593887353,False,560.146,64.9299097086893
Molletto Grappa di Barbera,38860.5,22.27477773060048,False,560.146,64.9299097086893
Mollydooker Blue Eyed Boy,1839.59,33.89831429829472,False,560.146,64.9299097086893
Mollydooker Carnival of Love,8733.97,17.693213967989344,False,560.146,64.9299097086893
Mollydooker Enchanted Path,2319.71,72.89833642998478,False,560.146,64.9299097086893
Mollydooker Gigglepot Cab Sv,479.88,25.506376594148534,False,560.146,64.9299097086893
Mollydooker Maitre D Cab Svg,7978.929999999999,30.89800261438564,False,560.146,64.9299097086893
Mollydooker Scooter Merlot,6681.29,42.23390991859357,False,560.146,64.9299097086893
Mollydooker The Boxer Shiraz,8862.58,34.6149766772204,False,560.146,64.9299097086893
Mollydooker Two Left Feet,6221.07,28.480791889498104,False,560.146,64.9299097086893
Mollydooker Violinist Verdel,467.78,21.1295908332977,False,560.146,64.9299097086893
Mommessin Bjls Nouveau,9286.55,19.513920670216596,False,560.146,64.9299097086893
Mommy's Time Out Delicious R,65.94,67.33393994540492,True,560.146,64.9299097086893
Mommy's Time Out Moscato,323.64,12.430478309232488,False,560.146,64.9299097086893
Mommys Time Out Garganega/P,30781.15,33.709559259481864,False,560.146,64.9299097086893
Momokawa Diamond Sake,179.88,35.49032688458972,False,560.146,64.9299097086893
Momokawa Silver Sake,899.04,7.875066737853706,False,560.146,64.9299097086893
Monadnock Moonshine,6435.78,10.927812945750166,False,560.146,64.9299097086893
Moncigale Rose Cd Provnce 14,2278.19,83.27444155228493,False,560.146,64.9299097086893
Monjardin El Cerezo Chard,1260.97,84.37393435212574,False,560.146,64.9299097086893
Monkey 47 Dry Gin,61239.880000000005,11.271348017011144,False,560.146,64.9299097086893
Monkey Bay Svgn Bl,133882.26,38.10747644770888,False,560.146,64.9299097086893
Monkey Shoulder Scotch,128154.43,21.67452190298845,False,560.146,64.9299097086893
Monsanto Chianti Clsc RSV,72431.09999999999,38.63591744430223,False,560.146,64.9299097086893
Mont Gras RSV Colch Carmener,2587.41,31.89714811336432,False,560.146,64.9299097086893
Mont Gravet Colombard,1011.0799999999999,22.595640305415984,False,560.146,64.9299097086893
Mont Redon CdP Red,13797.27,61.03663985701518,False,560.146,64.9299097086893
Mont Redon Cotes du Rhone,26789.25,26.278563229653678,False,560.146,64.9299097086893
MontGras RSV Cab Svgn,119.88,33.33333333333333,False,560.146,64.9299097086893
Montanya Platino Rum,725.67,83.03223228189121,False,560.146,64.9299097086893
Monte Alban Mezcal,26783.37,21.884176636472557,False,560.146,64.9299097086893
Monte Degli Angeli,671.72,28.63693205502293,False,560.146,64.9299097086893
Monte Faliesi Falanghina,14428.95,82.76215525038205,False,560.146,64.9299097086893
Monte Velho Tinto Alentejo R,21474.46,34.499866352867535,False,560.146,64.9299097086893
Monte Velho White Alentejo,3835.51,20.88170803882665,False,560.146,64.9299097086893
Montelobos Mezcal,46485.490000000005,22.122279446769305,False,560.146,64.9299097086893
Montelvini CabMerlot,221.99,31.974413261858647,False,560.146,64.9299097086893
Montes Alpha Apalta Cab Svgn,7198.53,39.966909910773445,False,560.146,64.9299097086893
Montes RSV Colchagua Malbec,9157.95,35.4763893666159,False,560.146,64.9299097086893
Montes Spring Harvest Svgn B,239.52,32.46492985971944,False,560.146,64.9299097086893
Montes Twins Red,3087.94,28.341871927563357,False,560.146,64.9299097086893
Montezuma Blue,9974.51,25.66612294739291,False,560.146,64.9299097086893
Montezuma Blue Tequila Liqu,39600.36,27.610430814265328,False,560.146,64.9299097086893
Montezuma Tequila Gold,934.83,26.2924809858477,False,560.146,64.9299097086893
Montezuma Tequila White,3795.25,36.09116658981622,False,560.146,64.9299097086893
Montezuma Triple Sec,78.11999999999999,38.86328725038402,False,560.146,64.9299097086893
Montgras RSV Svgn Bl Casabln,29590.6,29.084101032084515,False,560.146,64.9299097086893
Montinore Pnt Gris Ore,8614.880000000001,32.00659788644764,False,560.146,64.9299097086893
Montinore Pnt Nr Ore,21345.969999999998,33.71676246148569,False,560.146,64.9299097086893
Montsarra Brut Cava,734.51,18.11411689425603,False,560.146,64.9299097086893
Mooiplaas The Bean Pinotage,27089.17,39.182189782854174,False,560.146,64.9299097086893
Moonlight Meadery Apple Pie,24291.3,26.44576453298095,False,560.146,64.9299097086893
Moonlight Meadery Desire,17795.28,25.707828143193023,False,560.146,64.9299097086893
Moonlight Meadery Last Apple,1838.85,80.67814122957283,False,560.146,64.9299097086893
Moonlight Meadery Red Dress,8027.82,9.061488673139154,False,560.146,64.9299097086893
Moonlight Meadery Sensual,14885.36,24.51610172679733,False,560.146,64.9299097086893
Moonlight Meadery Sumptuous,12314.52,22.830934539064458,False,560.146,64.9299097086893
Moonlight Meadery Wild,16055.64,26.037953018378584,False,560.146,64.9299097086893
Moonstone Asian Pear Sake,8367.03,33.485836670837806,False,560.146,64.9299097086893
Moonstone Coc Lemongras Sake,3809.55,25.43817511254611,False,560.146,64.9299097086893
Moonstone Plum Sake,461.68,36.15707849592792,False,560.146,64.9299097086893
Morande Edicion Limitada,284.81,79.35465749095889,True,560.146,64.9299097086893
Morellino d Scansano Rsv,47213.04,44.2328644798132,False,560.146,64.9299097086893
Morgan Winery Cd Crows Monte,17703.190000000002,33.848080487189044,False,560.146,64.9299097086893
Morgan Winery Double L  Rsl,3333.5499999999997,90.33822801517901,False,560.146,64.9299097086893
Morgan Winery Double L Chard,7040.040000000001,28.06432917994785,False,560.146,64.9299097086893
Morgan Winery Garys Vyd Pnt,223.93,71.23654713526548,True,560.146,64.9299097086893
Morgan Winery Highland Chard,47274.939999999995,54.21485463545802,False,560.146,64.9299097086893
Morgan Winery Metalico Chard,37717.799999999996,40.460260142426115,False,560.146,64.9299097086893
Morgan Winery Svgn Bl Mont S,15034.97,31.444226360278734,False,560.146,64.9299097086893
Morgan Winery Syrah G-17 Mon,8061.499999999999,30.404019103144563,False,560.146,64.9299097086893
Morgan Winery Twelve Clones,95421.02,39.19117611612201,False,560.146,64.9299097086893
Morrigan Irish Whiskey,1635.2099999999998,73.45906641960359,False,560.146,64.9299097086893
Mortlach Single Malt Scotch,19488.16,36.36905690429471,False,560.146,64.9299097086893
Moscato Pink Bubbly 480 Plt,10539.41,34.66787989080983,False,560.146,64.9299097086893
Moschofilero Boutari Mantnia,9890.93,26.98947419504537,False,560.146,64.9299097086893
Moshin Vyds Pnt Nr RRV,2953.79,15.084010711661971,False,560.146,64.9299097086893
Mother's Apple Pie Liqueur,6337.95,51.43540103661278,False,560.146,64.9299097086893
Mother's Holiday Nog,6104.21,49.68865750031535,False,560.146,64.9299097086893
Mother's Pumpkn Spice Liquer,13880.56,43.889295532745074,False,560.146,64.9299097086893
Motto Cab Svgn Backbone,13996.36,20.478324364334735,False,560.146,64.9299097086893
Motto Znfdl Unabashed,265.78000000000003,38.91188200767552,False,560.146,64.9299097086893
Moulin Gassac Guilhm Rose 15,5840.6900000000005,30.09541680863049,False,560.146,64.9299097086893
Moulin de Gassac Guilhem Red,5696.87,20.30536066296053,False,560.146,64.9299097086893
Mount Gay 1703 Old Cask Slct,10728.96,11.209194553805768,False,560.146,64.9299097086893
Mount Gay Black Barrel Rum,52705.229999999996,19.755022414284127,False,560.146,64.9299097086893
Mount Gay Eclipse,679528.3,25.89801088994711,False,560.146,64.9299097086893
Mount Gay Eclipse Silver Rum,1214.51,36.45723787447487,False,560.146,64.9299097086893
Mount Royal Light Canadian W,659.4,22.474977252047314,False,560.146,64.9299097086893
Mount Veeder Cab Svgn,60749.2,50.60270752536658,False,560.146,64.9299097086893
Mount Veeder Cab Svgn Napa,1134.92,35.946145983857896,False,560.146,64.9299097086893
Mouton Cadet Red Brdx,68651.97,44.280200553603926,False,560.146,64.9299097086893
Mouton Cadet Rose,44977.74,40.88151160996528,False,560.146,64.9299097086893
Mouton Cadet Sauvignon Blanc,20190.87,38.58976854390128,False,560.146,64.9299097086893
Mouton Cadet White Brdx,38801.05,39.89531211139905,False,560.146,64.9299097086893
Movendo Moscato,40750.56,40.217410509205266,False,560.146,64.9299097086893
Mr Boston Amaretto Liqueur,277.92,27.979274611398967,False,560.146,64.9299097086893
Mr Boston Apricot Brandy,105634.89,31.782766091771386,False,560.146,64.9299097086893
Mr Boston Blackberry Brandy,231536.2,26.50280995457072,False,560.146,64.9299097086893
Mr Boston Blue Curacao,2712.37,18.788734575297614,False,560.146,64.9299097086893
Mr Boston Coffee Brandy,165412.13,31.78247568663798,False,560.146,64.9299097086893
Mr Boston Cr de Cacao Brown,1181.18,31.97988452225741,False,560.146,64.9299097086893
Mr Boston Cr de Cacao White,1259.06,14.515590996457675,False,560.146,64.9299097086893
Mr Boston Creme de Banana,2102.76,20.777454393273615,False,560.146,64.9299097086893
Mr Boston Creme de Menthe Gr,1200.65,22.883438137675434,False,560.146,64.9299097086893
Mr Boston Creme de Menthe-Wh,240.13,23.408153916628496,False,560.146,64.9299097086893
Mr Boston Dark Rum,130627.43000000001,20.414502528297465,False,560.146,64.9299097086893
Mr Boston Holiday Nog,12440.07,24.3823386845894,False,560.146,64.9299097086893
Mr Boston Light Rum,290202.84,31.115231932833062,False,560.146,64.9299097086893
Mr Boston Melon Liqueur,273.47,6.57110469155667,False,560.146,64.9299097086893
Mr Boston Peach Schnapps,4216.110000000001,24.27616926503342,False,560.146,64.9299097086893
Mr Boston Peppermint Schnaps,473.77,16.43413470671422,False,560.146,64.9299097086893
Mr Boston Rock & Rye,21899.64,23.585227885024587,False,560.146,64.9299097086893
Mr Boston Triple Sec,80.91,26.523297491039425,False,560.146,64.9299097086893
Mr Boston Wild Cherry Brandy,1459.1399999999999,32.682264895760504,False,560.146,64.9299097086893
Mt Beautiful Pnt Nr,12902.42,13.69642284160646,False,560.146,64.9299097086893
Mt Beautiful Svgn Bl,12957.38,19.154952621594795,False,560.146,64.9299097086893
Mt Brave Cab Svgn Mt Veeder,6959.03,26.037105746059442,False,560.146,64.9299097086893
Mt Monster Cab Svgn,1535.04,31.01938711694808,False,560.146,64.9299097086893
Mt Tabor Galilee Chard,8036.2699999999995,34.94369900463773,False,560.146,64.9299097086893
Mud House Svgn Bl,23188.63,32.84027560058529,False,560.146,64.9299097086893
Muga 2014 Rose Rioja,4490.79,28.907831361519904,False,560.146,64.9299097086893
Muga Rioja RSV,45144.11,32.56604239179818,False,560.146,64.9299097086893
Mulderbosch Faithful Hound,239.88,34.21710855427713,False,560.146,64.9299097086893
Mulderbosch Rose Cab Svgn,1357.93,31.377906077632865,False,560.146,64.9299097086893
Mulderbosch Svgn Bl Stelnbch,3764.04,28.974187309380344,False,560.146,64.9299097086893
Mumm Brut Cve Napa,2059.6400000000003,14.983200947738453,False,560.146,64.9299097086893
Mumm Brut Prestige,210520.45,36.917591616396415,False,560.146,64.9299097086893
Mumm Cordon Rouge Brut,66646.34,26.955322710341367,False,560.146,64.9299097086893
Mumm Napa Bl de Blanc,37761.92,38.054712260393536,False,560.146,64.9299097086893
Mumm Napa Brut Rose,167619.57,45.295456849101804,False,560.146,64.9299097086893
Mumm Napa Cuvee M Sparkling,30731.8,3.2364521440332252,False,560.146,64.9299097086893
Murai Nigori Genshu Sake,4502.16,28.72021429713737,False,560.146,64.9299097086893
Murphy-Goode All In Claret,994.53,51.74806189858526,False,560.146,64.9299097086893
Murphy-Goode Cab Svgn Alex V,3414.5,30.446038951530234,False,560.146,64.9299097086893
Murphy-Goode Cab Svgn Cal,41579.08,40.780267384463535,False,560.146,64.9299097086893
Murphy-Goode Chard Sonoma,38262.61,39.56337531600693,False,560.146,64.9299097086893
Murphy-Goode Homefront Red,2495.94,35.173922450058896,False,560.146,64.9299097086893
Murphy-Goode Merlot Alexandr,12018.39,43.6663313472104,False,560.146,64.9299097086893
Murphy-Goode Pnt Nr,1137.1599999999999,69.04921031341236,False,560.146,64.9299097086893
Murphy-Goode Svgn Bl,33438.0,36.84466774328609,False,560.146,64.9299097086893
Murrieta's Well The Spur,10245.42,35.4124086665066,False,560.146,64.9299097086893
Murrieta's Well The Whip Wh,10786.369999999999,36.56661138084452,False,560.146,64.9299097086893
My Big Fat Greek Red Wine,287.76,67.72310258548791,True,560.146,64.9299097086893
Myers Original Dark Rum,713687.56,26.750873180616733,False,560.146,64.9299097086893
NH 1761 Walpole Rose,3266.2799999999997,14.761134991488786,False,560.146,64.9299097086893
NH Barnett Hill Dry White,3757.65,17.143427408087504,False,560.146,64.9299097086893
NH Winter Warmer Red,4459.95,23.884572697003325,False,560.146,64.9299097086893
NY Yankees Cab Svgn,2302.83,27.176561014056617,False,560.146,64.9299097086893
Naked Ryan Patrick Vyd Chard,130.89000000000001,20.666208266483313,False,560.146,64.9299097086893
Nanbu Bijin Southern Beauty,535.68,76.74731182795699,True,560.146,64.9299097086893
Nantucket Vyd Chard,14.99,33.3555703802535,False,560.146,64.9299097086893
Napa Cellars Cab Svgn Napa,60070.96,33.78540978868991,False,560.146,64.9299097086893
Napa Cellars Chard,16157.489999999998,35.13689316843148,False,560.146,64.9299097086893
Napa Cellars Pnt Nr Napa,12908.199999999999,40.73534652391503,False,560.146,64.9299097086893
Napa Cellars Svgn Bl,14950.23,0.9658045394619308,False,560.146,64.9299097086893
Napa Highlands Meritage,32947.020000000004,31.53153153153154,False,560.146,64.9299097086893
Napa River Chard Napa Cnty,167.76,34.19170243204577,False,560.146,64.9299097086893
Nardi Brunello di Montalcino,649.87,95.04824041731425,False,560.146,64.9299097086893
Nardi Brunllo d Montlcino 10,2649.5,82.89564068692206,False,560.146,64.9299097086893
Nardi Casale 08 Bosco Brunel,33643.979999999996,31.04680242943908,False,560.146,64.9299097086893
Nardi Rosso di Montalcino 13,1319.4,85.16143701682583,False,560.146,64.9299097086893
Nasiakos Agiorgitiko Rd,809.46,23.356311615150847,False,560.146,64.9299097086893
Nasiakos Nemea Rd,1784.15,16.403889807471348,False,560.146,64.9299097086893
Nassua Royale Liqueur,701.64,25.03563080782167,False,560.146,64.9299097086893
Natale Verga Prosecco,146.85999999999999,42.47582731853465,False,560.146,64.9299097086893
Nathanson Creek Cab Svgn,30951.76,35.700974678015086,False,560.146,64.9299097086893
Nathanson Creek Chard,65531.09,36.450683179541194,False,560.146,64.9299097086893
Nathanson Creek Merlot,33440.79,39.16860217716149,False,560.146,64.9299097086893
Nathanson Creek Wh Znfdl,7171.150000000001,37.065603145938944,False,560.146,64.9299097086893
Nativa Terra Cab Svgn Orgnic,119.88,35.43543543543543,False,560.146,64.9299097086893
Natura Chard Casablanca,10375.34,35.71343204174513,False,560.146,64.9299097086893
Natura Colchagua Carmenere,13393.59,40.91584108517582,False,560.146,64.9299097086893
Natura Malbec Ville de Rapel,13972.029999999999,43.3204766952261,False,560.146,64.9299097086893
Natura Pnt Nr,12455.09,37.47287253644895,False,560.146,64.9299097086893
Natura Valle Cab Svgn Cntrl,8249.77,38.83465842078022,False,560.146,64.9299097086893
Natura Valle Svgn Bl Casabla,17887.49,39.83443177326724,False,560.146,64.9299097086893
Navarro Vyds Chard,1739.1299999999999,7.401976850494214,False,560.146,64.9299097086893
Navarro Vyds Late Harvest Ge,911.52,34.228541337546076,False,560.146,64.9299097086893
Navarro Vyds Pnt Nr l'Ancien,2219.2599999999998,20.733938339806958,False,560.146,64.9299097086893
Neal Cab Svgn Napa,12193.44,3.1725255547245235,False,560.146,64.9299097086893
Neal Family Svgn Bl Napa Vly,4903.349999999999,35.87567683318547,False,560.146,64.9299097086893
Neal Family Vyds Znfdl Napa,4699.11,28.195339117407336,False,560.146,64.9299097086893
Neal Fifteen Forty Cab Svgn,3007.68,93.66521704436641,False,560.146,64.9299097086893
Neil Ellis Sincerely Svgn Bl,4544.45,36.42354960446258,False,560.146,64.9299097086893
Neirano Pitul Moscato d'Asti,515.57,28.490796594060946,False,560.146,64.9299097086893
Neirano Prosecco,547.78,20.87334331300888,False,560.146,64.9299097086893
Nero D'Avola Donnafugata Scl,191.88,35.08442776735459,False,560.146,64.9299097086893
Netzl Rosanna Rose,391.71999999999997,55.70305320126621,False,560.146,64.9299097086893
Neveu Sancerre Cd Embouffant,5412.15,17.68169766174256,False,560.146,64.9299097086893
New Amsterdam 100* Vodka,13340.73,3.4363936606167633,False,560.146,64.9299097086893
New Amsterdam Citron Vodka,1275.97,13.252035243119803,False,560.146,64.9299097086893
New Amsterdam Coconut Vodka,68083.72,21.183017708889295,False,560.146,64.9299097086893
New Amsterdam Gin,563484.4299999999,48.33579230590572,False,560.146,64.9299097086893
New Amsterdam Mango Vodka,69115.6,22.870763316565196,False,560.146,64.9299097086893
New Amsterdam Orange,503.58,16.02724492632749,False,560.146,64.9299097086893
New Amsterdam Orange Vodka,272.78999999999996,9.468822170900678,False,560.146,64.9299097086893
New Amsterdam Peach Vodka,91191.51,15.088689152410838,False,560.146,64.9299097086893
New Amsterdam Pineapple Vdka,70838.75,18.1535529635969,False,560.146,64.9299097086893
New Amsterdam Red Berry,75662.14,25.58545132347565,False,560.146,64.9299097086893
New Amsterdam Red Berry Vdka,63.96,81.20700437773608,True,560.146,64.9299097086893
New Amsterdam Vodka,756371.85,26.546753074411455,False,560.146,64.9299097086893
New Harbor Svgn Bl Marlboro,55559.91,37.20330000534558,False,560.146,64.9299097086893
Newman's Own Common Good Red,79.92,2.55255255255256,False,560.146,64.9299097086893
Newport Vyds Great White RI,36059.770000000004,41.14715651264555,False,560.146,64.9299097086893
Newton Chard Napa/Sonoma,43223.46,31.611398069474312,False,560.146,64.9299097086893
Newton Claret Napa,14427.16,20.193856587159217,False,560.146,64.9299097086893
Newton Merlot Napa Unfilterd,221.94,34.19843200865099,False,560.146,64.9299097086893
Newton Red Label Cab Svgn,14389.249999999998,18.119429435168605,False,560.146,64.9299097086893
Newton Unfiltered Chard,5179.6900000000005,37.190835744996335,False,560.146,64.9299097086893
Nexo Rioja,119.88,31.931931931931935,False,560.146,64.9299097086893
Neyers Conn Vly Cab Svgn,8645.37,87.89097516936812,False,560.146,64.9299097086893
Neyers Merlot Napa,8210.84,93.75532832207179,False,560.146,64.9299097086893
Neyers Vineyard Left Bank Rd,1829.3899999999999,9.405867529613692,False,560.146,64.9299097086893
Neyers Vyd Chard Carneros,28625.5,39.83797662922918,False,560.146,64.9299097086893
Nicholson Ranch Chard Son Ct,29436.03,90.02151445014833,False,560.146,64.9299097086893
Nicholson Ranch Est Chard,39588.590000000004,63.6049174774853,False,560.146,64.9299097086893
Nicholson Ranch Pnt Nr Sonom,5848.7,63.04238548737327,False,560.146,64.9299097086893
Nickel & Nickel Merlot Harri,1322.79,4.111763772027296,False,560.146,64.9299097086893
Nickel & Nickel Stiling Vyd,1268.73,25.91646764875112,False,560.146,64.9299097086893
Nickel Branding Irn Cab Svgn,2914.72,52.30416643794258,False,560.146,64.9299097086893
Nickel Rock Cairn Cab Svgn,3109.7,49.942438177316134,False,560.146,64.9299097086893
Nickel&Nickel Truchard Chard,1785.6200000000001,48.06845801458317,False,560.146,64.9299097086893
Nicolas Catena Zapata Mendza,7509.31,21.059857696645906,False,560.146,64.9299097086893
Nicolas Feuillatte Brut,36761.85,21.33124421105031,False,560.146,64.9299097086893
Nicolas Feuillatte Brut Rose,2351.4700000000003,41.29289338158684,False,560.146,64.9299097086893
Nicolas Potel Pnt Nr Bourgog,1616.98,37.22866083686874,False,560.146,64.9299097086893
Nicole Chanrion Cote de Brou,4941.65,92.26760610642205,False,560.146,64.9299097086893
Nicolis Amarone Valpo Clsc,5707.94,5.079590885678539,False,560.146,64.9299097086893
Nicolis Recioto Valpo Clsc,219.78000000000003,69.6969696969697,True,560.146,64.9299097086893
Nicolis Valpo Clsc,19646.14,39.3285398556663,False,560.146,64.9299097086893
Nicolis Valpo Seccal Ripasso,16976.63,41.6421280312995,False,560.146,64.9299097086893
Night Harvest Chard,3853.66,49.62918368512012,False,560.146,64.9299097086893
Nigl Gruner Veltliner Freiht,1439.28,22.812100494691787,False,560.146,64.9299097086893
Nikka Coffey Grain Whisky,46018.6,23.84401089994046,False,560.146,64.9299097086893
Nikka Whisky Taketsuru 12 Yr,18747.219999999998,88.27906217561858,False,560.146,64.9299097086893
Niner Twisted Spur 10 Red,96660.26999999999,30.455315301726337,False,560.146,64.9299097086893
Niner Wine Est Red Paso Robl,203.88,32.90170688640376,False,560.146,64.9299097086893
Ninety Cellars Lot 105 Chard,415.68,13.991531947652044,False,560.146,64.9299097086893
Ninety Cellars Lot 92 Merlot,142.87,35.03184713375796,False,560.146,64.9299097086893
Ninety Cellars Lot 96 Chard,779.4,18.337182448036945,False,560.146,64.9299097086893
Ninety+Cellars Lot 112 Svgn,359.64,31.03103103103102,False,560.146,64.9299097086893
Ninety+Cellars Lot 113 B Red,22827.8,41.15595896231788,False,560.146,64.9299097086893
Ninety+Cellars Lot 2 Svgn Bl,115066.86,39.234285179938,False,560.146,64.9299097086893
Ninety+Cellars Lot 23 Malbec,85790.81,34.550332372430105,False,560.146,64.9299097086893
Ninety+Cellars Lot 33 Rose,681.38,56.60571193753853,False,560.146,64.9299097086893
Ninety+Cellars Lot 35 Tempo,15057.86,40.559415481349944,False,560.146,64.9299097086893
Ninety+Cellars Lot 37 Shiraz,17389.05,45.55194217050385,False,560.146,64.9299097086893
Ninety+Cellars Lot 42 Pnt Gr,69633.05,35.97500037697617,False,560.146,64.9299097086893
Ninety+Cellars Lot 50 Prosco,39554.19,0.5688398624772748,False,560.146,64.9299097086893
Ninety+Cellars Lot 53 Cab Sv,56539.57,33.562140638848156,False,560.146,64.9299097086893
Ninety+Cellars Lot 66 Rsl Mo,13624.9,42.01197806956382,False,560.146,64.9299097086893
Ninety+Cellars Lot 71 Malbec,494.67,87.95560676814847,True,560.146,64.9299097086893
Ninety+Cellars Lot 78 Cab Sv,1343.04,34.238741958541816,False,560.146,64.9299097086893
Ninety+Cellars Lot 83 Pnt Nr,558.57,9.984424512594666,False,560.146,64.9299097086893
Ninety+Cellars Lot 90 Rosso,458.83,51.32837870235163,False,560.146,64.9299097086893
NinetyCellars Lot 122 Chard,681.38,8.779242126273159,False,560.146,64.9299097086893
Nino Franco Prosecco Rustic,26874.079999999998,44.23995165601948,False,560.146,64.9299097086893
Nisia 13 O V Verdejo Rueda,5609.76,31.6355779926414,False,560.146,64.9299097086893
No. 3 London Dry Gin,17325.31,31.128101026763737,False,560.146,64.9299097086893
Nobilo Chard,18168.329999999998,14.959107413834943,False,560.146,64.9299097086893
Nobilo Icon Svgn Bl Marlboro,41630.49,32.024436897091526,False,560.146,64.9299097086893
Nobilo Svgn Bl MarlborougH,157501.83000000002,39.20897934963677,False,560.146,64.9299097086893
Noble Vines 1 Red Blend,24762.95,47.76094932146614,False,560.146,64.9299097086893
Noble Vines 181 Merlot Lodi,37650.2,33.02516321294441,False,560.146,64.9299097086893
Noble Vines 242 Svgn Bl,23829.5,31.210977989466844,False,560.146,64.9299097086893
Noble Vines 337 Cab Svgn,142137.78,35.62539108180809,False,560.146,64.9299097086893
Noble Vines 446 Chard Monter,38485.28,30.060064523371015,False,560.146,64.9299097086893
Noble Vines 667 Pnt Nr Mntry,46126.46,37.242875347468676,False,560.146,64.9299097086893
Noilly Prat Extra Dry Vermou,43606.35,23.511919708941477,False,560.146,64.9299097086893
Noilly Prat Sweet Vermouth,31748.22,22.3248421486307,False,560.146,64.9299097086893
Nora Albarino Rias Baixas,9577.8,27.050053248136308,False,560.146,64.9299097086893
North by Northwest Rose,29590.760000000002,32.37402486451852,False,560.146,64.9299097086893
Northstar Cab Svgn,1499.49,31.74012497582512,False,560.146,64.9299097086893
Northstar Merlot Columbia,9481.8,33.073256132801774,False,560.146,64.9299097086893
Northstar Merlot Walla Walla,2557.31,16.30580570990612,False,560.146,64.9299097086893
Nortico Alvarinho,629.55,9.268525137002607,False,560.146,64.9299097086893
Norton Malbec Mendoza,5539.38,35.47653347486543,False,560.146,64.9299097086893
Norton RSV Malbec Mendoza,18933.03,32.5160843245904,False,560.146,64.9299097086893
Nostor Templari Priorat Red,1805.5700000000002,60.455700969776856,False,560.146,64.9299097086893
Nostor Tinto Priorat,7242.49,35.89690838371886,False,560.146,64.9299097086893
Notorious Pink Grenache Rose,1205.33,20.05259970298591,False,560.146,64.9299097086893
Notre Dame Cousignac CdR 13,54815.130000000005,29.309006473212783,False,560.146,64.9299097086893
Notre Dame Cousignac Vent 14,36201.21,28.197206667953918,False,560.146,64.9299097086893
Notre Dame Luberon Rose,7332.66,35.30055941500084,False,560.146,64.9299097086893
Nova 06 Marilyn Merlot Napa,1043.6399999999999,65.52259399793033,False,560.146,64.9299097086893
Novellum Chardonnay RSV VDP,4982.58,44.06472148967001,False,560.146,64.9299097086893
Novelty Hill Cab Svgn CV,19610.92,30.922108702702367,False,560.146,64.9299097086893
Novelty Hill Svgn Bl,49500.45,28.42893347434215,False,560.146,64.9299097086893
Nozzole Chianti Clsc RSV,59229.27,41.448949142881546,False,560.146,64.9299097086893
Nozzole La Forra Chianti Gra,480.87,68.38230706843846,True,560.146,64.9299097086893
Nozzole Le Bruniche Chardon,129.9,17.782909930715938,False,560.146,64.9299097086893
Nozzole Vineto Il Pareto,1322.79,41.25295776351499,False,560.146,64.9299097086893
Nuvo Lemon Sorbet Liqueur,124.94999999999999,84.84993997599038,True,560.146,64.9299097086893
NxNW Red Columbia Valley,8916.63,55.10456304680132,False,560.146,64.9299097086893
Nyers Vyds Sage Canyon Red,132.92999999999998,90.14518919732191,True,560.146,64.9299097086893
Nyers Vyds Vista Luna Znfdl,3100.5899999999997,75.11183355425904,False,560.146,64.9299097086893
O Leflaive Bourgne Setill 14,2988.7,16.141800782949105,False,560.146,64.9299097086893
O Wines Chard,11842.52,36.08927829549792,False,560.146,64.9299097086893
O'Shaugnessey Cab Svgn Howel,33566.27,62.533281177801406,False,560.146,64.9299097086893
OR-G Liqueur,280.87,23.779684551571897,False,560.146,64.9299097086893
Oak Leaf Cab Svgn Cal,179.4,31.438127090301005,False,560.146,64.9299097086893
Oak Leaf Chard Cal,107.64000000000001,32.77591973244148,False,560.146,64.9299097086893
Oak Leaf Merlot Cal,358.8,33.44481605351171,False,560.146,64.9299097086893
Oak Leaf Moscato,35.88,35.11705685618729,False,560.146,64.9299097086893
Oak Leaf Pnt Grigio Cal,71.76,67.55852842809364,True,560.146,64.9299097086893
Oak Leaf Svgn Bl Cal,215.28000000000003,33.444816053511715,False,560.146,64.9299097086893
Oak Ridge OZV Znfdl Lodi,971.28,16.543118359278473,False,560.146,64.9299097086893
Oakhurst Happy Camp Cab Svgn,2055.13,27.239639341550177,False,560.146,64.9299097086893
Oakhurst Happy Camper Chard,989.1,18.871701546860788,False,560.146,64.9299097086893
Oakhurst Happy Camper Merlot,659.4,56.96087352138307,False,560.146,64.9299097086893
Oban 14-Yr Single Malt,549291.81,27.71330779535927,False,560.146,64.9299097086893
Oban 18 Yr Single Malt,56854.46,15.162381280202114,False,560.146,64.9299097086893
Oban Distiller's Edition,103267.09,25.60937855419379,False,560.146,64.9299097086893
Oban Little Bay Single Malt,135382.58000000002,21.558896277497457,False,560.146,64.9299097086893
Oberon Cab Svgn Napa,93109.47,33.82799837653464,False,560.146,64.9299097086893
Oberon Chardonnay,5356.469999999999,21.459655332709783,False,560.146,64.9299097086893
Obsidian Ridge Cab Svgn,86.97,31.04518799586064,False,560.146,64.9299097086893
Occhio A Vento Vermentino,67.83000000000001,80.68701164676398,True,560.146,64.9299097086893
Ocean Organic Vodka,12686.82,11.30953225473365,False,560.146,64.9299097086893
Ocean Vodka,80679.08,19.74358160752453,False,560.146,64.9299097086893
Octave Vino Verde White,89.9,20.04449388209122,False,560.146,64.9299097086893
Oh Schist Rsl,38657.03,34.26176299627778,False,560.146,64.9299097086893
Oko Cab Svgn VdP L'Herault,143.88,32.443703085904914,False,560.146,64.9299097086893
Old Bushmills,134469.6,34.47893925819258,False,560.146,64.9299097086893
Old Bushmills Irish Whiskey,129456.65000000001,31.3717294553814,False,560.146,64.9299097086893
Old Crow,348058.25,29.43991676746728,False,560.146,64.9299097086893
Old Forester 100 Bourbon,41568.6,24.734655485149844,False,560.146,64.9299097086893
Old Forester Birthday 2016,269.96999999999997,20.002222469163232,False,560.146,64.9299097086893
Old Forester Bourbon,439.79999999999995,37.97180536607548,False,560.146,64.9299097086893
Old Forrester 1870 Craft,13378.45,62.717355149512834,False,560.146,64.9299097086893
Old Grand Dad,143693.33000000002,54.9421744926486,False,560.146,64.9299097086893
Old Grand Dad Bonded,18904.32,50.82457343083485,False,560.146,64.9299097086893
Old Mexico Blanco Tequila,1171.62,20.346187330363076,False,560.146,64.9299097086893
Old Mexico Gold Tequila,29570.67,19.173965283843753,False,560.146,64.9299097086893
Old New England Choc Egg Nog,8835.36,29.769924485250183,False,560.146,64.9299097086893
Old New England Cinn Egg Nog,8534.79,20.34074652100405,False,560.146,64.9299097086893
Old New England Egg Nog,45725.91,27.299579229506463,False,560.146,64.9299097086893
Old New England Pumpkin Nog,8996.130000000001,28.68266688009178,False,560.146,64.9299097086893
Old Overholt,73156.56999999999,28.201663910705477,False,560.146,64.9299097086893
Old Potrero 18th Century,20111.01,53.18683646420542,False,560.146,64.9299097086893
Old Pulteney Single Malt Sc,68916.1,19.96929599904812,False,560.146,64.9299097086893
Old Smuggler,579.42,10.03417210313762,False,560.146,64.9299097086893
Old Smuggler P E T,266925.97,27.45134540487012,False,560.146,64.9299097086893
Old St Andrews Tumbler Pack,10884.720000000001,6.834259402171128,False,560.146,64.9299097086893
Old St Nick's Egg Nog,5552.73,45.198127767782694,False,560.146,64.9299097086893
Old Tahoe Honey Rye,9230.58,17.381681324467156,False,560.146,64.9299097086893
Old Tahoe Straight Rye,10220.52,40.3963790492069,False,560.146,64.9299097086893
Old Thompson,74.94,25.940752602081663,False,560.146,64.9299097086893
Ole Smoky Apple Pie Moonshin,70921.61,18.698235981952475,False,560.146,64.9299097086893
Ole Smoky Apple Pie Moonshne,65401.38,27.309179102948583,False,560.146,64.9299097086893
Ole Smoky Apple Pie Pour Pak,10140.66,24.0732851707877,False,560.146,64.9299097086893
Ole Smoky Blue Flame,5779.629999999999,24.046348987737957,False,560.146,64.9299097086893
Ole Smoky Charred Tennesse,987.4799999999999,75.28253736784542,False,560.146,64.9299097086893
Ole Smoky Harley-Davidson,6347.33,22.70072613209019,False,560.146,64.9299097086893
Ole Smoky Hunch Punch Lightn,15318.029999999999,21.18000813420524,False,560.146,64.9299097086893
Ole Smoky Hunch Punch Moonsh,69930.59,15.373515367166208,False,560.146,64.9299097086893
Ole Smoky Margrita Moonshine,5012.049999999999,23.56421025328956,False,560.146,64.9299097086893
Ole Smoky Moonshine Cherries,109616.68,22.03347154830816,False,560.146,64.9299097086893
Ole Smoky Moonshine Peaches,15824.759999999998,17.53069240860524,False,560.146,64.9299097086893
Ole Smoky Peach Moonshine,2430.48,79.44438958559627,False,560.146,64.9299097086893
Ole Smoky Pumpkin Pie,6228.719999999999,23.804569799252487,False,560.146,64.9299097086893
Ole Smoky Shine Nog,6223.16,17.476812423270488,False,560.146,64.9299097086893
Ole Smoky Strawberry Lightin,143.91,82.50295323466055,True,560.146,64.9299097086893
Ole Smoky Wh Lightin'Moonshn,37706.52,21.431651608262968,False,560.146,64.9299097086893
Ole Smoky White Lightnin',70589.65,26.97164527660924,False,560.146,64.9299097086893
Oliver Chanzy Rly 1 Cru Mar,3324.05,24.2836299092974,False,560.146,64.9299097086893
Olivier & Lafont Ventoux Bl,5934.6,25.046001415428165,False,560.146,64.9299097086893
Olivier & Lafont Ventx Rouge,6692.91,23.332601215315897,False,560.146,64.9299097086893
Olivier Chablis Savary,350.72999999999996,84.97989906765888,True,560.146,64.9299097086893
Olivier Chanzy Les Morgeots,4133.610000000001,8.799088448111956,False,560.146,64.9299097086893
Olivier Leflaive Bourg Al 12,113.94,21.730735474811297,False,560.146,64.9299097086893
Olmeca Altos Plata Tequila,244281.21,34.974526793598415,False,560.146,64.9299097086893
Olmeca Altos Reposado,66525.84,34.94030075320871,False,560.146,64.9299097086893
Omaka Springs Svgn Bl,28091.26,25.72622231968235,False,560.146,64.9299097086893
Once Upon A Vine Pnt Nr,10438.5,38.673755807826794,False,560.146,64.9299097086893
Once Upon A Vine Red,515.5699999999999,53.798708225847115,False,560.146,64.9299097086893
One Roq RSV Vodka,1199.5,69.92080033347229,False,560.146,64.9299097086893
Oops Cheeky Little Svgn Bl,21138.739999999998,30.024968375598537,False,560.146,64.9299097086893
Oops Spicy Splendr Carmenere,16159.9,29.723079969554274,False,560.146,64.9299097086893
Oops Voluptuous Beauty Valle,13186.41,32.57255007238513,False,560.146,64.9299097086893
Ophir London Dry Gin,23020.43,48.65300083447616,False,560.146,64.9299097086893
Opici Fish Bottle Bianco,19611.28,42.712765306497076,False,560.146,64.9299097086893
Opici Homemade Barberone Bia,191.92,31.971654856190074,False,560.146,64.9299097086893
Opici Marsala Cal,937.3299999999999,18.003264591979335,False,560.146,64.9299097086893
Opici Sangria,55872.770000000004,35.98420124865834,False,560.146,64.9299097086893
Opici Toscano Twist Neck 12,4736.05,18.223836319295618,False,560.146,64.9299097086893
Opici White Sangria,21567.920000000002,32.985934665929776,False,560.146,64.9299097086893
Opus One 11,2529.8900000000003,93.81554138717493,False,560.146,64.9299097086893
Opus One 12,158963.61000000002,56.0893150325411,False,560.146,64.9299097086893
Orange Quattro di Amore,1593.9,26.753246753246756,False,560.146,64.9299097086893
Orestiadi Ludovico,1259.55,19.882497717438767,False,560.146,64.9299097086893
Original Wondermint Schnapps,1253.34,88.09899947340705,False,560.146,64.9299097086893
Orin Swift Abstract Red,13403.81,30.734694090710025,False,560.146,64.9299097086893
Orin Swift Fragile Rose VDP,5091.17,22.105134968975705,False,560.146,64.9299097086893
Orin Swift Machete Red,14762.79,32.71028037383178,False,560.146,64.9299097086893
Orin Swift Mannequin Chard,5595.07,32.42497412900999,False,560.146,64.9299097086893
Orin Swift Palmero Cab Svgn,10161.58,28.048984508314646,False,560.146,64.9299097086893
Orin Swift Papillon Red,17448.23,26.55530102480309,False,560.146,64.9299097086893
Orleans Hill Syrah Lodi,10394.58,39.13828168141473,False,560.146,64.9299097086893
Ornellaia Bolgheri 10,5599.72,69.45543705756717,False,560.146,64.9299097086893
Ornellaia Bolgheri 11,1599.92,31.036551827591392,False,560.146,64.9299097086893
Oro de Oaxaca Mezcal,311.88,26.47171989226626,False,560.146,64.9299097086893
Orogeny Pnt Nr Sonoma,1253.67,24.239233610120685,False,560.146,64.9299097086893
Our Daily Red,71259.82,35.84210569153837,False,560.146,64.9299097086893
Our Daily Red Cab Svgn,579.48,74.5185338579416,False,560.146,64.9299097086893
OuterSpace Vodka,58162.9,16.394815251646673,False,560.146,64.9299097086893
Oyster Bay Chard Marlboro,127787.98999999999,14.334735212597046,False,560.146,64.9299097086893
Oyster Bay Hawkes Bay Merlot,1519.05,18.34896810506567,False,560.146,64.9299097086893
Oyster Bay Pnt Nr Marlboro,52515.12,33.84762331305728,False,560.146,64.9299097086893
Oyster Bay Svgn Bl Marlboro,890334.41,32.540785433643975,False,560.146,64.9299097086893
Ozeki Dry Sake,4935.06,30.35343035343035,False,560.146,64.9299097086893
Ozeki Hana Awaka Sprkl Sake,6041.280000000001,30.347211187033217,False,560.146,64.9299097086893
Ozeki Junmai Reishu Sake,1449.8,18.372189267485165,False,560.146,64.9299097086893
Ozeki Nigori Unfiltered Sake,335.52,31.47353361945637,False,560.146,64.9299097086893
Ozeki Yamadanishiki Jun Sake,539.46,39.93993993993995,False,560.146,64.9299097086893
P & J Cold Soaked Berries,989.2900000000001,93.92695771715069,False,560.146,64.9299097086893
P & J Cold Soaked Peaches,10165.490000000002,69.2660981440259,False,560.146,64.9299097086893
P & J Cold Soaked Pineapples,10237.45,57.401032008289334,False,560.146,64.9299097086893
P Michael Apres Midi Svgn Bl,7048.59,63.589739224440635,False,560.146,64.9299097086893
P Michael L'Espirit Brdx,10798.8,42.3898951735378,False,560.146,64.9299097086893
P Michael Les Pavots Est Brd,8459.55,46.307782328847274,False,560.146,64.9299097086893
Pacific Rim Dry Rsl,773.45,32.464929859719454,False,560.146,64.9299097086893
Pacific Rim Organic Riesling,1117.1399999999999,15.699017133036136,False,560.146,64.9299097086893
Pacific Rim Rsl,34934.78,30.323877808876993,False,560.146,64.9299097086893
Pacific Rim Sweet Rsl,69856.22,34.70391040339715,False,560.146,64.9299097086893
Pacific Rim Vin de Glaci Rsl,3966.34,41.08321525638245,False,560.146,64.9299097086893
Pacific Rim Yakima Gewurz,10237.32,36.306572423251396,False,560.146,64.9299097086893
Pacifica Cab Svgn/Merlot 11,7321.93,86.50847522442852,False,560.146,64.9299097086893
Pacifico Sur Cab Svgn Rsv,269.73,11.244577911244592,False,560.146,64.9299097086893
Pacifico Sur Chard Curico,503.01000000000005,59.92127393093578,False,560.146,64.9299097086893
Pacifico Sur Pnt Nr Rsv,2387.58,28.483652903777045,False,560.146,64.9299097086893
Pacifico Sur Rsv Malbec,9.99,31.031031031031038,False,560.146,64.9299097086893
Pacifico Sur Svgn Bl,1550.1399999999999,32.070651683073784,False,560.146,64.9299097086893
Paddy's Irish Whiskey,69846.45999999999,17.233285695509824,False,560.146,64.9299097086893
Pahlmeyer Napa Red,3909.7700000000004,35.800827158630824,False,560.146,64.9299097086893
Palacios Bolo Godello Valdeo,1245.11,81.534161640337,False,560.146,64.9299097086893
Palagetto Brunello d Montlcn,12569.49,22.30901969769656,False,560.146,64.9299097086893
Palagetto Sottobosco Rosso,3557.7799999999997,17.56066985592139,False,560.146,64.9299097086893
Palagetto Vernaccia Gimigano,8012.49,34.24091636931839,False,560.146,64.9299097086893
Pali Huntington Pnt Nr,1779.11,53.678524655586216,False,560.146,64.9299097086893
Pali Pnt Nr Cargasacchi Vyd,1259.79,77.17714857238111,False,560.146,64.9299097086893
Pali Pnt Nr Rancho La Vina,1919.68,62.97351641940324,False,560.146,64.9299097086893
Pali Riviera Pnt Nr Sonoma,866.49,15.79822040646747,False,560.146,64.9299097086893
Pali Summit Station R Pnt Nr,569.81,55.50446640108107,False,560.146,64.9299097086893
Pali Tower 15 The Winery,38122.75,73.60987861578717,False,560.146,64.9299097086893
Pali Wine Co Chard Durell Vy,799.84,58.05411082216444,False,560.146,64.9299097086893
Pali Wine Co Pnt Nr Durell,1869.66,61.29777606623663,False,560.146,64.9299097086893
Pali Wine Co Pnt Nr Fiddlstx,419.93,70.84514085680946,True,560.146,64.9299097086893
Pallini Limoncello Liqueur,253399.66,23.248064220377668,False,560.146,64.9299097086893
Pallini Raspicello Liqueur,299.88,24.80992396958784,False,560.146,64.9299097086893
Palmaz Vyds Cab Svgn Napa,3599.64,61.875354202086875,False,560.146,64.9299097086893
Pama Pomegranate Liqueur,79845.73999999999,24.11502479656397,False,560.146,64.9299097086893
Pampero Ron Anejo Aniversari,46848.299999999996,28.57926541624775,False,560.146,64.9299097086893
Pancho Villa Rojo,888.06,22.933135148526,False,560.146,64.9299097086893
Papa Pilar Double Barrel Rum,10597.35,38.300046709790664,False,560.146,64.9299097086893
Papa's Pilar Dark Rum,31220.690000000002,17.113042664976348,False,560.146,64.9299097086893
Pappy Van Winkle 15 Yr Old,1799.82,37.98379837983798,False,560.146,64.9299097086893
Pappy Van Winkle Rsv 23 Yr,1619.94,26.515796881365972,False,560.146,64.9299097086893
Paraduxx Red Duckhorn Napa,39109.36,40.133001409381286,False,560.146,64.9299097086893
Parducci 13 True Grit Cab Sv,76133.58,32.451751250893494,False,560.146,64.9299097086893
Parducci 13 True Grit Chard,24927.809999999998,0.12118994809411308,False,560.146,64.9299097086893
Parducci Cab Svgn,7521.45,42.25395369243962,False,560.146,64.9299097086893
Parducci Petite Sirah,14619.44,36.174162621824095,False,560.146,64.9299097086893
Parducci Pnt Nr,14535.01,34.3418408380868,False,560.146,64.9299097086893
Parducci Sustainable Red,155.88,49.73056197074673,False,560.146,64.9299097086893
Parducci Sustainable White,89.88,34.57943925233645,False,560.146,64.9299097086893
Parducci True Grit 11 Cab Sv,21138.78,93.11052955752413,False,560.146,64.9299097086893
Pares Balta Brut Cava Pendes,2737.37,80.88968608554927,False,560.146,64.9299097086893
Parkers Heritage 24Yr Bourbn,6499.74,20.63682547301891,False,560.146,64.9299097086893
Parrot Bay 90 Coconut Capt,167640.63,32.38594963524058,False,560.146,64.9299097086893
Partida Tequila Blanco,1011.77,80.23463830712514,False,560.146,64.9299097086893
Pascal Jolivet Sancerre Rose,3998.0,40.390195097548784,False,560.146,64.9299097086893
Pascual Toso Cab Svgn Argn,293.71999999999997,95.07694402832631,True,560.146,64.9299097086893
Paso Creek Cab Svgn,19984.26,31.91391625209039,False,560.146,64.9299097086893
Paso a Paso Tempranillo,12611.96,39.311177644077524,False,560.146,64.9299097086893
Passadouro 12 Tinto Douro,4770.65,30.867911081299187,False,560.146,64.9299097086893
Pastene Marsala,764.15,13.064188968134518,False,560.146,64.9299097086893
Patricius Sarga Muskotaly,2317.22,16.037320582422037,False,560.146,64.9299097086893
Patricius Tokaj Furmint,2496.64,70.39220712637785,False,560.146,64.9299097086893
Patricius Tokaj Harslevelu,2344.48,41.527332286903714,False,560.146,64.9299097086893
Patron Anejo Tequila,353800.9,19.93037463029899,False,560.146,64.9299097086893
Patron Burdeos Anejo Tequila,13499.73,36.342134250092414,False,560.146,64.9299097086893
Patron Citronge Lime Liqueur,54521.39,23.997315548998287,False,560.146,64.9299097086893
Patron Citronge Orange,62627.58,26.75916904341506,False,560.146,64.9299097086893
Patron Citronge Orange Liqu,210796.12999999998,28.036178842562226,False,560.146,64.9299097086893
Patron Reposado Tequila,203011.7,16.91118393728421,False,560.146,64.9299097086893
Patron Roca Anejo Tequila,35880.89,22.26703406743813,False,560.146,64.9299097086893
Patron Roca Silver Tequila,60981.06,22.239495344948086,False,560.146,64.9299097086893
Patron Silver Tequila,2841673.06,20.17116331660426,False,560.146,64.9299097086893
Patron XO Cafe Dark Cocoa,50823.579999999994,21.82097365041974,False,560.146,64.9299097086893
Patron XO Cafe Incendio,4449.88,86.1474916177515,False,560.146,64.9299097086893
Patron XO Cafe Liqueur,184025.3,24.972475548257677,False,560.146,64.9299097086893
Patron XO Cafe Variety 3 Pak,8982.15,95.9359396135669,False,560.146,64.9299097086893
Patz & Hall Pnt Nr Sonoma Cs,6038.490000000001,28.882882972398743,False,560.146,64.9299097086893
Patz & Hall Sonoma Cst Chard,6499.030000000001,35.49560472870568,False,560.146,64.9299097086893
Paul Buisse Svgn Bl Touraine,1007.16,15.276619405059774,False,560.146,64.9299097086893
Paul D Gruner Veltliner,173.88,35.4727398205659,False,560.146,64.9299097086893
Paul Dolan 12 Cab Svgn,39273.799999999996,63.67654772392791,False,560.146,64.9299097086893
Paul Dolan Deep Red 09 Mendo,69221.36,45.39673881010139,False,560.146,64.9299097086893
Paul Dolan Svgn Bl 14 Potter,35054.91,26.66476679015864,False,560.146,64.9299097086893
Paul Hobbs Beckstoffer Cab S,3509.87,69.0244937846701,False,560.146,64.9299097086893
Paul Hobbs Chard RRV,7618.49,66.34057405076334,False,560.146,64.9299097086893
Paul Hobbs Cross Cab Svgn,14597.080000000002,11.568067038065161,False,560.146,64.9299097086893
Paul Hobbs Crossbarn Chard,5527.889999999999,72.7253979366449,False,560.146,64.9299097086893
Paul Hobbs Crossbarn Rose PN,1120.4099999999999,72.88135593220339,False,560.146,64.9299097086893
Paul Hobbs Nathan Coombs Cab,2969.91,42.27973238246277,False,560.146,64.9299097086893
Paul Masson Carafe Wh Znfdl,1467.24,47.10067882555001,False,560.146,64.9299097086893
Paul Masson Chablis,13125.27,39.35020676723934,False,560.146,64.9299097086893
Paul Masson Chablis Carafe,5159.6,41.333242887045515,False,560.146,64.9299097086893
Paul Masson Gr Amber Brandy,44388.52,21.637306222419664,False,560.146,64.9299097086893
Paul Masson Peach Brandy,1611.83,56.0792482854871,False,560.146,64.9299097086893
Paul Masson Red Berry Brandy,15166.3,44.80943550497462,False,560.146,64.9299097086893
Paul Masson Rose,43175.08,36.49301781844714,False,560.146,64.9299097086893
Paul Masson Rose Carafe,3350.23,38.90210522859625,False,560.146,64.9299097086893
Paul Masson Ruby Burgundy,8454.25,39.39284975012568,False,560.146,64.9299097086893
Paul Masson Ruby Burgundy Ca,668.76,41.37807285124708,False,560.146,64.9299097086893
Paul Masson Wh Znfdl,12164.56,41.35842151298526,False,560.146,64.9299097086893
Pavao Vinho Verde Adegas Wh,31549.97,39.455283158747854,False,560.146,64.9299097086893
Pavilion St Pierre Cdu Rhone,9021.97,95.78196336276889,False,560.146,64.9299097086893
Pavillon du Ch Margaux 12 Ma,3695.78,53.61736899923697,False,560.146,64.9299097086893
Paydirt Red Paso Robles,831.63,46.62530211752823,False,560.146,64.9299097086893
Paydirt Svgn Blanc,1007.28,36.77031212771027,False,560.146,64.9299097086893
Pazo de Galegos Albarino,230.89,93.89752696089046,True,560.146,64.9299097086893
Peachy Canyon Westside Znfdl,14391.999999999998,35.20990828237909,False,560.146,64.9299097086893
Pearl Cucumber Vodka,24807.03,65.1407238690459,False,560.146,64.9299097086893
Pearl Vodka,16417.170000000002,59.55161577787159,False,560.146,64.9299097086893
Pearl Vodka PET,11463.66,67.78166833280122,False,560.146,64.9299097086893
Peligroso Cinnamon Tequila,2174.64,87.20891733804216,False,560.146,64.9299097086893
Peligroso Reposado Tequila,4340.07,69.91131479446184,False,560.146,64.9299097086893
Pellegrino Marsala Sweet,659.45,13.145803320949284,False,560.146,64.9299097086893
Penalolen Cab Svgn Maipo,221.88,31.043807463493778,False,560.146,64.9299097086893
Pendleton 1910,22342.32,5.82670018153889,False,560.146,64.9299097086893
Pendleton Canadian Whisky,593.73,27.11333434389369,False,560.146,64.9299097086893
Pendleton Limited Edition,2748.75,91.64201909959073,False,560.146,64.9299097086893
Penfld Bin 407 Cab Svgn Ausl,629.91,92.38938896032768,False,560.146,64.9299097086893
Penfolds 08 Grange,3749.95,48.05157402098694,False,560.146,64.9299097086893
Penfolds B28 Shiraz/Kalimna,890.73,97.78496289560248,False,560.146,64.9299097086893
Penfolds Bin 169 Cab Svgn,1399.96,50.65716163318952,False,560.146,64.9299097086893
Penfolds Bin 389 Cab/Shiraz,27000.79,50.559668809690386,False,560.146,64.9299097086893
Penfolds Bin 8 Cab Svgn/Shir,22997.96,36.79108929661587,False,560.146,64.9299097086893
Penfolds Bin 9 Cab Svgn,17287.42,40.07110372745036,False,560.146,64.9299097086893
Penfolds Grange 2005,7751.83,57.43082601140633,False,560.146,64.9299097086893
Penfolds Koonunga Cab/Merlot,155.88,35.488837567359504,False,560.146,64.9299097086893
Penfolds Koonunga Hil Shiraz,26953.91,54.19261992044938,False,560.146,64.9299097086893
Penfolds Koonunga Hill Chard,9925.18,44.67274145154042,False,560.146,64.9299097086893
Penfolds Koonunga Hills Shir,48732.740000000005,49.164155350181424,False,560.146,64.9299097086893
Penfolds Rawsons Shiraz/Cab,3793.7799999999997,30.95646031135174,False,560.146,64.9299097086893
Penfolds T Hyland Shiraz,12169.85,65.20335090407853,False,560.146,64.9299097086893
Penfolds Tawny Port Club,383.76,31.01938711694808,False,560.146,64.9299097086893
Penley Est Phoenix Cab Svgn,7869.9,21.198490450958722,False,560.146,64.9299097086893
Penn Dutch Egg Nog,8604.69,26.5250694679297,False,560.146,64.9299097086893
Penn Dutch Pumpkin Cr Liquer,14881.710000000001,51.67652104496055,False,560.146,64.9299097086893
Penner-Ash Viognier,251.91,14.3027271644635,False,560.146,64.9299097086893
Penner-Ash Willamette Pnt Nr,14394.130000000001,38.725021936025314,False,560.146,64.9299097086893
Penny Wise Svgn Bl,1309.52,71.41471684281264,False,560.146,64.9299097086893
Pennywise Cab Svgn,540.53,11.30927053077535,False,560.146,64.9299097086893
Pennywise Pnt Nr,5388.38,46.40875365137573,False,560.146,64.9299097086893
Pepe Lopez Premium Gold,99.9,10.3903903903904,False,560.146,64.9299097086893
Pepe Lopez Premium Tequila,1318.8,21.428571428571423,False,560.146,64.9299097086893
Pepe Lopez White,8701.289999999999,27.111497260750987,False,560.146,64.9299097086893
Pepperjack Barossa Red,191.92,0.02084201750729056,False,560.146,64.9299097086893
Pepperwood Grove Cab Svgn,11075.07,37.687075567016734,False,560.146,64.9299097086893
Pepperwood Grove Chard,8214.98,43.95482399226779,False,560.146,64.9299097086893
Pepperwood Grove Merlot Cal,7290.25,48.58667398237372,False,560.146,64.9299097086893
Pepperwood Grove Pnt Grigio,559.25,33.69691551184623,False,560.146,64.9299097086893
Pepperwood Grove Pnt Nr,9378.43,47.48598646042036,False,560.146,64.9299097086893
Perc Coffee Liqueur,6276.2699999999995,50.688705234159784,False,560.146,64.9299097086893
Pere Anselme CDR Rose,10755.029999999999,27.206618670519738,False,560.146,64.9299097086893
Peregrine Pnt Nr,485.82,77.01617883166605,True,560.146,64.9299097086893
Perez Cruz Cab Svgn Rsva,5996.25,24.699603919116118,False,560.146,64.9299097086893
Perez Cruz Carmenere Ltd Ed,2398.7999999999997,86.57328664332167,False,560.146,64.9299097086893
Pernod Anise Liqueur,40090.47,25.87141033766878,False,560.146,64.9299097086893
Perrier Jouet BE Luxury Case,8801.22,65.77781262143202,False,560.146,64.9299097086893
Perrier Jouet Belle Epoque,33581.259999999995,29.838010842952283,False,560.146,64.9299097086893
Perrier Jouet Blason Rose,42752.08,26.07723413691217,False,560.146,64.9299097086893
Perrier Jouet Fleur Rose,7425.530000000001,69.60378585770982,False,560.146,64.9299097086893
Perrier Jouet Gr Brut,12514.01,31.524747063491237,False,560.146,64.9299097086893
Perrier Jouet Grand Brut,261139.72,24.649729555883276,False,560.146,64.9299097086893
Perrin Chtnf du Pape,24406.6,19.812263895831457,False,560.146,64.9299097086893
Perrin Cotes du Rhone RSV Rg,64958.47,33.32847894970432,False,560.146,64.9299097086893
Perrin Gigondas,16026.65,25.92687804375837,False,560.146,64.9299097086893
Pertinace Barbera D'Alba,764.49,45.67227825086005,False,560.146,64.9299097086893
Peter Lehmann Layers Red,29027.67,32.41551939924906,False,560.146,64.9299097086893
Peter Lehmann Layers White,19623.44,33.79224030037547,False,560.146,64.9299097086893
Peter Lehmann Shiraz,88448.17,35.125135997726126,False,560.146,64.9299097086893
Peter Michael Belle Cote Cha,7115.16,36.37866189938105,False,560.146,64.9299097086893
Peter Michael Danseuse Pnt N,2771.73,92.6139991990562,False,560.146,64.9299097086893
Peter Paul Bacigalupi Chard,5891.31,32.06892864235628,False,560.146,64.9299097086893
Peter Paul Live Free or Die,37666.81,20.360869423240242,False,560.146,64.9299097086893
Peter Vella Burgundy B/B,1828.78,30.301621846258154,False,560.146,64.9299097086893
Peter Vella Cab Svgn Cal B/B,5300.879999999999,38.69036839166326,False,560.146,64.9299097086893
Peter Vella Chablis B/B,41432.36,30.47164100717411,False,560.146,64.9299097086893
Peter Vella Chard Cal B/B,189144.58,30.925041574017083,False,560.146,64.9299097086893
Peter Vella Delicious Blush,24328.77,35.266764411024475,False,560.146,64.9299097086893
Peter Vella Delicious Red B/,18362.75,37.12270765544376,False,560.146,64.9299097086893
Peter Vella Merlot Calif B/B,47792.869999999995,38.69294729527646,False,560.146,64.9299097086893
Peter Vella Moscato Sangria,119.92,33.755837224816545,False,560.146,64.9299097086893
Peter Vella Sangria B/B,55133.22,38.13080389645299,False,560.146,64.9299097086893
Peter Vella Wh Znfdl Cal,75144.87,32.69085434574575,False,560.146,64.9299097086893
Petit Caillou St Julien,6638.71,72.21809658804196,False,560.146,64.9299097086893
Petite Petit Phillips Lodi,84721.75,35.212917580196354,False,560.146,64.9299097086893
Petrone Limoncello,68301.81999999999,25.43214807453154,False,560.146,64.9299097086893
Peychaud's Bitters,16651.63,21.823869495058446,False,560.146,64.9299097086893
Pezzi King Svgn Bl Dry Creek,2221.29,99.60473418599102,False,560.146,64.9299097086893
Phantom Bay Svgn Bl,431.52,18.242491657397103,False,560.146,64.9299097086893
Philippe Herard Bl de Blanc,303.62,71.17449443383177,True,560.146,64.9299097086893
Phillipine de St-Cyrille CdP,70569.12,29.31511686698091,False,560.146,64.9299097086893
Phillips Earthquake Cab Svgn,220169.44999999998,36.68066119073286,False,560.146,64.9299097086893
Phillips Earthquake Ld Znfdl,152217.69999999998,31.54593716762242,False,560.146,64.9299097086893
Phillips Incognito Lodi Rd,8957.4,27.89872061089155,False,560.146,64.9299097086893
Phillips Lust Znfdl Lodi,9526.32,79.21925780364295,False,560.146,64.9299097086893
Phillips Rapture Cab Svgn,5209.08,81.20282276332865,False,560.146,64.9299097086893
Phillips Seven Deadly Znfdl,362244.08999999997,33.5665490084324,False,560.146,64.9299097086893
Phillips Sixth Sense Syrah,12999.869999999999,28.025741795879494,False,560.146,64.9299097086893
Phillips Union Cherry Whisky,137.94,21.879077859939102,False,560.146,64.9299097086893
Piazzo Barbaresco,9453.63,21.08682061811177,False,560.146,64.9299097086893
Piccini Chianti,18915.04,39.46427243260387,False,560.146,64.9299097086893
Piccini Memoro,2784.01,61.57916099439299,False,560.146,64.9299097086893
Pichot Dom Moriette Vouvray,32850.41,31.030023673981553,False,560.146,64.9299097086893
Picket Fence Chard RRV,10204.69,37.83583822732489,False,560.146,64.9299097086893
Picket Fence Pnt Nr RRV,12968.939999999999,34.07849831983184,False,560.146,64.9299097086893
Pico & Vine Cab Svgn Napa,1636.44,92.14636650289654,False,560.146,64.9299097086893
Picpoul d Pinet HB Languedoc,32179.7,30.300096023269337,False,560.146,64.9299097086893
Piehole Apple Pie,22134.859999999997,70.29716509981854,False,560.146,64.9299097086893
Piehole Pecan Pie,2115.18,58.6685759696077,False,560.146,64.9299097086893
Piero Broglia Gavi di Gavi,119.94,12.823078205769548,False,560.146,64.9299097086893
Pieropan Soave Clsc,10199.849999999999,47.147163928881305,False,560.146,64.9299097086893
Pierre Andre Chablis,4604.38,78.17426016097716,False,560.146,64.9299097086893
Pierre Angulaire Brdx Blanc,1007.28,31.02215868477484,False,560.146,64.9299097086893
Pierre Dupond Renjardire CdR,1907.4299999999998,80.69234519746466,False,560.146,64.9299097086893
Pietro Rinaldi Argante Nebbi,623.76,35.05194305502116,False,560.146,64.9299097086893
Pietro Rinaldi Monpiano Barb,719.64,32.416208104052025,False,560.146,64.9299097086893
Pietro Rinaldi di Como Dolce,407.76,34.19658622719247,False,560.146,64.9299097086893
Pigmentum Rose Malbec Vigour,8321.06,25.58339923038651,False,560.146,64.9299097086893
Pigs Nose Scotch,31523.519999999997,26.292717310757162,False,560.146,64.9299097086893
Pike Creek Canadian Whisky,31877.05,33.95257716758608,False,560.146,64.9299097086893
Piledriver Red Blend 13,47212.89,30.890737677782486,False,560.146,64.9299097086893
Pimms Blackberry & Elderflwr,6452.85,71.91241079523002,False,560.146,64.9299097086893
Pimms Cup No 1,72967.73999999999,25.19302365675569,False,560.146,64.9299097086893
Pinch 15-Yr by Haig & Haig,67732.56,21.576978634795427,False,560.146,64.9299097086893
Pine Ridge Chn Bl/Viognier,42931.34,31.397901859108053,False,560.146,64.9299097086893
Pine Ridge Forefront Cab Svg,8559.689999999999,53.234754996968334,False,560.146,64.9299097086893
Pine Ridge Napa Vlly Cab Svg,13239.68,33.86879441194953,False,560.146,64.9299097086893
Pinecroft Cab Svgn Cal,197.39999999999998,32.52279635258358,False,560.146,64.9299097086893
Pinecroft Chard Cal,236.88,20.212765957446805,False,560.146,64.9299097086893
Pinecroft Pnt Grigio,125.02,12.989921612541991,False,560.146,64.9299097086893
Pink Flamingo Rose,16101.92,37.924173017876136,False,560.146,64.9299097086893
Pink Pegau Rose,9595.2,42.293438385859595,False,560.146,64.9299097086893
Pink Pigeon Rum,1707.3899999999999,76.753407247319,False,560.146,64.9299097086893
Pinnacle Atomic Hots,12.99,24.788298691301005,False,560.146,64.9299097086893
Pinnacle Blueberry Vodka,140910.58000000002,37.07088187730205,False,560.146,64.9299097086893
Pinnacle Cake Vodka,85.41,82.64840182648403,True,560.146,64.9299097086893
Pinnacle Caramel Apple Vodka,61867.619999999995,32.87474126206891,False,560.146,64.9299097086893
Pinnacle Cinnabon Vodka,155.88,40.415704387990765,False,560.146,64.9299097086893
Pinnacle Citrus Vodka,233895.03999999998,20.06958334815479,False,560.146,64.9299097086893
Pinnacle Coconut,125.94,24.2496426869938,False,560.146,64.9299097086893
Pinnacle Coconut Vodka,77.94,42.956120092378754,False,560.146,64.9299097086893
Pinnacle CranApple Vodka,19878.63,40.8902927415018,False,560.146,64.9299097086893
Pinnacle Double Espresso,2286.2400000000002,39.74385891245015,False,560.146,64.9299097086893
Pinnacle Gin,27434.02,8.922935829309747,False,560.146,64.9299097086893
Pinnacle Grape Vodka,112487.12,36.163296235434885,False,560.146,64.9299097086893
Pinnacle Habanero Vodka,1888.1100000000001,74.78113033668589,False,560.146,64.9299097086893
Pinnacle Key Lime Whipped,389.7,71.42417244033872,True,560.146,64.9299097086893
Pinnacle Mimosa Vodka,1638.36,88.87607119314437,False,560.146,64.9299097086893
Pinnacle Orange Whipped,104.39000000000001,79.79691541335376,True,560.146,64.9299097086893
Pinnacle Peach Vodka,1927.5,85.25914396887158,False,560.146,64.9299097086893
Pinnacle Pecan Pie,9123.39,77.11113960928996,False,560.146,64.9299097086893
Pinnacle Pineapple Vodka,65138.87,31.633385718849595,False,560.146,64.9299097086893
Pinnacle Pomegranate Vodka,58063.66,27.420713747634924,False,560.146,64.9299097086893
Pinnacle Pumpkin Pie,233.82,55.692412967239754,False,560.146,64.9299097086893
Pinnacle Rainbow Sherbet,2936.41,93.86393589451065,False,560.146,64.9299097086893
Pinnacle Raspberry Vodka,139522.72999999998,25.376059247492833,False,560.146,64.9299097086893
Pinnacle Red Liquorice,826.47,76.73599767686667,False,560.146,64.9299097086893
Pinnacle Salted Caramel,96774.28,30.168222383054673,False,560.146,64.9299097086893
Pinnacle Strawbery Shortcake,3289.04,84.82444725512612,False,560.146,64.9299097086893
Pinnacle Strawbry Kiwi Vodka,93629.36,23.063257080898566,False,560.146,64.9299097086893
Pinnacle Tropical Punch,185931.41999999998,22.898442877486747,False,560.146,64.9299097086893
Pinnacle Tropical Punch Vdka,52446.64,28.7933411940212,False,560.146,64.9299097086893
Pinnacle Vanilla,2974.71,29.98914179869635,False,560.146,64.9299097086893
Pinnacle Vodka,2010777.4999999998,26.464514276532366,False,560.146,64.9299097086893
Pinnacle Vodka 100 Proof,45590.409999999996,39.58080219063614,False,560.146,64.9299097086893
Pinnacle Vodka Cane 4/50mls,48075.509999999995,29.882719912903678,False,560.146,64.9299097086893
Pinnacle Vodka Gift Pak,857.2400000000001,96.99384069805423,False,560.146,64.9299097086893
Pinnacle Whipped Vodka,463465.80999999994,20.17490942803564,False,560.146,64.9299097086893
Pinot Evil VDP Beaute Pnt Nr,119.88,59.45945945945946,False,560.146,64.9299097086893
Pinotage Southern Right,614.59,32.34351356188679,False,560.146,64.9299097086893
Pio II Chianti 07,83.88,32.90414878397711,False,560.146,64.9299097086893
Piper Heidsieck Brut,48416.270000000004,68.76773035180116,False,560.146,64.9299097086893
Piper Sonoma Bl de Bl Sonoma,13274.72,32.65937059312738,False,560.146,64.9299097086893
Piper Sonoma Brut,72035.83,36.569620978893425,False,560.146,64.9299097086893
Pirassununga Cachaca 51 Rum,5788.38,17.152985809501107,False,560.146,64.9299097086893
Pitu Brazilian Rum Cachaca,3642.21,89.95554896614966,False,560.146,64.9299097086893
Pizzolato Fields Prosecco,167.88,31.52251608291637,False,560.146,64.9299097086893
Pizzolato Moscato,1049.25,1.3924231593995833,False,560.146,64.9299097086893
Pizzolato Pnt Grigio,30133.890000000003,67.16945605097783,False,560.146,64.9299097086893
Placido Chianti,21919.22,35.646752028584956,False,560.146,64.9299097086893
Placido Pinot Grigio Venezi,45452.579999999994,37.83435536858973,False,560.146,64.9299097086893
Placido Sangiovese Primever,10294.31,41.80804735820078,False,560.146,64.9299097086893
Planeta La Segreta Bianco,2076.69,13.358276873293562,False,560.146,64.9299097086893
Plantation Original Dark Rum,19081.81,39.77783030016544,False,560.146,64.9299097086893
Plantaze Krstac Montenegro W,4504.08,18.892870464112534,False,560.146,64.9299097086893
Plantaze Vranac Montenegro,2483.7400000000002,18.07113465982752,False,560.146,64.9299097086893
Plantaze Vranac ProCorde Red,5733.25,20.91658308987049,False,560.146,64.9299097086893
Platinum 7X Distilled Vodka,1076868.67,34.509200145870885,False,560.146,64.9299097086893
Platte Valley Fireshine,9832.57,56.334712084429604,False,560.146,64.9299097086893
Platte Valley KY Moonshine,56848.53999999999,21.827174453380852,False,560.146,64.9299097086893
Plomari Ouzo,47849.829999999994,29.747085830816943,False,560.146,64.9299097086893
Plungerhead Lodi Cab Svgn,23864.36,24.54111486752631,False,560.146,64.9299097086893
Plungerhead Znfdl Lodi,70100.23,32.116399618089694,False,560.146,64.9299097086893
Plymouth Gin,124822.57999999999,25.652105572565475,False,560.146,64.9299097086893
Plymouth Navy Strength Gin,221.94,27.00729927007299,False,560.146,64.9299097086893
Poema Brut Cava Penedes,371.69,17.18905539562538,False,560.146,64.9299097086893
Pofyros-Spiropooulos,149.94,31.052420968387356,False,560.146,64.9299097086893
Poggio Altero Antico Brunllo,1025.82,89.17646370708312,False,560.146,64.9299097086893
Poggio Amorelli Chianti Clsc,455.76,67.11427066877303,True,560.146,64.9299097086893
Poggio Antico 11 Brunello Mn,7471.710000000001,4.195826658154571,False,560.146,64.9299097086893
Pol Roger 02 Sir W Churchill,10386.53,83.97000730754158,False,560.146,64.9299097086893
Pol Roger Brut,96260.04000000001,44.00351381528618,False,560.146,64.9299097086893
Pol Roger Brut 2004,12148.439999999999,40.399755030275486,False,560.146,64.9299097086893
Pol Roger Brut Vintage,12158.480000000001,87.99726610563162,False,560.146,64.9299097086893
Pol Roger Rose 02 Brut,935.88,8.59511903235457,False,560.146,64.9299097086893
Poland Spring Gin,33855.48,25.837737347100088,False,560.146,64.9299097086893
Poland Spring Vodka,18192.18,21.058388824209082,False,560.146,64.9299097086893
Poli Sarpa Grappa,16252.05,61.08792429262769,False,560.146,64.9299097086893
Polka Dot Rsl Pfalz,31280.25,39.605214152700185,False,560.146,64.9299097086893
Pomelo Rose,4939.88,31.459873519194797,False,560.146,64.9299097086893
Pomino Benefizio Bianco,2851.38,34.20308762774516,False,560.146,64.9299097086893
Pomino Chard,5005.11,46.39078861403645,False,560.146,64.9299097086893
Pommerey Brut Rose Champagne,1559.74,79.75560029235642,False,560.146,64.9299097086893
Pommery Brut Royale,96632.93,35.84505820117428,False,560.146,64.9299097086893
Pommery Cuvee Louise 2002,2624.79,93.85550844067525,False,560.146,64.9299097086893
Pommery Falltime Extra Dry C,15952.09,73.21780406203827,False,560.146,64.9299097086893
Ponte Vinho Verde,719.28,20.58725392058726,False,560.146,64.9299097086893
Ponzi Pinot Noir Rose,13693.15,24.119724095624456,False,560.146,64.9299097086893
Ponzi Pnt Gris Willamette,15441.130000000001,55.25716058345471,False,560.146,64.9299097086893
Ponzi Tavola Pnt Nr,26047.329999999998,28.59628990764121,False,560.146,64.9299097086893
Ponzi Willamette Pnt Nr,29985.9,29.360132595653294,False,560.146,64.9299097086893
Poochi Poochi Sparkling Sake,1993.67,25.329166812963027,False,560.146,64.9299097086893
PopCrush Sparkling Wine,107.88,31.92436040044494,False,560.146,64.9299097086893
Popov Vodka,204709.41,28.356434616268988,False,560.146,64.9299097086893
Port Charlotte Scotch Barley,35374.15,26.25668743983955,False,560.146,64.9299097086893
Porta 6 Red,11927.970000000001,22.911694110565346,False,560.146,64.9299097086893
Porta Vita Bianco,827.31,49.402279677509036,False,560.146,64.9299097086893
Porta Vita Blush Rosato,2841.63,40.42503774242248,False,560.146,64.9299097086893
Porta Vita Rosso,11474.43,34.48537312964565,False,560.146,64.9299097086893
Portal 40 Yr Old Tawny Port,189.99,34.21232696457709,False,560.146,64.9299097086893
Portillo Malbec,107.88,31.03448275862068,False,560.146,64.9299097086893
Portillo Pnt Nr,1950.83,41.02612734067038,False,560.146,64.9299097086893
Poseidons Vyd Molnar Pnt Nr,2778.6099999999997,28.55960354277858,False,560.146,64.9299097086893
Pot de Vin Rouge Organic,179.88,31.95463642428285,False,560.146,64.9299097086893
Pouilly Fume Minet Vls Vgns,9335.33,44.64095002533386,False,560.146,64.9299097086893
Powers Signature Release,32031.99,15.111424547772403,False,560.146,64.9299097086893
Prairie Organic Cucumber Vod,74104.83,39.323563659750654,False,560.146,64.9299097086893
Prairie Organic Gin,5971.139999999999,55.74513409499693,False,560.146,64.9299097086893
Prairie Organic Kosher Vodka,7500.17,66.7386205912666,False,560.146,64.9299097086893
Pratsch Organic Rose,12396.78,33.77877158423398,False,560.146,64.9299097086893
Pravda Polish Vodka,63161.2,25.500623800687755,False,560.146,64.9299097086893
Pravis Pnt Grigio Vignetti,2939.73,85.52520129399639,False,560.146,64.9299097086893
Predator Old Vine Znfdl Lodi,44781.25,31.930618283321703,False,560.146,64.9299097086893
Prendo Pnt Grigio,1113.02,20.84508813857792,False,560.146,64.9299097086893
Presidente Solera Brandy,7604.95,30.58770932090284,False,560.146,64.9299097086893
Presidential 20-Yr Tawny Dec,8658.6,30.255353059386046,False,560.146,64.9299097086893
Presswork Grenache Mclaren V,158.22,31.968145620022753,False,560.146,64.9299097086893
Prichard's Single Malt,34.99,23.663903972563592,False,560.146,64.9299097086893
Primal Roots Red Cal,21219.079999999998,33.32161432069627,False,560.146,64.9299097086893
Primaterra Pnt Grigio,29533.58,23.849868522542828,False,560.146,64.9299097086893
Primaterra Pnt Nr,11349.74,23.63675291240151,False,560.146,64.9299097086893
Primaterra Primitivo,11970.1,20.36006382569904,False,560.146,64.9299097086893
Primaterra Prosecco,25889.530000000002,28.718443324386357,False,560.146,64.9299097086893
Primo Amore Moscato,70048.41,19.42035515153021,False,560.146,64.9299097086893
Primo Amore Rsl,137.88,33.33333333333333,False,560.146,64.9299097086893
Principato Pnt Gr Sicilia,62396.07,34.18277785764392,False,560.146,64.9299097086893
Principato Pnt Nr Pavia,8747.61,32.71304962155377,False,560.146,64.9299097086893
Prinz Salm Der Weib,1091.42,61.88268494255191,False,560.146,64.9299097086893
Prinz Salm Two Princes Nahe,16338.369999999999,38.5201828578983,False,560.146,64.9299097086893
Pro.mis.Q.ous Red CA,461.58,39.65509770787297,False,560.146,64.9299097086893
Pro.mis.Q.ous White CA,191.89000000000001,73.4848090051592,True,560.146,64.9299097086893
Produttori del Barbaresco P,47726.86,32.593931383711386,False,560.146,64.9299097086893
Proemio Chard,325.62,78.07259996314723,True,560.146,64.9299097086893
Proemio Malbec,95.88,34.66833541927409,False,560.146,64.9299097086893
Promesses de France CdRhone,71.91,92.33764427756917,True,560.146,64.9299097086893
Prophecy Pnt Nr,19144.190000000002,22.197178360641022,False,560.146,64.9299097086893
Prophecy Svgn Bl,30239.760000000002,30.320875562504472,False,560.146,64.9299097086893
Proud Pour The Oyster Svgn B,699.65,33.316658329164575,False,560.146,64.9299097086893
Provenance Cab Svgn Rutherfd,7824.07,2.963547105278965,False,560.146,64.9299097086893
Provenance To Kalon Cab Svgn,3739.32,36.55049581207279,False,560.146,64.9299097086893
Proximo Red Rioja,279.6,15.007153075822604,False,560.146,64.9299097086893
Prunotto Barbaresco,8233.390000000001,68.82924287565632,False,560.146,64.9299097086893
Pulenta Est La Flor Malbec,18375.96,14.417750147475287,False,560.146,64.9299097086893
Pulenta Est Malbec Mendoza,3378.7,90.70885251724036,False,560.146,64.9299097086893
Pumpkin Face Rum,8739.97,60.8529548728428,False,560.146,64.9299097086893
Pumpkin King Liqueur,4917.58,16.75905628378186,False,560.146,64.9299097086893
Punt e Mes Sweet Vermouth,15472.259999999998,14.953342304227043,False,560.146,64.9299097086893
Punto Final Perdriel Malbec,1119.3,32.4577861163227,False,560.146,64.9299097086893
Pura Vida Silver Tequila,9469.54,38.343995590070904,False,560.146,64.9299097086893
Purity Vodka,479.88,26.481620405101275,False,560.146,64.9299097086893
Purple Cowboy Red,12457.0,38.52372160231195,False,560.146,64.9299097086893
Pusser's British Navy Rum,83941.34,23.42381000827482,False,560.146,64.9299097086893
Puydeval VDP D'Oc Red Blend,1138.33,14.105751407764,False,560.146,64.9299097086893
Pyrat XO Reserve Rum,53157.47,36.20808138536316,False,560.146,64.9299097086893
QM Alvarinho White,1821.1,1.5216078194497726,False,560.146,64.9299097086893
Quara Malbec,11.99,32.44370308590492,False,560.146,64.9299097086893
Quattro Mani Barbera,1918.8,33.33333333333333,False,560.146,64.9299097086893
Quattro Mani Montepulciano,811.4200000000001,58.339700771487024,False,560.146,64.9299097086893
Queens Peak Cab Svgn Sonoma,1804.71,20.90197317020463,False,560.146,64.9299097086893
Querceto Chianti Clsc RSV,143436.15,26.36702811669164,False,560.146,64.9299097086893
Querceto Il Picchio Chianti,1349.73,89.92094715239345,False,560.146,64.9299097086893
Querceto Il Querciolaia Tosc,4538.22,57.588217406824704,False,560.146,64.9299097086893
Querceto Il Sole Alessandro,2855.58,87.32026418450893,False,560.146,64.9299097086893
Querceto La Corte Toscana,2988.38,72.18492962742354,False,560.146,64.9299097086893
Querceto Sangiovese,37444.65,23.56809317218882,False,560.146,64.9299097086893
Querceto Vin Santo Chianti C,406.89,34.63098134630981,False,560.146,64.9299097086893
Querry Cider,2656.2000000000003,93.50801897447482,False,560.146,64.9299097086893
Quinta do Casal Monteiro,599.5,0.6772310258548889,False,560.146,64.9299097086893
Quinta do Crasto Douro Rd,17920.34,35.19068276606359,False,560.146,64.9299097086893
Quinta do Crasto RSV Douro,9183.480000000001,5.366919729775649,False,560.146,64.9299097086893
Quinta do Noval 2013 Port,3599.6000000000004,89.86554061562396,False,560.146,64.9299097086893
Quinta do Noval Black Port,10035.96,28.6813618228849,False,560.146,64.9299097086893
Quinta do Noval Port 11,3419.62,71.35588164766845,False,560.146,64.9299097086893
Quinta dos Murcas Rsv Red Al,503.88,33.341271731364614,False,560.146,64.9299097086893
Quintessa Rutherford Red,10294.29,62.68999610463665,False,560.146,64.9299097086893
Quivira Znfdl Dry Creek Vly,137.88,35.0739773716275,False,560.146,64.9299097086893
Quota 31 Primitivo IGP,287.76,31.02585487906589,False,560.146,64.9299097086893
Qupe Central Coast Syrah Cal,13342.009999999998,34.15744704133783,False,560.146,64.9299097086893
R M Woodbridge Cab Svgn Cal,853230.4700000001,39.52288105935332,False,560.146,64.9299097086893
R M Woodbridge Cab/Merlot,34622.03,39.65128561207993,False,560.146,64.9299097086893
R M Woodbridge Chard,288099.95,35.45007012088378,False,560.146,64.9299097086893
R M Woodbridge Chard Cal,1214491.83,41.7088149678037,False,560.146,64.9299097086893
R M Woodbridge Malbec,46853.14,44.701130728813936,False,560.146,64.9299097086893
R M Woodbridge Merlot Cal,446225.41,40.81017149682085,False,560.146,64.9299097086893
R M Woodbridge Moscato,44716.43,56.33331649279978,False,560.146,64.9299097086893
R M Woodbridge Pnt Grigio,546968.4199999999,39.498154827874075,False,560.146,64.9299097086893
R M Woodbridge Pnt Nr,289571.31,40.74716863352242,False,560.146,64.9299097086893
R M Woodbridge Pnt Nr Cal,34830.57,41.836438507896936,False,560.146,64.9299097086893
R M Woodbridge Rsl,85803.08,41.27693525250518,False,560.146,64.9299097086893
R M Woodbridge Svgn Bl Cal,444890.26,42.016821616375296,False,560.146,64.9299097086893
R M Woodbridge Sweet White,1334.0800000000002,32.98153034300792,False,560.146,64.9299097086893
R M Woodbridge Wh Znfdl Cal,70472.71,36.66376027218498,False,560.146,64.9299097086893
R M Woodbridge Znfdl Cal,13136.12,42.4704555074101,False,560.146,64.9299097086893
R Mondavi Cab Svgn Napa,94516.2,15.284363950306929,False,560.146,64.9299097086893
R Mondavi Cab Svgn Oakville,14137.529999999999,41.22254736152637,False,560.146,64.9299097086893
R Mondavi Cab Svgn Pvt Sel,188333.86,43.67458937017486,False,560.146,64.9299097086893
R Mondavi Chard Napa,40183.659999999996,37.76500199334754,False,560.146,64.9299097086893
R Mondavi Chard Pvt Sel,117955.98,39.70069173262771,False,560.146,64.9299097086893
R Mondavi Fume Bl Napa Vly,44623.18,2.3503031384137096,False,560.146,64.9299097086893
R Mondavi Heritage Red,18394.44,39.93473027719246,False,560.146,64.9299097086893
R Mondavi Malbec Private Slt,85.9,28.055878928987205,False,560.146,64.9299097086893
R Mondavi Meritage Pvt Slctn,12679.29,41.097569343393836,False,560.146,64.9299097086893
R Mondavi Merlot Napa,41227.64,34.96139968234903,False,560.146,64.9299097086893
R Mondavi Merlot Pvt Sel,85846.59,42.46365522497749,False,560.146,64.9299097086893
R Mondavi Pnt Nr Napa Vly,14598.63,33.89571487187496,False,560.146,64.9299097086893
R Mondavi Pnt Nr Pvt Sel,96997.74,41.58965971784498,False,560.146,64.9299097086893
R Mondavi Private Sel Pnt Nr,18379.149999999998,44.65445899293493,False,560.146,64.9299097086893
R Mondavi Privt Slct Chard,47896.84,42.15856411404175,False,560.146,64.9299097086893
R Mondavi Pvt Sel Cab Svgn,867.4200000000001,31.050702082036395,False,560.146,64.9299097086893
R Mondavi Pvt Sel Merlot,16215.179999999998,44.12050930054429,False,560.146,64.9299097086893
R Mondavi Pvt Sel Rsl,21031.23,49.20530087874081,False,560.146,64.9299097086893
R Mondavi Pvt Sel Svgn Bl,35232.93,41.67856604602569,False,560.146,64.9299097086893
R Mondavi Pvt Sel Znfdl,4906.1900000000005,44.724113823557595,False,560.146,64.9299097086893
R Mondavi Pvt Slctn Cab Sv,52482.46,40.75155775853494,False,560.146,64.9299097086893
R Mondavi Pvt Sln Pnt Grigio,63447.979999999996,37.31759466574034,False,560.146,64.9299097086893
R Mondavi RSV Cab Svgn,4193.66,37.17087222140087,False,560.146,64.9299097086893
R Mondavi Rsv Cab Svgn,6289.63,47.81187446638355,False,560.146,64.9299097086893
R Mondavi Winery Cab Svgn Na,123.99,32.43003468021614,False,560.146,64.9299097086893
R Perrin Chtnf du Pape,221.94,34.19843200865099,False,560.146,64.9299097086893
R Stemmler 13 Pnt Nr,47045.31,11.819902982890323,False,560.146,64.9299097086893
R Stemmler Carneros Pnt Nr E,73.98,65.5177074885104,True,560.146,64.9299097086893
R Stuart Big Fire Rose,227.88,34.228541337546076,False,560.146,64.9299097086893
R Young Est Cab Svgn Alexndr,209.96,2.610020956372651,False,560.146,64.9299097086893
R.Mondavi PS Bourbon Barrel,28901.25,21.241884001557032,False,560.146,64.9299097086893
Raeburn Chard RRV,7974.1900000000005,92.99715707802298,False,560.146,64.9299097086893
Rage Znfdl,1196.79,65.31221016218383,False,560.146,64.9299097086893
Rain Organics Vodka,50346.37,33.99452631838204,False,560.146,64.9299097086893
Rain Svgn Bl Marlboro,1607.04,44.28016726403823,False,560.146,64.9299097086893
Rainstorm Pnt Gris,1306.9099999999999,21.907399897468064,False,560.146,64.9299097086893
Rainstorm Pnt Nr,8844.43,39.45748906373843,False,560.146,64.9299097086893
Ram Island Lavender Lemonade,3880.38,37.79475206036522,False,560.146,64.9299097086893
Ram Island Mead Iced Tea,1877.27,31.79990091995291,False,560.146,64.9299097086893
Ramey Annum Cab Svgn Napa,2374.75,10.531213811980214,False,560.146,64.9299097086893
Ramey Chard Sonoma Coast,4254.88,15.928298800436206,False,560.146,64.9299097086893
Ramey Russian River Chard,10903.130000000001,25.233946582311688,False,560.146,64.9299097086893
Ramon Bilbao Valinas Albarin,111.92,2.001429592566114,False,560.146,64.9299097086893
Ramon Cardova Garnacha,2500.6099999999997,67.39515558203799,False,560.146,64.9299097086893
Ramos Pinto 10-Yr Tawny Red,4668.87,47.7912214304532,False,560.146,64.9299097086893
Ramos Pinto Fine Ruby Red P,1678.88,27.034689793195472,False,560.146,64.9299097086893
Rampolla Sammarco Toscna IGT,989.82,92.54207835768119,False,560.146,64.9299097086893
Ranch 32 Chard,13.99,32.4517512508935,False,560.146,64.9299097086893
Rancho Zabaco Dncg Bul Znfdl,12068.06,37.9055125678858,False,560.146,64.9299097086893
Rancho Zabaco Heritage Znfdl,20794.11,35.036604115299966,False,560.146,64.9299097086893
Rancho Zabaco Monte Rsso Znf,5740.719999999999,10.30184367117713,False,560.146,64.9299097086893
Ranga Ranga Svgn Bl,49774.75,37.04936740013762,False,560.146,64.9299097086893
Ransom Dry Vermouth,12185.55,6.590018505524978,False,560.146,64.9299097086893
Ransom Selection Pnt Nr,6497.4,86.15384615384616,False,560.146,64.9299097086893
Ransom Sweet Vermouth,14312.419999999998,19.278151423728474,False,560.146,64.9299097086893
Raspberry di Amore,68417.69,31.58545691910966,False,560.146,64.9299097086893
Rastignac Pineau des Charent,167.88,34.66761972837741,False,560.146,64.9299097086893
Ravage Knight Fall Dark Red,8249.12,17.76686482921815,False,560.146,64.9299097086893
Ravenswood Barricia Znfdl,3058.2999999999997,49.24238956282902,False,560.146,64.9299097086893
Ravenswood Belloni Znfdl,3997.5899999999997,48.32611648518232,False,560.146,64.9299097086893
Ravenswood Besieged Red,13144.74,37.10381490999442,False,560.146,64.9299097086893
Ravenswood Big River Znfdl,1328.52,75.46292114533466,False,560.146,64.9299097086893
Ravenswood Mendocino OV Znfd,9323.51,19.362557663369273,False,560.146,64.9299097086893
Ravenswood Petite Sirah Vnts,7078.18,34.9392075364006,False,560.146,64.9299097086893
Ravenswood Teldschi Znfdl,1811.3700000000001,43.238543202106705,False,560.146,64.9299097086893
Ravenswood Vints Blend Znfdl,162565.51,38.09840106920589,False,560.146,64.9299097086893
Ravenswood Vntnrs Blnd Chard,74008.87,41.08138659595802,False,560.146,64.9299097086893
Ravenswood Vntrs Bl Cab Svgn,143317.35,38.110249735988006,False,560.146,64.9299097086893
Ravenswood Vntrs Blend Znfdl,5385.04,35.02833776536479,False,560.146,64.9299097086893
Ravenswood Vntrs Blnd Merlot,71148.67,26.71677488841323,False,560.146,64.9299097086893
Ravenswood Vntrs Blnd Shiraz,15124.01,37.05240871964513,False,560.146,64.9299097086893
Ravenswood Zen of Zin Znfdl,29116.42,41.97957715955465,False,560.146,64.9299097086893
Ravenswood Znfdl Lodi,1562.1,94.39216439408489,False,560.146,64.9299097086893
Ravenswood Znfdl Napa,21100.76,39.62989958655517,False,560.146,64.9299097086893
Ravenswood Znfdl Sonoma,29938.559999999998,31.639998717373174,False,560.146,64.9299097086893
Ravines Cabernet Franc,409.75,75.95607077486272,True,560.146,64.9299097086893
Ravines Finger Rsl Lakes,2724.41,38.46153846153845,False,560.146,64.9299097086893
Ravines Gewurztraminer,16.99,35.49146556798116,False,560.146,64.9299097086893
Ravines Meritage,1472.3899999999999,90.30555763079076,False,560.146,64.9299097086893
Raymond Family Clsc Cab Svgn,7258.129999999999,36.11357195310637,False,560.146,64.9299097086893
Raymond R Field Blend Lot 7,8287.72,37.28552605541694,False,560.146,64.9299097086893
Rebel Newmans Own Cab Svgn,529.47,17.479743894838247,False,560.146,64.9299097086893
Rebel Newmans Own Chard,199.8,22.042042042042052,False,560.146,64.9299097086893
Rebel Reserve Bourbon,69740.17,22.527318186921537,False,560.146,64.9299097086893
Rebel The Show Cab Svgn,81098.82,31.00121555406109,False,560.146,64.9299097086893
Rebel Yell,147438.69,21.51039866130119,False,560.146,64.9299097086893
Rebel Yell American Whisky,3358.4,94.36160076226774,False,560.146,64.9299097086893
Rebel Yell Small Batch Rye,28804.12,22.842843315470148,False,560.146,64.9299097086893
Rebel Yell Variety Pack,11117.42,87.10357259148256,False,560.146,64.9299097086893
Recanati Galilee Merlot,1512.11,10.72078089556976,False,560.146,64.9299097086893
Red Car Ritchie Vyd Chard,1006.8100000000001,96.37071542793576,False,560.146,64.9299097086893
Red Diamond Cab Svgn Wash,63165.15,37.611293569317894,False,560.146,64.9299097086893
Red Diamond Chard Wash,5028.64,33.30681854338351,False,560.146,64.9299097086893
Red Diamond Malbec,7441.25,36.12887619687552,False,560.146,64.9299097086893
Red Diamond Merlot Wash,90029.24,41.23499209812279,False,560.146,64.9299097086893
Red Diamond Pnt Nr,7962.73,45.15323262247997,False,560.146,64.9299097086893
Red Diamond Shiraz Wash,527.49,58.54518569072399,False,560.146,64.9299097086893
Red Guitar Sangria,43565.91,34.62808420620619,False,560.146,64.9299097086893
Red Guitar Temp/Garnacha Nvr,5232.97,46.217348847786255,False,560.146,64.9299097086893
Red Newt Clrs Rsl Finger Lak,1232.08,32.032010908382574,False,560.146,64.9299097086893
Red Rock Merlot Cal,32865.43,40.033037754260334,False,560.146,64.9299097086893
Red Rock Pnt Nr,7181.65,46.4925191286125,False,560.146,64.9299097086893
Red Rock Winery Malbec,21334.32,40.029398640312884,False,560.146,64.9299097086893
Red Sox Club Series Cab Svgn,9747.029999999999,36.700307683468694,False,560.146,64.9299097086893
Red Sox Club Series Chard Rs,1499.25,77.17191929297982,False,560.146,64.9299097086893
Red Stag Hardcore Cider,6865.7,74.52554000320434,False,560.146,64.9299097086893
Red Stag by Jim Beam,334012.08999999997,30.868412629563675,False,560.146,64.9299097086893
Red Truck Cal,17710.59,44.4960331643384,False,560.146,64.9299097086893
Red Truck Pnt Nr Cal,2283.81,33.178767060307116,False,560.146,64.9299097086893
Red Truck Znfdl Sonoma Cnty,71.94,31.943286071726433,False,560.146,64.9299097086893
Redbreast 15 Yr Old Irish,67302.61,16.696573877298373,False,560.146,64.9299097086893
Redbreast 21 Yr Old Irish,11749.53,60.7201309328969,False,560.146,64.9299097086893
Redbreast Irish Whiskey,175424.18,30.480803729565675,False,560.146,64.9299097086893
Redtree Moscato,8.99,35.483870967741936,False,560.146,64.9299097086893
Redtree Pnt Nr,6210.72,47.32382074864107,False,560.146,64.9299097086893
Redwood Creek Cab Svgn Cal,80691.43000000001,24.67535007902382,False,560.146,64.9299097086893
Redwood Creek Chard Cal,73168.75,28.801498644714073,False,560.146,64.9299097086893
Redwood Creek Malbec,4273.03,44.79982588467668,False,560.146,64.9299097086893
Redwood Creek Merlot Cal,22191.48,36.04883572914264,False,560.146,64.9299097086893
Redwood Creek Pnt Grigio,14409.57,39.11018857606439,False,560.146,64.9299097086893
Redwood Creek Pnt Nr Cal,78384.87,40.51558674524816,False,560.146,64.9299097086893
Redwood Creek Svgn Bl Cal,17100.15,35.48799279538484,False,560.146,64.9299097086893
Regnard Macon Lugny Chard,131.94,31.51432469304229,False,560.146,64.9299097086893
Remy Martin 1738 Accord Ryl,444072.52,25.476755463274337,False,560.146,64.9299097086893
Remy Martin Louis XIII,85049.72,16.528625843800548,False,560.146,64.9299097086893
Remy Martin V,23235.54,30.255591219313178,False,560.146,64.9299097086893
Remy Martin VS Cognac,3213.0699999999997,76.85802154917596,False,560.146,64.9299097086893
Remy Martin VSOP Cognac,815926.8,18.12659582331477,False,560.146,64.9299097086893
Remy Martin VSOP Gift Pack,19790.38,21.710447197072526,False,560.146,64.9299097086893
Remy Martin XO Cognac,129066.49,16.129136230480903,False,560.146,64.9299097086893
Remy Martin XO Excelence VAP,1759.89,86.36392047230224,False,560.146,64.9299097086893
Renacer Enamore Red,7399.17,44.803538775295074,False,560.146,64.9299097086893
Rene Junot Red,18972.02,35.22587473553159,False,560.146,64.9299097086893
Rene Junot White,8612.28,39.46318512635446,False,560.146,64.9299097086893
Rentas De Fincas Rioja,899.25,55.29608006672226,False,560.146,64.9299097086893
Renwood BBQ Zinfandel,1151.04,47.54743536280233,False,560.146,64.9299097086893
Renwood California Znfdl,6094.4400000000005,42.14907358182213,False,560.146,64.9299097086893
Renwood Clarion Red,60785.69,32.84804367606916,False,560.146,64.9299097086893
Renwood Old Vine Zinfandel,21183.899999999998,30.235131396957126,False,560.146,64.9299097086893
Renwood Timberline Znfdl,46003.08,74.76334193275754,False,560.146,64.9299097086893
Renzo Masi Chiant Rufina RS,7345.98,20.524559010506422,False,560.146,64.9299097086893
Renzo Masi Chianti Rufina,9448.83,35.87587034585234,False,560.146,64.9299097086893
Revana Cab Svgn Napa Vly,9679.12,79.94621411863889,False,560.146,64.9299097086893
Revel Stoke Roasted Pecan,1182.09,64.51031647336497,False,560.146,64.9299097086893
Revelation Chard Pays D'Oc,81.48,34.609720176730484,False,560.146,64.9299097086893
Rex Goliath Cab Svgn,29952.34,36.31058541669866,False,560.146,64.9299097086893
Rex Goliath Cab Svgn Free Ra,314.73,13.869030597655144,False,560.146,64.9299097086893
Rex Goliath Chard,23710.08,34.33130550381948,False,560.146,64.9299097086893
Rex Goliath Chard Free Range,583.54,26.174726668266104,False,560.146,64.9299097086893
Rex Goliath Free Range Red,5864.68,37.25216039067775,False,560.146,64.9299097086893
Rex Goliath Malbec,6435.76,43.364420052954124,False,560.146,64.9299097086893
Rex Goliath Merlot,20317.71,37.961758485577356,False,560.146,64.9299097086893
Rex Goliath Moscato,301.54,2.102540293161761,False,560.146,64.9299097086893
Rex Goliath Pink Moscato,257.59000000000003,7.061609534531629,False,560.146,64.9299097086893
Rex Goliath Pnt Grigio,10563.380000000001,38.391594357109184,False,560.146,64.9299097086893
Rex Goliath Pnt Grigio Free,133.9,19.073935772964905,False,560.146,64.9299097086893
Rex Goliath Pnt Nr,40204.69,37.534103608310375,False,560.146,64.9299097086893
Rex Goliath Red Sangria,10827.220000000001,38.389263356614165,False,560.146,64.9299097086893
Rex Goliath Svgn Bl,366.68,13.750409076033604,False,560.146,64.9299097086893
Rex Hill Williamette Pnt Nr,3947.75,28.410464672110137,False,560.146,64.9299097086893
Reyka Vodka,258420.63999999998,33.133912674442875,False,560.146,64.9299097086893
Rhetoric 21Yr Bourbon,13998.6,22.482248224822488,False,560.146,64.9299097086893
Rhetoric 22 Year Bourbon,9239.16,26.475134103100284,False,560.146,64.9299097086893
Rhiannon Proprietor's Red,1307.81,25.186380284597913,False,560.146,64.9299097086893
Rhone Roger Sabon 13 CDR Rou,1440.97,99.34835562156047,False,560.146,64.9299097086893
Rhum Barbancourt 3 Star,246.33,48.459383753501406,False,560.146,64.9299097086893
Rhum Barbancourt Estate RSV,36377.58,44.0122185148105,False,560.146,64.9299097086893
Rhum Barbancourt RSV Special,112488.93999999999,30.314944740345133,False,560.146,64.9299097086893
Rib Shack Red,395.64,32.84804367606915,False,560.146,64.9299097086893
Ricardo Santos Malbec Mendza,1218.3,58.07929081507017,False,560.146,64.9299097086893
Richard Grant Cuvee Rose Brt,56883.34,30.989811779688033,False,560.146,64.9299097086893
Richards Wild Irish Rose Red,14805.94,23.279580565879936,False,560.146,64.9299097086893
Rickshaw Pnt Nr,1902.8799999999999,30.88371310855124,False,560.146,64.9299097086893
Ridge East Branch Znfdl,3448.85,24.59399509981588,False,560.146,64.9299097086893
Ridge Estate Cab Svgn,5206.01,41.506067026379135,False,560.146,64.9299097086893
Ridge Estate Merlot,2303.52,18.014169618670557,False,560.146,64.9299097086893
Ridge Geyserville Znfdl,11923.93,26.186081266830648,False,560.146,64.9299097086893
Ridge Lytton Petite Sirah,7869.52,56.72417123280709,False,560.146,64.9299097086893
Ridge Lytton Spring Znfdl,14143.25,51.52825552825553,False,560.146,64.9299097086893
Ridge Pagoni Ranch Znfdl,4564.8,20.072292323869615,False,560.146,64.9299097086893
Ridge Ponzo Vyds Znfdl,2275.24,58.974877375573556,False,560.146,64.9299097086893
Ridge Santa Cruz Mt Chard,4319.1,36.500659859692995,False,560.146,64.9299097086893
Ridge Three Valleys Sonoma,43970.24,41.09793351139315,False,560.146,64.9299097086893
Ridge Znfdl Paso Robles,8485.34,30.520167724569667,False,560.146,64.9299097086893
Riebeek Cellars Cab Svgn,674.3499999999999,42.61140357381181,False,560.146,64.9299097086893
Riebeek Cellars Cape Rose,2559.03,88.15176062805048,False,560.146,64.9299097086893
Riebeek Cellars Chard,403.61,59.02975644805629,False,560.146,64.9299097086893
Riebeek Clrs Svgn Bl Swartld,2112.0299999999997,36.37116897013773,False,560.146,64.9299097086893
Riff Pnt Grigio,27274.8,39.51460688987636,False,560.146,64.9299097086893
Righetti Amarone Valpo Clsc,29107.899999999998,36.405718035309995,False,560.146,64.9299097086893
Righetti Campolieti Valpo,6592.12,25.2962628107498,False,560.146,64.9299097086893
Right Gin,359.88,22.474158052684228,False,560.146,64.9299097086893
Right Hand Man Syrah,37.98,38.493944181147974,False,560.146,64.9299097086893
Riglos Gran Cab Svgn,1849.26,99.06827595903226,False,560.146,64.9299097086893
Rihaku Nigori Dreamy Clouds,9854.52,32.28345977277433,False,560.146,64.9299097086893
Rio Madre 2014 Rose Rioja,947.07,86.63879121923407,False,560.146,64.9299097086893
Rio Madre Rioja Graciano,19948.06,38.76111260944673,False,560.146,64.9299097086893
Rioja Bordon Gran Rsva Tempr,5297.88,32.25856380287964,False,560.146,64.9299097086893
Rioja Bordon Rsva Tempranllo,28191.19,30.11901945253109,False,560.146,64.9299097086893
Rioja Vega Tempranillo Garna,9628.67,61.01642282890576,False,560.146,64.9299097086893
Riojana Cab Svgn,449.4,18.931909212283042,False,560.146,64.9299097086893
Riojana Chard,89.88,30.97463284379172,False,560.146,64.9299097086893
Riojana Malbec,179.76,33.778371161548726,False,560.146,64.9299097086893
Riondo Blu Prosecco,2704.13,91.71933302023201,False,560.146,64.9299097086893
Riondo Prosecco,575.64,33.771106941838646,False,560.146,64.9299097086893
Rittenhouse Rye Bonded Whsky,347.88,23.07692307692307,False,560.146,64.9299097086893
Riunite Bianco,227.76,17.808219178082194,False,560.146,64.9299097086893
Riunite Lambrusco,116278.40000000001,29.473273381995313,False,560.146,64.9299097086893
Riunite Lambrusco Cuties,3645.7200000000003,34.073379195330425,False,560.146,64.9299097086893
Riunite Lambrusco Rose,10190.24,40.97558055551194,False,560.146,64.9299097086893
Riunite Moscato,37990.76,39.048547594204486,False,560.146,64.9299097086893
Riunite Peach Moscato,59.94,31.931931931931935,False,560.146,64.9299097086893
Riunite Raspberry,11812.49,42.917369665498136,False,560.146,64.9299097086893
Riunite Sweet White,161.73000000000002,97.4649106535584,True,560.146,64.9299097086893
Riva Rey Tempranillo,16978.73,41.53437860193311,False,560.146,64.9299097086893
Rive Droite Rive Gauche CDR,33361.89,31.40556485259078,False,560.146,64.9299097086893
Roaring Meg Pnt Nr,12637.16,38.6893890715952,False,560.146,64.9299097086893
Rob Stuart Big Fire Pnt Gris,21260.25,38.44286873390482,False,560.146,64.9299097086893
Rob Stuart Big Fire Pnt Nr,64140.60999999999,33.905711217900794,False,560.146,64.9299097086893
Rob Stuart Vignette Pinot Nr,3636.58,0.5026700911295834,False,560.146,64.9299097086893
Robert Hall 13 Syrah,74720.59,28.670745239029827,False,560.146,64.9299097086893
Robert Hall Cab Svgn,25727.61,83.86799240193706,False,560.146,64.9299097086893
Robert Sinskey Abraxas,3656.05,47.85629299380479,False,560.146,64.9299097086893
Robert Sinskey Aries Pnt Nr,3134.0299999999997,69.98114249065898,False,560.146,64.9299097086893
Robert Sinskey Marcien Red,4599.54,69.611091543937,False,560.146,64.9299097086893
Robert Sinskey Merlot,8517.87,9.565654324379226,False,560.146,64.9299097086893
Robert Sinskey POV Napa Red,8998.49,61.887938976428266,False,560.146,64.9299097086893
Robert Sinskey Pnt Bl,874.65,94.3989024181101,False,560.146,64.9299097086893
Robert Sinskey Pnt Gris,574.77,29.97546844824886,False,560.146,64.9299097086893
Robert Sinskey Pnt Nr,5884.969999999999,33.618013345862416,False,560.146,64.9299097086893
Robert Sinskey Pnt Nr Carner,34848.23,31.70384837336072,False,560.146,64.9299097086893
Rocca Delle Macie Chianti C,135498.15,37.0783055551284,False,560.146,64.9299097086893
Rocca delle Macie Sasyr Tscn,1052.19,50.26753723186877,False,560.146,64.9299097086893
Rocca di Montemassi Le Faca,90.87,31.473533619456372,False,560.146,64.9299097086893
Rochioli Pinot Noir RRV,6599.12,37.94293784625828,False,560.146,64.9299097086893
Rochioli RRV Chard Cal,1594.71,79.44579265195553,False,560.146,64.9299097086893
Rochioli Svgn Bl RRV,3587.08,49.02483356936561,False,560.146,64.9299097086893
Rock Hills Farm Bourbon,649.87,30.07216827980981,False,560.146,64.9299097086893
Rodney Strong Bros Ridge Cab,1532.79,96.92782442474181,False,560.146,64.9299097086893
Rodney Strong Cab Svgn,172021.99,43.15126804427736,False,560.146,64.9299097086893
Rodney Strong Cab Svgn Alexa,66305.06999999999,19.403222106544785,False,560.146,64.9299097086893
Rodney Strong Chalk Hill Cha,61527.719999999994,7.676539940046531,False,560.146,64.9299097086893
Rodney Strong Chard,110736.63,36.28832663591081,False,560.146,64.9299097086893
Rodney Strong Chard Sonoma C,21769.11,46.69455940091258,False,560.146,64.9299097086893
Rodney Strong Charlottes Svg,31211.09,37.29440400831884,False,560.146,64.9299097086893
Rodney Strong Merlot Sonoma,67047.42,10.169429338220628,False,560.146,64.9299097086893
Rodney Strong Pnt Nr,95711.78,35.32284113825905,False,560.146,64.9299097086893
Rodney Strong Rsv Alex Vy CS,24123.97,27.187150373673997,False,560.146,64.9299097086893
Rodney Strong Symmetry,5863.9800000000005,87.08982636366427,False,560.146,64.9299097086893
Roederer Brut Premier,10601.89,28.968136813341772,False,560.146,64.9299097086893
Roederer Cristal,86785.94,27.05463580851922,False,560.146,64.9299097086893
Roederer Est Brut,86717.61,34.74017561138966,False,560.146,64.9299097086893
Roger Didier Raimbault Sance,3988.67,15.489624361002537,False,560.146,64.9299097086893
Rombauer Cab Svgn Diamond,5000.33,36.640181748004636,False,560.146,64.9299097086893
Rombauer Cab Svgn Napa,20626.13,40.89826836153947,False,560.146,64.9299097086893
Rombauer Carneros Chard,348353.42,31.545150324632953,False,560.146,64.9299097086893
Rombauer El Dorado Znfdl,79686.36,40.20093275687333,False,560.146,64.9299097086893
Rombauer Merlot Napa,10390.47,29.111195162490244,False,560.146,64.9299097086893
Rombauer Vyds Chard Carneros,1385.23,44.81782808631057,False,560.146,64.9299097086893
Ron Barcelo Imperial Rum,173.94,20.627802690582957,False,560.146,64.9299097086893
Ron Rio Silver Rum,6018.39,27.347679362753162,False,560.146,64.9299097086893
Ron Virgin Black Spiced Rum,1104.15,89.54489879092515,False,560.146,64.9299097086893
Ron Virgin Bold Coconut Rum,1956.22,73.91142100581733,False,560.146,64.9299097086893
Ron Virgin Heavy Bodied Rum,255440.33999999997,22.883810290179184,False,560.146,64.9299097086893
Ron Virgin White,100341.02,29.071520301467935,False,560.146,64.9299097086893
Ron Zacapa 23 Yr Old Rum,117983.73000000001,23.1326810908589,False,560.146,64.9299097086893
Ron Zacapa XO Rum,659.94,23.66578779889082,False,560.146,64.9299097086893
Roncolato Pnt Grigio Veneto,428.58,31.009379812403747,False,560.146,64.9299097086893
Roncolato Valpo Super S Barb,173.88,33.33333333333333,False,560.146,64.9299097086893
Ronrico Gold,133524.21,19.019382327744147,False,560.146,64.9299097086893
Ronrico Silver Rum,217821.25,28.068946044324157,False,560.146,64.9299097086893
Ronrico Silver Traveler,22072.18,40.20663115288114,False,560.146,64.9299097086893
Root 1 Cab Svgn,51400.71,38.440850330666635,False,560.146,64.9299097086893
Root 1 Carmenere,19265.56,39.38354244569066,False,560.146,64.9299097086893
Root 1 Pnt Nr,9121.53,41.58479991843475,False,560.146,64.9299097086893
Root 1 Svgn Bl,13222.11,48.6375472598549,False,560.146,64.9299097086893
Rosatello Sw Sparkling Rose,14395.84,32.22938015426679,False,560.146,64.9299097086893
Rosatello Sweet Moscato,2716.11,30.600748865104876,False,560.146,64.9299097086893
Roscato Bianco,21191.0,34.25709027417299,False,560.146,64.9299097086893
Roscato Rosso,229235.64,30.319358490341592,False,560.146,64.9299097086893
Rose 'N' Blum Pink Moscato,89.7,32.775919732441466,False,560.146,64.9299097086893
Rosemount Cab Svgn/Merlot,1845.36,91.22989552174103,False,560.146,64.9299097086893
Rosemount Diamond Cab Svgn,40730.32,47.878435524199176,False,560.146,64.9299097086893
Rosemount Diamond Chard,18625.579999999998,37.03578626813231,False,560.146,64.9299097086893
Rosemount Diamond Merlot,10800.19,43.70543481179498,False,560.146,64.9299097086893
Rosemount Diamond Shiraz,112071.9,41.25200875509382,False,560.146,64.9299097086893
Rosemount Gewurz/Rsl,9045.220000000001,34.26528044646786,False,560.146,64.9299097086893
Rosemount Pnt Nr Ausl,7923.33,38.6598816406738,False,560.146,64.9299097086893
Rosemount Shiraz/Cab Svgn,11326.87,44.98921590871971,False,560.146,64.9299097086893
Rosenblum R Sauret Zinfandel,66508.53,31.796056836619297,False,560.146,64.9299097086893
Rosenblum RSV Znfdl Monte Rs,7476.599999999999,92.49271059037531,False,560.146,64.9299097086893
Rosenblum Vntr Cve XXX Znfdl,11084.11,36.74728958842884,False,560.146,64.9299097086893
Rosenblum Znfdl Paso Robles,215.88,33.79655364091162,False,560.146,64.9299097086893
Rosita Tequila Gold,19118.82,25.512400869928165,False,560.146,64.9299097086893
Rosita Tequila Liqueur,65.61,25.925925925925924,False,560.146,64.9299097086893
Rosita Tequila Wh,27935.03,31.94809527679047,False,560.146,64.9299097086893
Rosita Triple Sec,15692.67,26.51040262746875,False,560.146,64.9299097086893
Rosso del Popolo Lange Rosso,359.76,33.3555703802535,False,560.146,64.9299097086893
Roth Est Red Heritage Sonoma,12017.32,83.28279516564426,False,560.146,64.9299097086893
Roth Est Svgn Bl Alex Vly,45355.39,31.726593024555626,False,560.146,64.9299097086893
Rothman & Winter Apricot,65.97,25.92087312414734,False,560.146,64.9299097086893
Rothman & Winter Pear Liquer,21.99,21.282401091405184,False,560.146,64.9299097086893
Rothman & Winter Violette,2968.6499999999996,19.470129520152245,False,560.146,64.9299097086893
Rough Rider Straight Bourbon,39653.98,14.366830265209202,False,560.146,64.9299097086893
Round Hill Cab Svgn,3105.7799999999997,29.83405134941947,False,560.146,64.9299097086893
Round Hill Chard,4432.75,36.793043997687974,False,560.146,64.9299097086893
Round Hill Comm Man Cab Svgn,3643.4399999999996,29.737830182464915,False,560.146,64.9299097086893
Round Hill Comm Man Wh Znfdl,1006.3199999999999,27.557834486048172,False,560.146,64.9299097086893
Round Hill Common Man Chard,5594.52,24.212845171027013,False,560.146,64.9299097086893
Round Hill Common Man Merlot,2373.3599999999997,29.876630599656174,False,560.146,64.9299097086893
Round Hill Merlot Cal,2350.3199999999997,28.086388236495445,False,560.146,64.9299097086893
Round Pond Est Cab Rutherfrd,6775.86,89.07887707243066,False,560.146,64.9299097086893
Round Pond Est Cab Svgn K&K,12792.24,13.00288299781743,False,560.146,64.9299097086893
Round Pond Est Svgn Bl Napa,17683.699999999997,8.929635766270614,False,560.146,64.9299097086893
Royal Brackla 12 Yr Scotch,10725.369999999999,50.86789546654333,False,560.146,64.9299097086893
Royal Thistle Scotch,203.88,73.74926427310183,True,560.146,64.9299097086893
Royal Tokaji Mad Cuvee,3249.2099999999996,40.21623717765242,False,560.146,64.9299097086893
Rozes Infanta Isabel 10 Yr,3325.6499999999996,74.24744035000677,False,560.146,64.9299097086893
Rozes Vintage 2000 Old Port,6448.5,81.07218733038692,False,560.146,64.9299097086893
Rozes White RSV Porto,892.53,49.62186145003529,False,560.146,64.9299097086893
Ruca Malen Cab Svgn Rsv,2996.17,44.44106976573426,False,560.146,64.9299097086893
Ruca Malen Malbec Rsv,9945.95,29.02437675636817,False,560.146,64.9299097086893
Ruca Malen Petit Verdot,227.88,31.964191679831494,False,560.146,64.9299097086893
Ruca Malen Yauquen Bonarda,231.71,69.31077640153642,True,560.146,64.9299097086893
Ruffino Aziano Chianti Clsc,51363.72,34.372899782180895,False,560.146,64.9299097086893
Ruffino Chianti,93696.16,35.766076219132145,False,560.146,64.9299097086893
Ruffino Chianti Clsc RSV Tan,167311.09,34.971674621210106,False,560.146,64.9299097086893
Ruffino Chianti Clsc Rsv Gld,65226.78,30.0151870136775,False,560.146,64.9299097086893
Ruffino Chianti Clsc Santdam,9044.4,42.501658484808274,False,560.146,64.9299097086893
Ruffino Chianti Superiore,47883.36,35.411382994008775,False,560.146,64.9299097086893
Ruffino Greppone Mazzi Bru,8468.37,6.352698335098738,False,560.146,64.9299097086893
Ruffino Il Ducale Toscana Rd,20678.4,28.935991179201494,False,560.146,64.9299097086893
Ruffino Lumina Pnt Grigio,130386.98,37.944839277664066,False,560.146,64.9299097086893
Ruffino Modus Toscana,1819.3,55.46418952344309,False,560.146,64.9299097086893
Ruffino Orvieto Clsc,81866.31,28.88710875084024,False,560.146,64.9299097086893
Ruffino Prosecco,2257.77,25.902992776057786,False,560.146,64.9299097086893
Ruffino Prosecco Sparkling,145221.51,29.977604557341405,False,560.146,64.9299097086893
Ruffino Unoaked Chard Toscna,10802.81,35.61258598457253,False,560.146,64.9299097086893
RumChata Liqueur,535736.84,40.57626563989918,False,560.146,64.9299097086893
Rumpleminze,496350.64,24.660734613779024,False,560.146,64.9299097086893
Rumson's Coffee Rum,16023.68,28.489835044134686,False,560.146,64.9299097086893
Rumson's Grand Rsv Rum,1627.63,95.71032728568532,False,560.146,64.9299097086893
Rumson's Spiced Rum,22894.36,33.69519829337881,False,560.146,64.9299097086893
Russian Standard Original,53592.46,32.063988105789505,False,560.146,64.9299097086893
Russian Standard Platinum,45783.74,28.320360023012526,False,560.146,64.9299097086893
Russian Standard Vodka,8553.6,66.19996258885148,False,560.146,64.9299097086893
Russo Limoncello,30564.3,29.39262472885033,False,560.146,64.9299097086893
Ruta 22 Malbec,28879.96,42.55629162921278,False,560.146,64.9299097086893
Rutherford Ranch Cab Svgn,50895.28999999999,43.958350566427654,False,560.146,64.9299097086893
Rutherford Ranch Chard,15928.97,34.1059089194091,False,560.146,64.9299097086893
Ryan Patrick Rsv Cab,3106.93,20.006565967047862,False,560.146,64.9299097086893
Ryan Patrick Ryan's Rsl,933.2,19.348478354050584,False,560.146,64.9299097086893
Ryans Irish Cream,468944.04,28.36785199676748,False,560.146,64.9299097086893
Rye Harbor Vodka,25851.629999999997,30.86033646621122,False,560.146,64.9299097086893
S A Prum Luminance Rsl Mosel,7942.0599999999995,17.941692709448173,False,560.146,64.9299097086893
S Aviron 12 Fleurie Madrieir,1077.51,83.45073363588273,False,560.146,64.9299097086893
S Aviron Cd Brouilly 12 Viel,949.4999999999999,83.22801474460242,False,560.146,64.9299097086893
S S Pierce 99 Vodka 80 Proof,264.18,51.657960481489894,False,560.146,64.9299097086893
S S Pierce Manhattan,263.76,42.74340309372156,False,560.146,64.9299097086893
S S Pierce Ninety Nine Bl W,67.41,73.7427681352915,True,560.146,64.9299097086893
S S Pierce Ninety Nine Gin,67.41,8.129357662067937,False,560.146,64.9299097086893
S S Pierce Ninety Nine Rum,149.8,33.04405874499333,False,560.146,64.9299097086893
S S Pierce Vodka,3522.1800000000003,80.80506958758497,False,560.146,64.9299097086893
SA Prum Rsl Essence Mosel,2533.05,28.674917589467245,False,560.146,64.9299097086893
SCV Gold Hills Chard 12,15494.88,10.703342007166235,False,560.146,64.9299097086893
SW4 London Dry Gin,12819.869999999999,63.23231046804687,False,560.146,64.9299097086893
Saarstein Riesling QbA,1494.98,78.42379162263042,False,560.146,64.9299097086893
Saddleback Clrs 09 Cab Svgn,40649.3,94.27185707994973,False,560.146,64.9299097086893
Sailor Jerry Spiced Navy Rum,930065.5599999999,19.859675078460395,False,560.146,64.9299097086893
Sailor Jerry Spiced Rum Trav,60671.98999999999,21.24220748322248,False,560.146,64.9299097086893
Saint M Pflaz,287.76,28.690575479566306,False,560.146,64.9299097086893
Saintsbury Carneros Pnt Nr,22037.32,37.53550794742736,False,560.146,64.9299097086893
SakeMoto Junmai Sake,7524.63,35.53171385171098,False,560.146,64.9299097086893
Saldo Znfdl Cal,25827.54,19.850361281020184,False,560.146,64.9299097086893
Salers Apertif Gentiane,21.99,35.06139154160982,False,560.146,64.9299097086893
Salignac VS Cognac,51556.399999999994,25.07710003025811,False,560.146,64.9299097086893
Salmon & Trout Bordeaux Blnc,89.8,66.92650334075724,True,560.146,64.9299097086893
Salmon Creek Cab Svgn,1861.27,27.043362865140463,False,560.146,64.9299097086893
Salmon Creek Chard Cal,1037.92,25.531832896562364,False,560.146,64.9299097086893
Salmon Creek Merlot Calif,149.70000000000002,33.26653306613227,False,560.146,64.9299097086893
Salmon Creek Pnt Nr Cal,578.71,20.747870263171546,False,560.146,64.9299097086893
Salmon Creek Wh Znfdl Cal,224.55,8.082832331329328,False,560.146,64.9299097086893
Salmon Run Chard/Rsl,10456.07,34.500629777727184,False,560.146,64.9299097086893
Salmon Run Coho Red NY,18300.77,38.10916152708329,False,560.146,64.9299097086893
Salmon Run NY Chard,23524.01,37.81897729171174,False,560.146,64.9299097086893
Salmon Run NY Pnt Nr,67373.07,35.75796679593198,False,560.146,64.9299097086893
Salmon Run NY Rsl,68264.0,47.54372729403492,False,560.146,64.9299097086893
Salmon Run Rose,5107.74,34.65857698316672,False,560.146,64.9299097086893
Salon Brut Bl de Bl 97,5219.82,52.79492396289527,False,560.146,64.9299097086893
Salted Caramel Martini Wine,199.29000000000002,23.769381303627892,False,560.146,64.9299097086893
Salviano Orvieto 13 Clsco,9675.89,35.043804755944926,False,560.146,64.9299097086893
Sambuca Romana,763390.62,27.077479453833504,False,560.146,64.9299097086893
Sambuca Romana Black,192403.91999999998,32.60676289755426,False,560.146,64.9299097086893
Sambuca Romana Liqueur,187794.31,21.875843842127058,False,560.146,64.9299097086893
Sambuca di Amore,146209.51,37.05445015170355,False,560.146,64.9299097086893
Samos High Peaks Muscat,160.86,65.53524804177546,True,560.146,64.9299097086893
San Callisto Montepulcno 09,527.76,34.65211459754434,False,560.146,64.9299097086893
San Felice Campogiovanni Bru,6048.79,20.684136827365464,False,560.146,64.9299097086893
San Felice Il Grigio Gr Sel,6675.28,16.89067724499946,False,560.146,64.9299097086893
San Guido Sassicaia Guildal,699.72,78.13411078717202,False,560.146,64.9299097086893
San Polo Mezzopane 06 Toscan,1684.41,77.9032420847656,False,560.146,64.9299097086893
San Quirico Vernaccia,1910.68,62.13285322502984,False,560.146,64.9299097086893
San Rocco Pinot Grigio Vene,2428.96,32.435280943284376,False,560.146,64.9299097086893
San Zopito Montepulciano d'A,1349.55,79.2627172020303,False,560.146,64.9299097086893
Sandeman 10 Yr Tawny Port,6569.69,53.48456319856797,False,560.146,64.9299097086893
Sandeman Character Sherry,10798.35,36.78108229498026,False,560.146,64.9299097086893
Sandeman Fine Rich Madeira,38503.93,36.85839341594481,False,560.146,64.9299097086893
Sandeman Founders RSV Port,66311.19,40.491039295177785,False,560.146,64.9299097086893
Sandeman Imperial 20-Yr Taw,88566.56,36.320254506892894,False,560.146,64.9299097086893
Sandeman Rainwater Madeira,4739.04,24.640855531922075,False,560.146,64.9299097086893
Sandeman Ruby Port,12251.92,36.689433166393506,False,560.146,64.9299097086893
Sandeman Tawny 40-Yr Port,17702.41,37.53302516437028,False,560.146,64.9299097086893
Sandeman Tawny Port,47198.29,40.51801452976368,False,560.146,64.9299097086893
Sanford La Riconda Pnt Nr,759.8000000000001,70.77783627270335,False,560.146,64.9299097086893
Sanford Santa Barbara Chard,80557.62,49.00674821326647,False,560.146,64.9299097086893
Sans Liege Cotes du Coast Wh,1346.3899999999999,20.47623645451911,False,560.146,64.9299097086893
Sans Liege Groundwork Grenac,1525.2299999999998,7.857831277905622,False,560.146,64.9299097086893
Santa Barbara Winery Chard,265.84999999999997,6.654128267820189,False,560.146,64.9299097086893
Santa Cristina Antinori Wh,13316.24,44.90561900356257,False,560.146,64.9299097086893
Santa Cristina Pnt Grigio,7543.08,14.653960981455846,False,560.146,64.9299097086893
Santa Cristina Toscana,101738.98,39.952690699277696,False,560.146,64.9299097086893
Santa Ema Reserve Merlot,563.53,32.86071726438699,False,560.146,64.9299097086893
Santa Julia Malbec,3417.15,33.93002941047364,False,560.146,64.9299097086893
Santa Lucia Sangvs Monte Ant,63748.87,44.0367492004172,False,560.146,64.9299097086893
Santa Margherita Chianti Cls,15902.9,22.75434040332267,False,560.146,64.9299097086893
Santa Margherita Pnt Grigio,923055.25,40.415730261000085,False,560.146,64.9299097086893
Santa Margherita Prosecco V,43787.86,36.83847532169876,False,560.146,64.9299097086893
Santa Maria Alla Pieve Ripas,1729.28,26.554404145077726,False,560.146,64.9299097086893
Santa Maria Alla Pieve Valpo,3387.56,28.394773819504298,False,560.146,64.9299097086893
Santa Marta Pnt Grigio,95.88,34.16770963704631,False,560.146,64.9299097086893
Santa Rita 120 Cab Svgn,55545.270000000004,30.479228924443074,False,560.146,64.9299097086893
Santa Rita 120 Chard,14927.08,34.77893868057249,False,560.146,64.9299097086893
Santa Rita 120 Merlot,21132.72,29.371041683228665,False,560.146,64.9299097086893
Santa Rita 120 Svgn Bl,84075.64,30.935179321858264,False,560.146,64.9299097086893
Santa Rita Medalla Cab Svgn,11448.84,35.99106983764294,False,560.146,64.9299097086893
Santa Rita Organic Svgn Bl,9.99,66.46646646646647,True,560.146,64.9299097086893
Santa Rita RSV Cab Svgn,44889.15,38.39994742604839,False,560.146,64.9299097086893
Santa Rita RSV Chard,8522.86,45.9054824319536,False,560.146,64.9299097086893
Santa Rita RSV Merlot,11285.27,46.49308346189326,False,560.146,64.9299097086893
Santa Rita RSV Svgn Bl,40826.97,35.798762435713456,False,560.146,64.9299097086893
Santa Rita Secret Rsv Red,8864.14,39.519005791876026,False,560.146,64.9299097086893
Santi Amarone Proemio 06,1099.78,10.882176435287052,False,560.146,64.9299097086893
Santi Pinot Grigio Delle Ve,10760.58,31.97838778207122,False,560.146,64.9299097086893
Santos Sangria,12917.07,33.967378050904735,False,560.146,64.9299097086893
Sapling Maple Bourbon,61414.340000000004,24.83779846856615,False,560.146,64.9299097086893
Sapling Vermont Maple Liquer,55069.299999999996,22.17496863043474,False,560.146,64.9299097086893
Saracco Moscato d'Asti,16394.82,26.197725867072645,False,560.146,64.9299097086893
Sartori Amarone,24234.940000000002,33.26676278133968,False,560.146,64.9299097086893
Sartori Bardolino Chiaretto,1151.28,33.771106941838646,False,560.146,64.9299097086893
Sartori Family Pnt Grigio,1605.99,33.088001793286395,False,560.146,64.9299097086893
Sartori Family Pnt Nr,2876.3999999999996,31.038798498122638,False,560.146,64.9299097086893
Sartori Valpolicella Cls,1597.79,26.007798271362315,False,560.146,64.9299097086893
Sassacaia,8669.49,78.51223082326642,False,560.146,64.9299097086893
Sassy Bitch Pnt Noir,143.88,31.526271893244374,False,560.146,64.9299097086893
Satellite Svgn Blanc Marlbor,2063.59,86.180394361283,False,560.146,64.9299097086893
Sauska Aszu Essencia,1313.6399999999999,23.234676166986386,False,560.146,64.9299097086893
Sauska Tokaji Aszu,1824.75,72.7907932593506,False,560.146,64.9299097086893
Sauvignon Republic Svgn Bl,96.69,27.272727272727277,False,560.146,64.9299097086893
Sauvion Muscadet Ch de Cler,4263.36,41.662913758162574,False,560.146,64.9299097086893
Sauvion Rose d'Anjou,5191.67,63.50885167971,False,560.146,64.9299097086893
Sauvion Vouvray,22329.99,32.1240179686601,False,560.146,64.9299097086893
Sauza 901 Silver Tequila,18757.789999999997,30.135266467958104,False,560.146,64.9299097086893
Sauza Blanco Tequila,208875.83,8.358970973328987,False,560.146,64.9299097086893
Sauza Blue Silver,100027.48,25.689240596684037,False,560.146,64.9299097086893
Sauza Blue Silver Tequila,154464.25,24.565069263599828,False,560.146,64.9299097086893
Sauza Blue Silver VAP,15962.44,25.300643260052976,False,560.146,64.9299097086893
Sauza Conmemorativo,76817.29999999999,21.897280951035754,False,560.146,64.9299097086893
Sauza Cucumber Chili Tequila,5858.46,75.58146680185578,False,560.146,64.9299097086893
Sauza Extra Gold Tequila,295923.92,25.325571217950397,False,560.146,64.9299097086893
Sauza Giro Gold Tequila,24806.86,28.910551355552467,False,560.146,64.9299097086893
Sauza Gold Tequila,62902.62,21.147449820055193,False,560.146,64.9299097086893
Sauza Silver Tequila,100698.29000000001,28.31040129877082,False,560.146,64.9299097086893
Sauza Sparkling Margarita,167.76,96.793037672866,True,560.146,64.9299097086893
Sauza Sprklg Wild Berry Marg,27.96,82.15307582260371,True,560.146,64.9299097086893
Sauza Tres Generaciones Pla,28283.670000000002,23.46873655363678,False,560.146,64.9299097086893
Sauza Tres Generacions Anejo,71622.32,21.89082956262796,False,560.146,64.9299097086893
Saved Red,13218.499999999998,12.587509929265797,False,560.146,64.9299097086893
Savory & James Amontillado,1958.04,19.293783579497862,False,560.146,64.9299097086893
Savory & James Deluxe Cream,42804.119999999995,25.596414550748847,False,560.146,64.9299097086893
Sazerac 6 Yr Straight Rye,10496.5,27.542514171390465,False,560.146,64.9299097086893
Sbragia Cab Svgn Monte Rosse,2437.4700000000003,93.6676143706384,False,560.146,64.9299097086893
Sbragia Home Ranch Merlot,549.75,66.44474761255115,True,560.146,64.9299097086893
Scaggs Vyds Mt Vedeer Montag,1247.68,91.37919979481919,False,560.146,64.9299097086893
Scagliola Barbera D'Asti Frm,3158.4199999999996,33.834005610400126,False,560.146,64.9299097086893
Scagliola Dolcesvago Moscato,104.78999999999999,68.22215860292012,True,560.146,64.9299097086893
Scagliola Dolcetto Sempre,1529.97,83.3330065295398,False,560.146,64.9299097086893
Scagliola Mati Barbera,10459.87,34.734561710614,False,560.146,64.9299097086893
Scagliola Moscato D'Asti Prm,1519.05,24.684506764095985,False,560.146,64.9299097086893
Scala Dei Negre Priorat,787.5799999999999,71.48353183168693,False,560.146,64.9299097086893
Scapa 16 Yr Old Single Malt,74295.51,14.38965827140832,False,560.146,64.9299097086893
Schlink Haus Auslese,359.73,16.13710282712034,False,560.146,64.9299097086893
Schlink Haus Kabinett,659.4,22.58416742493176,False,560.146,64.9299097086893
Schlink Haus Spatlese,137.88,31.070496083550907,False,560.146,64.9299097086893
Schlosskellerei Gobelsburg,5124.79,68.99385145537671,False,560.146,64.9299097086893
Schmitt Sohne Auslese,32278.04,34.08149937232868,False,560.146,64.9299097086893
Schmitt Sohne Auslese Michls,9370.14,27.27109733685943,False,560.146,64.9299097086893
Schmitt Sohne Blue Rsl,14026.939999999999,37.62680955361611,False,560.146,64.9299097086893
Schmitt Sohne Funf Rsl,4538.37,34.737802338725146,False,560.146,64.9299097086893
Schmitt Sohne Funf Sangria,1858.3,35.38987246408008,False,560.146,64.9299097086893
Schmitt Sohne Kabinett,5416.83,32.24007399161502,False,560.146,64.9299097086893
Schmitt Sohne Kabinett Mchls,5118.0599999999995,26.919965768279386,False,560.146,64.9299097086893
Schmitt Sohne Liebfraumilch,7277.08,32.496550814337624,False,560.146,64.9299097086893
Schmitt Sohne QbA,71068.4,36.78836163470684,False,560.146,64.9299097086893
Schmitt Sohne Relax Mosel,160042.51,40.74476631313869,False,560.146,64.9299097086893
Schmitt Sohne Relax Pink Ros,39816.72,31.73244807708922,False,560.146,64.9299097086893
Schmitt Sohne Spatlese,13365.47,40.231581829894495,False,560.146,64.9299097086893
Schmitt Sohne Spatlese Psprt,38032.19,38.598592402909226,False,560.146,64.9299097086893
Schramsberg Blanc de Blancs,18592.940000000002,34.072556572548514,False,560.146,64.9299097086893
Schramsberg Brut Rose,1577.5900000000001,44.06911808518057,False,560.146,64.9299097086893
Schramsberg Mirabelle B Rose,9408.24,38.83213013273471,False,560.146,64.9299097086893
Schug Cab Svgn,4523.19,95.04796393695601,False,560.146,64.9299097086893
Schug Chard Carneros,72715.58,4.1288263120503235,False,560.146,64.9299097086893
Schug Pnt Nr Carneros,64655.78,80.39783399445332,False,560.146,64.9299097086893
Schug Sonoma Cnty Chard,1403.22,60.28562876811905,False,560.146,64.9299097086893
Schug Svgn Bl Sonoma Vly,8634.6,92.6682185625275,False,560.146,64.9299097086893
Scoresby Rare,210802.31999999998,33.7679017804941,False,560.146,64.9299097086893
Scoresby Scotch,11.99,28.607172643869887,False,560.146,64.9299097086893
Scorpion Anejo Mexcal,359.92,44.437652811735944,False,560.146,64.9299097086893
Scorpion Silver,209.94,22.492140611603315,False,560.146,64.9299097086893
Scott Family Est Chard Arroy,2818.5899999999997,74.49611330487939,False,560.146,64.9299097086893
Scott Family Est Pnt Nr Arro,4270.22,73.83647680915738,False,560.146,64.9299097086893
Screech Honey Rum,1337.0,84.81675392670157,False,560.146,64.9299097086893
Screech Rum,34942.84,26.08013544405664,False,560.146,64.9299097086893
Screech Spiced Rum,1783.67,95.41170732254285,False,560.146,64.9299097086893
Sea Hagg Amber Rum,8956.8,30.568953197570565,False,560.146,64.9299097086893
Sea Hagg Blueberry Rum,12791.429999999998,17.590605585145667,False,560.146,64.9299097086893
Sea Hagg Poitin White Whisky,98.89,44.50399433714228,False,560.146,64.9299097086893
Sea Hagg Spiced Rum,9319.24,48.93907657705993,False,560.146,64.9299097086893
Sea Pearl Svgn Bl,818.37,22.26499016337354,False,560.146,64.9299097086893
Sea Ridge Chard Cal,77.94,31.947652040030793,False,560.146,64.9299097086893
Sea Smoke Chard,1511.76,15.542149547547218,False,560.146,64.9299097086893
Sea Smoke Southing Pnt Nr,4679.28,20.364244071737524,False,560.146,64.9299097086893
Seaglass Chard,57176.4,30.293582666974483,False,560.146,64.9299097086893
Seaglass Pnt Nr,46972.98,34.84498960891986,False,560.146,64.9299097086893
Seaglass Rsl,74203.45999999999,32.34147033035925,False,560.146,64.9299097086893
Seaglass Svgn Bl Snt Barbara,145958.24,34.77400111155081,False,560.146,64.9299097086893
Seagram's Red Berry Vodka,5349.400000000001,45.32097057613939,False,560.146,64.9299097086893
Seagrams 7 Crown,801560.19,24.75264860239387,False,560.146,64.9299097086893
Seagrams 7 PET,599.4,20.02002002002002,False,560.146,64.9299097086893
Seagrams Extra Dry Gin,293826.12,26.323438365688645,False,560.146,64.9299097086893
Seagrams Extra Smooth Vodka,229023.25,27.038586693709043,False,560.146,64.9299097086893
Seagrams Twisted Lime Gin,203.88,20.0117716303708,False,560.146,64.9299097086893
Seagrams VO,1001443.01,25.550407241517338,False,560.146,64.9299097086893
Seagrams VO Canadian Whiskey,35513.79,35.36344614303346,False,560.146,64.9299097086893
Seagrams VO Gold,34714.29,27.65924349885883,False,560.146,64.9299097086893
Sean Minor 4B Paso Cab Svgn,12752.72,19.54657516200465,False,560.146,64.9299097086893
Sean Minor 4B Pinot Noir,26796.38,31.052179436177575,False,560.146,64.9299097086893
Sean Minor Cab Svgn,38700.64,34.63059008843265,False,560.146,64.9299097086893
Sean Minor Carneros Pnt Nr,32844.31,28.833791910988538,False,560.146,64.9299097086893
Sean Minor Red Napa Vly,7808.089999999999,31.972864042294592,False,560.146,64.9299097086893
Sebastiani Cab Svgn Sonoma,35922.03,44.41085317283015,False,560.146,64.9299097086893
Sebastiani Chard Sonoma,39102.43,60.82647549014217,False,560.146,64.9299097086893
Sebastiani Merlot Sonoma,19.99,31.965982991495746,False,560.146,64.9299097086893
Sebastiani Pnt Nr Sonoma,9643.1,30.071035248001166,False,560.146,64.9299097086893
Sebastiani Znfdl Sonoma Cnty,146533.32,45.48310923413187,False,560.146,64.9299097086893
Secco-Bertani Verona,9939.59,36.31930492102793,False,560.146,64.9299097086893
Secoli 13 Prosecco Valdobbia,3453.12,85.54640441108332,False,560.146,64.9299097086893
Secoli 14 Pnt Grigio Venezia,189.81,60.59217111848692,False,560.146,64.9299097086893
Segal's Cab Svgn Spcl Rsv Ga,5625.32,83.39187815093186,False,560.146,64.9299097086893
Segal's Fusion Chard/Colombd,2654.34,16.373938530858908,False,560.146,64.9299097086893
Seghesio Arneis RRV,197.82,77.16105550500455,True,560.146,64.9299097086893
Seghesio Old Vine Znfdl,31398.16,36.45856954675051,False,560.146,64.9299097086893
Seghesio Rockpile Znfdl,2963.2200000000003,35.06185838378521,False,560.146,64.9299097086893
Seghesio Znfdl Sonoma,148531.85,37.67447857143098,False,560.146,64.9299097086893
Segura Viudas Brut RSV,29658.16,35.143582744175625,False,560.146,64.9299097086893
Seifried Nelson Svgn Blanc,287.82,8.025849489264111,False,560.146,64.9299097086893
Selbach-Oster Riesling,1512.11,95.38128839833081,False,560.146,64.9299097086893
Sella & Mosca RSV Cannonau,50443.770000000004,38.4099166259778,False,560.146,64.9299097086893
Sella & Mosca Terre Rare,1633.91,27.58475069006249,False,560.146,64.9299097086893
Sella & Mosca Vermentino Ca,9020.97,26.09819121447028,False,560.146,64.9299097086893
Senators Club,15433.92,28.45330285501026,False,560.146,64.9299097086893
Senda 66 Tempranillo,5003.86,38.38456711418785,False,560.146,64.9299097086893
Sensi 18K Prosecco,66119.48,32.98676880096456,False,560.146,64.9299097086893
Sensi Chianti DOCG,8666.77,39.777564190580804,False,560.146,64.9299097086893
Sensi Dalcampo Chianti Rsva,12456.57,24.173508437716006,False,560.146,64.9299097086893
Sensi Sangiovese/Cab Svgn T,11566.609999999999,34.32172434274174,False,560.146,64.9299097086893
Sensi Tuscano Bianco,269.64,33.377837116154865,False,560.146,64.9299097086893
Septima Malbec Mendoza,69163.14,37.541181617838646,False,560.146,64.9299097086893
Sequin Delicately Moscato,17058.65,30.653832513123852,False,560.146,64.9299097086893
Sequin Delicately Pnt Grigio,26327.05,30.036217502530672,False,560.146,64.9299097086893
Sequin Delicately Rose,2041.08,26.072471436690375,False,560.146,64.9299097086893
Sequinot-Bordet Chablis Four,7233.73,4.813422674056118,False,560.146,64.9299097086893
Sequoia Grove Cab Svgn,65067.5,13.638606062934649,False,560.146,64.9299097086893
Seratina Primitivo,1486.59,73.01206116010466,False,560.146,64.9299097086893
Serbal Chardonnay,389.70000000000005,39.168591224018485,False,560.146,64.9299097086893
Serpent's Bite Cider Whiskey,67488.65,29.62076488334317,False,560.146,64.9299097086893
Sette Ponti Crognolo Toscan,139.93,71.61437861788038,True,560.146,64.9299097086893
Seven Daughters Moscato 4 Pk,4691.87,24.199945863802704,False,560.146,64.9299097086893
Seven Daughters Moscato IGT,2022.1599999999999,27.98393796732207,False,560.146,64.9299097086893
Seven Deadly Zins Lodi Znfdl,299.8,22.82188125416945,False,560.146,64.9299097086893
Seven Falls Cab Svgn,7550.13,30.22808878787518,False,560.146,64.9299097086893
Seven Falls Chard,1022.0699999999999,7.270539199859105,False,560.146,64.9299097086893
Seven Falls Merlot,1725.4299999999998,25.928029534666702,False,560.146,64.9299097086893
Seven Hills Cab Svgn Columbi,2344.9799999999996,22.445820433436513,False,560.146,64.9299097086893
Sextant Znfdl,1144.53,33.33333333333333,False,560.146,64.9299097086893
Shady Fruit Real Ruby Red Gr,16110.599999999999,63.65060903834508,False,560.146,64.9299097086893
Shady Fruit Valencia Orange,15269.619999999999,60.511424663282696,False,560.146,64.9299097086893
Shafer Hillside Cab Svgn,13126.57,63.65551068754189,False,560.146,64.9299097086893
Shafer Hillside Cab Svgn 06,779.98,66.66709402805199,False,560.146,64.9299097086893
Shafer Merlot Napa,18924.620000000003,81.9584224148226,False,560.146,64.9299097086893
Shafer One Pnt Five Cab Svgn,30101.3,73.42456970296965,False,560.146,64.9299097086893
Shafer Red Shoulder Chard,16168.890000000001,51.87424739731671,False,560.146,64.9299097086893
Shafer Relentless Syrah,15220.23,82.9635294604615,False,560.146,64.9299097086893
Shane Judge Vyd Syrah Bennet,1074.75,45.58734589439405,False,560.146,64.9299097086893
Shane The Unknown Syrah No C,1559.61,63.60628618693135,False,560.146,64.9299097086893
Shannon Ridge 09 Cab Svgn,575.64,58.057119032728785,False,560.146,64.9299097086893
Shannon Ridge Chard HE Lake,335.79,59.81416957026714,False,560.146,64.9299097086893
Shardana Valli Di Porto Pino,2324.07,72.04301075268818,False,560.146,64.9299097086893
Sharpe Hill Ballet of Angel,32811.33,36.20846823338157,False,560.146,64.9299097086893
Shatter Grenache VdP Catalan,5457.2699999999995,78.5757347538238,False,560.146,64.9299097086893
Shaya Verdejo Old Vines Whit,2616.1,28.849814609533276,False,560.146,64.9299097086893
Sheep Dip Scotch,39858.68,29.758235847248333,False,560.146,64.9299097086893
Sheffield Cream Sherry,48960.99,30.989753270920378,False,560.146,64.9299097086893
Sheffield Marsala Silver Lne,7982.889999999999,35.35411361048441,False,560.146,64.9299097086893
Sheffield Tawny Port,14355.63,32.80859147247456,False,560.146,64.9299097086893
Sheffield Very Dry Sherry,20499.48,31.564898231564896,False,560.146,64.9299097086893
Shellback Spiced Rum,6247.299999999999,70.71438861588206,False,560.146,64.9299097086893
Shelton Wild Thing Znfdl,28621.499999999996,30.235347553412637,False,560.146,64.9299097086893
Sho Chiku Bai Takara Sake,47773.0,29.877270405987097,False,560.146,64.9299097086893
Shooting Star 12 Barbera Cnt,11225.95,34.95134042107795,False,560.146,64.9299097086893
Shooting Star Chard Lake Cny,344.77,28.938132668155582,False,560.146,64.9299097086893
Shooting Star Znfdl Lake Cty,794.47,8.758039951162415,False,560.146,64.9299097086893
Sidebar Svgn Bl,1943.1899999999998,93.54463536761716,False,560.146,64.9299097086893
Siduri Pnt Nr 13 Clos Pepe,7631.39,27.564965229139133,False,560.146,64.9299097086893
Siduri Pnt Nr RRV,1104.61,18.378432206842234,False,560.146,64.9299097086893
Siduri Pnt Nr Sonoma Cst,43930.149999999994,70.20397153207989,False,560.146,64.9299097086893
Siduri Pnt Nr Williamette Vy,28408.19,14.696571657680394,False,560.146,64.9299097086893
Siegel Reserve Cab Svgn,2529.81,50.53778742277088,False,560.146,64.9299097086893
Sierra Cantabria 14 Rose Rio,181.85999999999999,40.87759815242494,False,560.146,64.9299097086893
Sierra Cantabria Crianza,3036.18,77.32841926368003,False,560.146,64.9299097086893
Sierra Cantabria Rioja Tint,8327.06,37.00825981799098,False,560.146,64.9299097086893
Sierra Cantabria Unica Rsv 0,6008.66,31.758495238539048,False,560.146,64.9299097086893
Signo 11 Bobal de Manchuela,6019.139999999999,85.10833773595563,False,560.146,64.9299097086893
Signorello's Cab Svgn Napa,1083.86,73.46243979849795,False,560.146,64.9299097086893
Sileni Nano Pnt Nr,75.81,14.523149980213699,False,560.146,64.9299097086893
Sileni Sauvignon Blanc,22061.65,31.157642334095602,False,560.146,64.9299097086893
Silo Whiskey,354.42,71.68613509395632,True,560.146,64.9299097086893
Silver Mtn Hard Cider,342.51,77.46635134740592,True,560.146,64.9299097086893
Silver Oak Cab Svgn Alex Vly,229163.53,34.15562240640996,False,560.146,64.9299097086893
Silver Oak Cab Svgn Napa,188877.73,44.637829986626805,False,560.146,64.9299097086893
Silver Oak Cab Svgn Napa Vly,6599.700000000001,79.59225419337243,False,560.146,64.9299097086893
Silver Palm 12 Chard No Cst,913.37,38.66779070913211,False,560.146,64.9299097086893
Silver Palm Nth Cst Cab Svgn,90401.94,32.40480237481629,False,560.146,64.9299097086893
Silver Root Marley Rum,764.49,81.66882496827951,False,560.146,64.9299097086893
Silverado Cab Svgn Napa,173540.89,41.50548611338803,False,560.146,64.9299097086893
Silverado Chard,42805.82,54.47670433599917,False,560.146,64.9299097086893
Silverado GEO Cab Svg,437.94,35.059597205096594,False,560.146,64.9299097086893
Silverado Merlot Napa,36224.7,37.68064331795708,False,560.146,64.9299097086893
Silverado Solo SLD Cab Svgn,13948.61,58.622543751671316,False,560.146,64.9299097086893
Silverado Svgn Bl Napa,47609.979999999996,36.47571370540377,False,560.146,64.9299097086893
Simi Cab Svgn,262676.49,39.505587272008995,False,560.146,64.9299097086893
Simi Cab Svgn Alexander Vly,367.98,34.20838089026578,False,560.146,64.9299097086893
Simi Chard,341002.63,44.05310598337614,False,560.146,64.9299097086893
Simi Chard Sonoma Cty,5097.83,2.4267188195761733,False,560.146,64.9299097086893
Simi Landslide Cab Svgn Alex,31656.67,41.70151187727578,False,560.146,64.9299097086893
Simi Merlot,18060.52,22.68317855742803,False,560.146,64.9299097086893
Simi Pnt Nr Sonoma Cnty,63531.36,27.764477259734406,False,560.146,64.9299097086893
Simi Svgn Bl,136233.8,45.62559364856591,False,560.146,64.9299097086893
Simonnet-Febvre Bourgogne Br,2323.45,29.13985667864598,False,560.146,64.9299097086893
Simple Life Chard,911.28,40.900711087700806,False,560.146,64.9299097086893
Simple Life Pnt Nr,15751.230000000001,10.283895289447248,False,560.146,64.9299097086893
Simply Naked Cab Svgn,895.13,80.09227709941572,False,560.146,64.9299097086893
Simply Naked Chard,21846.64,35.58185606573825,False,560.146,64.9299097086893
Simply Naked Pnt Grigio,21551.300000000003,38.314022819969104,False,560.146,64.9299097086893
Simply Naked Undressed Red,523.38,34.73193473193473,False,560.146,64.9299097086893
Simply Naked Unoaked Svgn Bl,12525.95,38.744446529005785,False,560.146,64.9299097086893
Sipsmith Gin,10668.26,13.987848065195262,False,560.146,64.9299097086893
Sivas-Sonoma Cab Svgn,8326.17,32.306810934679454,False,560.146,64.9299097086893
Six Hats Chenin Blanc,143.88,33.778148457047536,False,560.146,64.9299097086893
Six Hats Shiraz,4742.05,49.491886420429985,False,560.146,64.9299097086893
Sixto Chardonnay,5974.34,72.0484605830937,False,560.146,64.9299097086893
Skeleton Malbec,17372.57,43.15780566720985,False,560.146,64.9299097086893
Skinnygirl Chard,152.84,8.924365349384987,False,560.146,64.9299097086893
Skinnygirl Cosmopolitan,66501.05,27.105917876484657,False,560.146,64.9299097086893
Skinnygirl Cucumber Vodka,779.48,98.564427567096,False,560.146,64.9299097086893
Skinnygirl Grapefruit Marg,27534.38,30.340904716212968,False,560.146,64.9299097086893
Skinnygirl Margarita,122034.44,27.339126561321546,False,560.146,64.9299097086893
Skinnygirl Mojito RTD,15779.890000000001,67.56200455136255,False,560.146,64.9299097086893
Skinnygirl Pina Colada,3306.63,72.75473820778254,False,560.146,64.9299097086893
Skinnygirl Red Wine,10560.9,39.82245831321194,False,560.146,64.9299097086893
Skinnygirl Rose Wine,15053.0,36.988042250714145,False,560.146,64.9299097086893
Skinnygirl Sangria,27162.14,42.660335304950195,False,560.146,64.9299097086893
Skinnygirl Spicy Lime RTD,44992.1,31.776467424281147,False,560.146,64.9299097086893
Skinnygirl Sprklng Margarita,3302.45,84.98660085693955,False,560.146,64.9299097086893
Skinnygirl Sweet'Arita,34970.24,30.399047876136954,False,560.146,64.9299097086893
Skinnygirl Tangerine Vodka,2368.42,99.54484424215299,False,560.146,64.9299097086893
Skinnygirl Vodka,10058.93,62.894661758258586,False,560.146,64.9299097086893
Skinnygirl W Peach Margarita,38890.72,33.0005718587879,False,560.146,64.9299097086893
Skinnygirl Wh Cherry Vodka,8534.61,67.54380106413767,False,560.146,64.9299097086893
Skinnygirl White Wine,23983.63,38.662496044176805,False,560.146,64.9299097086893
Skol Vodka,11701.47,28.33669615868775,False,560.146,64.9299097086893
Skyfall Cab Svgn,1367.28,5.505821777543734,False,560.146,64.9299097086893
Skyy Barcraft White Sangria,7817.4800000000005,71.0489825365719,False,560.146,64.9299097086893
Skyy Infusions Blood Orange,70998.39,21.72935189093724,False,560.146,64.9299097086893
Skyy Infusions Blueberry,6501.33,22.6930489607511,False,560.146,64.9299097086893
Skyy Infusions Citrus Vodka,121365.26,25.657885955173658,False,560.146,64.9299097086893
Skyy Infusions Cranberry,22008.69,19.256893527056807,False,560.146,64.9299097086893
Skyy Infusions Dragon Fruit,36431.13,36.89531452908542,False,560.146,64.9299097086893
Skyy Infusions Georgia Peach,215.82,86.84088592345472,True,560.146,64.9299097086893
Skyy Infusions Grapefuit,4000.59,31.19764834686884,False,560.146,64.9299097086893
Skyy Infusions Pacific Blueb,51570.72,46.19146290763441,False,560.146,64.9299097086893
Skyy Infusions Pineapple,48872.19,22.337836712453452,False,560.146,64.9299097086893
Skyy Infusions TX Grapefruit,46642.77,35.1655143980514,False,560.146,64.9299097086893
Skyy Vodka,1746842.2699999998,23.304097140373337,False,560.146,64.9299097086893
Skyy Watermelon Fresca Vodka,9124.83,42.7553170853594,False,560.146,64.9299097086893
Slingshot Cab Svgn,33055.82,36.34149750331409,False,560.146,64.9299097086893
Sloane's Gin,7071.5,81.49501520186665,False,560.146,64.9299097086893
Slow Press Cab Svgn,2848.1,15.12236227660545,False,560.146,64.9299097086893
Small Batch 1792,95005.76999999999,33.077748856727325,False,560.146,64.9299097086893
Smashberry Red,477.59999999999997,72.16499162479062,True,560.146,64.9299097086893
Smirnoff 80 Proof,2408193.7399999998,27.786739458710713,False,560.146,64.9299097086893
Smirnoff 80 Proof Traveler,427609.95999999996,30.920449093374717,False,560.146,64.9299097086893
Smirnoff Blue 100 Proof,74401.47,30.88636555164837,False,560.146,64.9299097086893
Smirnoff Blue 100 Proof Trav,101266.48,20.214230809642036,False,560.146,64.9299097086893
Smirnoff Blueberry Vodka,270041.56,24.931138892020375,False,560.146,64.9299097086893
Smirnoff Cherry Vodka,92908.61000000002,22.893079491013932,False,560.146,64.9299097086893
Smirnoff Cinn Sugar Twist,233.82,2.6943802925327103,False,560.146,64.9299097086893
Smirnoff Citrus Vodka,312446.6,28.91102455245403,False,560.146,64.9299097086893
Smirnoff Coconut,402.69,9.260224986962681,False,560.146,64.9299097086893
Smirnoff Cranberry Vodka,81002.94,28.905395285652595,False,560.146,64.9299097086893
Smirnoff Fluffed Marshmallow,554.63,61.392279537709825,False,560.146,64.9299097086893
Smirnoff Green Apple Vodka,241949.90000000002,27.737724426330274,False,560.146,64.9299097086893
Smirnoff Kissed Caramel,252290.91999999998,25.94067889008945,False,560.146,64.9299097086893
Smirnoff Light Lemon Sorbet,20503.05,65.86922433491603,False,560.146,64.9299097086893
Smirnoff Light Strawberry,5.9399999999999995,50.16835016835016,False,560.146,64.9299097086893
Smirnoff Lime Vodka,416.08000000000004,68.15996923668524,True,560.146,64.9299097086893
Smirnoff Mango Vodka,467.64,23.09468822170901,False,560.146,64.9299097086893
Smirnoff Orange Vodka,348879.81999999995,37.662859372281346,False,560.146,64.9299097086893
Smirnoff Peppermint Twist,58684.090000000004,59.27732406180626,False,560.146,64.9299097086893
Smirnoff Pineapple,159.39000000000001,6.895037329819943,False,560.146,64.9299097086893
Smirnoff Pomegrante,782.46,33.86243386243387,False,560.146,64.9299097086893
Smirnoff Pomegrante Vodka,155.88,25.943033102386448,False,560.146,64.9299097086893
Smirnoff Raspberry Vodka,879557.3999999999,27.088969061080586,False,560.146,64.9299097086893
Smirnoff Red White & Berry,74398.34,27.042243146822898,False,560.146,64.9299097086893
Smirnoff Root Beer Float,536.5600000000001,43.86461905471896,False,560.146,64.9299097086893
Smirnoff Ruby Red Grapefruit,83019.56,49.74238978479356,False,560.146,64.9299097086893
Smirnoff Sorbet Mango/Pasion,27633.96,66.46309157106367,False,560.146,64.9299097086893
Smirnoff Sorbet Pine/Coconut,58292.83,27.51848584979365,False,560.146,64.9299097086893
Smirnoff Sorbet Rasp/Pomegra,149716.9,27.52897223661244,False,560.146,64.9299097086893
Smirnoff Sourced Cran Apple,29118.1,6.353779951301764,False,560.146,64.9299097086893
Smirnoff Sourced Cran/Apple,22090.86,22.770322205654285,False,560.146,64.9299097086893
Smirnoff Sourced Pineapple,22059.18,16.3915431126633,False,560.146,64.9299097086893
Smirnoff Sours Watermelon,145.52999999999997,56.95732838589981,False,560.146,64.9299097086893
Smirnoff Strawberry Vodka,175699.7,19.820576126826236,False,560.146,64.9299097086893
Smirnoff Traveler,2592041.35,19.43281151745515,False,560.146,64.9299097086893
Smirnoff Vanilla Vodka,452120.63999999996,30.09372107045886,False,560.146,64.9299097086893
Smirnoff Watermelon,105448.86,22.15278572001632,False,560.146,64.9299097086893
Smirnoff Watermelon Vodka,163212.63,30.149645894438436,False,560.146,64.9299097086893
Smirnoff Wh Peach Sorbet,346.5,75.68831168831169,True,560.146,64.9299097086893
Smirnoff Whipped Cream,75052.94,27.44516734812052,False,560.146,64.9299097086893
Smith & Cross Jamacian Rum,22136.39,30.87368807651112,False,560.146,64.9299097086893
Smith & Hook Cab Svgn,1439.84,56.89798866540726,False,560.146,64.9299097086893
Smith & Hook Lucia Cab Svgn,73005.34999999999,33.28395795650592,False,560.146,64.9299097086893
Smith & Sons Cab Svgn,137.94,31.491953023053497,False,560.146,64.9299097086893
Smoke Stack Svgn Bl,1034.6399999999999,32.35908141962421,False,560.146,64.9299097086893
Smoking Loon Cab Svgn,193019.74,36.38149652465597,False,560.146,64.9299097086893
Smoking Loon Chard,176844.86000000002,34.73214884503854,False,560.146,64.9299097086893
Smoking Loon Malbec Carancho,21566.72,43.94112781173957,False,560.146,64.9299097086893
Smoking Loon Merlot,106414.96,37.104172195337945,False,560.146,64.9299097086893
Smoking Loon Pnt Grigio Cal,169510.57,37.43664480627963,False,560.146,64.9299097086893
Smoking Loon Pnt Nr,143160.21,34.02926693108371,False,560.146,64.9299097086893
Smoking Loon Red Loonatic,7823.58,46.4020307838611,False,560.146,64.9299097086893
Smoking Loon Steelbird Chard,81768.28,43.436721427918016,False,560.146,64.9299097086893
Smoking Loon Svgn Bl Cal,54758.68,46.16979445085236,False,560.146,64.9299097086893
Smoking Loon Syrah,5998.01,43.94890972172438,False,560.146,64.9299097086893
Smoking Loon Viognier Cal,6844.700000000001,60.00905810335004,False,560.146,64.9299097086893
Smoking Loon Znfdl Cal,14299.92,48.596076061963984,False,560.146,64.9299097086893
Smoky Quartz Granite Cst Rum,11848.189999999999,25.57521444203713,False,560.146,64.9299097086893
Smugglers Notch Gin,1823.4299999999998,36.216909889603656,False,560.146,64.9299097086893
Smugglers Notch Vodka,44964.78,20.044777267897224,False,560.146,64.9299097086893
Snake River Stampede Whisky,11697.619999999999,67.55263036412535,False,560.146,64.9299097086893
Snap Dragon Pnt Nr,1564.26,24.39108588086379,False,560.146,64.9299097086893
Snoqualmie Rsl Winemkrs Slct,2638.0699999999997,34.170056139526245,False,560.146,64.9299097086893
Sobieski Cytron Vodka,1888.11,23.34980483128631,False,560.146,64.9299097086893
Sobieski Espresso Vodka,2447.55,25.438499724214015,False,560.146,64.9299097086893
Sobieski Orange Vodka,729.27,13.628697190341024,False,560.146,64.9299097086893
Sobieski Raspberry Vodka,1508.49,25.916645121943137,False,560.146,64.9299097086893
Sobieski Vanilla Vodka,669.33,0.47360793629451436,False,560.146,64.9299097086893
Sobieski Vodka,201777.13999999996,49.7471251535621,False,560.146,64.9299097086893
Sociando Mallet 12 Haut-Medo,2507.4300000000003,97.6126950702512,False,560.146,64.9299097086893
Sogno di Sorrento Crema Lem,74619.62,33.33097917142971,False,560.146,64.9299097086893
Sogno di Sorrento Lemoncell,36330.89,25.9767652265056,False,560.146,64.9299097086893
Sokol Blosser Evolution Pnt,16640.67,75.00184788232684,False,560.146,64.9299097086893
Sokol Blosser Evolution Red,5368.68,35.07752371160136,False,560.146,64.9299097086893
Sokol Blosser Evolution Sprk,4551.969999999999,54.92984356223788,False,560.146,64.9299097086893
Sokol Blosser Evolution Whit,28087.64,34.86387606790745,False,560.146,64.9299097086893
Sokol Blosser Pnt Gris,4951.14,21.454048966500647,False,560.146,64.9299097086893
Sokol Blosser Rose of Pnt Nr,15381.9,30.892152464910055,False,560.146,64.9299097086893
Solar de Randez Crianza,17.99,34.63035019455252,False,560.146,64.9299097086893
Solerno Blood Orange Liqueur,65968.29000000001,29.869578247367034,False,560.146,64.9299097086893
Soli White Blend,7878.14,99.1835636330403,False,560.146,64.9299097086893
Solid Granite Vodka,11671.83,1.8666310252976523,False,560.146,64.9299097086893
Solimar Vinho Verde Branco,2949.78,1.141780064953991,False,560.146,64.9299097086893
Sonoma Loeb Chard Sangiacomo,7816.599999999999,13.969756671698683,False,560.146,64.9299097086893
Sonoma-Cutrer Chard RRV,192403.31,32.021096726454445,False,560.146,64.9299097086893
Sonoma-Cutrer Chard Sonoma,192344.34,45.942469635446514,False,560.146,64.9299097086893
Sonoma-Cutrer Cutrer V Chard,55701.78999999999,33.03461163456326,False,560.146,64.9299097086893
Sonoma-Cutrer Pierres Chard,479.88,34.208552138034506,False,560.146,64.9299097086893
Sonoma-Cutrer Pnt Nr,28010.66,24.277114498551626,False,560.146,64.9299097086893
Sorel Artisan Liqueur,1799.28,45.56100217864923,False,560.146,64.9299097086893
Sortilege Liqueur,13293.349999999999,34.51763475722822,False,560.146,64.9299097086893
Soter Vyds Mineral Springs P,4822.09,38.45573185071204,False,560.146,64.9299097086893
Soter Vyds North Vly Pnt Nr,2729.2200000000003,99.12172708685999,False,560.146,64.9299097086893
Soter Vyds Planet Oregon Pnt,1387.8200000000002,87.583404187863,False,560.146,64.9299097086893
Southern Comfort,600063.27,27.638935848555793,False,560.146,64.9299097086893
Southern Comfort & Egg Nog,2124.1299999999997,94.89296794452316,False,560.146,64.9299097086893
Southern Comfort 100 Proof,130774.87999999999,31.933807431632278,False,560.146,64.9299097086893
Southern Comfort Caramel,4136.4,80.36553524804178,False,560.146,64.9299097086893
Southern Comfort Cherry,7117.31,81.34295119925928,False,560.146,64.9299097086893
Southern Comfort Lime,1106.04,96.20718961339554,False,560.146,64.9299097086893
Southern Right Svgn Bl,611.49,43.814289685849324,False,560.146,64.9299097086893
Souverain Cab Svgn N Cst,110650.75,17.02471063232739,False,560.146,64.9299097086893
Souverain Chard N Cst,34157.7,28.801763584784684,False,560.146,64.9299097086893
Souverain Svgn Bl No Coast,17868.24,37.41185477696741,False,560.146,64.9299097086893
Spalletti Toscana Rosso Palz,59386.03,38.73448014625661,False,560.146,64.9299097086893
Spellbound Cab Svgn Cal,181882.25,44.34919845119577,False,560.146,64.9299097086893
Spellbound Chard,52498.59,31.936610107052392,False,560.146,64.9299097086893
Spellbound Merlot,22967.760000000002,28.93508117465526,False,560.146,64.9299097086893
Spellbound Petite Sirah Cal,132122.1,43.619833472220016,False,560.146,64.9299097086893
Speri Amarone Del Valpoicela,1799.7599999999998,16.105480730764086,False,560.146,64.9299097086893
Speyburn 10-Yr Single Malt,107599.26999999999,24.98867325029249,False,560.146,64.9299097086893
Speyburn Brandan Orach,46271.189999999995,31.60469830147008,False,560.146,64.9299097086893
Speymalt Macallan 1993 20 Yr,12959.19,88.60391737446554,False,560.146,64.9299097086893
Spiced Root Marley Rum,299.8,49.28619079386258,False,560.146,64.9299097086893
Spottswoode Cab Svgn Napa,9989.380000000001,71.48201389876047,False,560.146,64.9299097086893
Spottswoode Svgn Bl Napa Vly,6010.33,25.951486856794894,False,560.146,64.9299097086893
Spring 44 Gin,531.81,69.92911002049603,True,560.146,64.9299097086893
Spring 44 Honey Vodka,391.85999999999996,88.92461593426223,True,560.146,64.9299097086893
Spring 44 Vodka,979.65,82.27938549481958,False,560.146,64.9299097086893
Spring Mountain Cab Svgn 10,1055.84,31.035005303833902,False,560.146,64.9299097086893
Spring Vly Frederick Rd,2009.4,11.224246043595112,False,560.146,64.9299097086893
Spring Vly Uriah Walla Walla,380.89,60.79970595184962,False,560.146,64.9299097086893
Springbank 10 Yr Scotch,21930.89,36.15671776202424,False,560.146,64.9299097086893
Spud Potato Vodka,721.1099999999999,55.915186309994304,False,560.146,64.9299097086893
Spud Pumpkin Spice Vodka,3673.5299999999997,86.59708781471772,False,560.146,64.9299097086893
Spy Valley Pnt Nr Marlboro,4295.03,37.44257898082202,False,560.146,64.9299097086893
Spy Valley Rose,5520.72,27.813763422162335,False,560.146,64.9299097086893
Spy Valley Svgn Bl Marlboro,32633.33,31.367470006891736,False,560.146,64.9299097086893
Square One Bergamot Organic,9459.779999999999,65.86432242610293,False,560.146,64.9299097086893
St Brendans Irish Cream,178408.56,25.226605760691626,False,560.146,64.9299097086893
St Brendans Peppermint Bark,7039.66,77.6841495185847,False,560.146,64.9299097086893
St Brendans Salted Caramel,6382.4800000000005,81.565159624472,False,560.146,64.9299097086893
St Christopher Gluhwein,5333.37,35.56344300132936,False,560.146,64.9299097086893
St Clement Carneros Chard,539.73,30.68756600522483,False,560.146,64.9299097086893
St Clement Svgn Bl,37001.14,23.73953883583047,False,560.146,64.9299097086893
St Elder Elderflower Liqueur,176173.15,59.77846407826138,False,560.146,64.9299097086893
St Elizabeth Allspice Dram,179.94,50.62798710681338,False,560.146,64.9299097086893
St Francis Cab Svgn Sonoma,197484.76,45.7476870620295,False,560.146,64.9299097086893
St Francis Chard,127023.29,46.718959963956216,False,560.146,64.9299097086893
St Francis Merlot,56057.64,35.02609100204718,False,560.146,64.9299097086893
St Francis Old Vines Znfdl,59893.28999999999,36.33558951261484,False,560.146,64.9299097086893
St Francis Red Sonoma,547.5,12.241095890410955,False,560.146,64.9299097086893
St Francis White Splash,71.88,32.888146911519186,False,560.146,64.9299097086893
St George Absinthe Verte,18931.58,26.326804207572753,False,560.146,64.9299097086893
St George Botanivore Gin,38447.18,12.428141673849673,False,560.146,64.9299097086893
St George Calif Citrus Vodka,24.99,25.930372148859533,False,560.146,64.9299097086893
St George Gin 3/200mls Combo,12959.369999999999,31.779091113225405,False,560.146,64.9299097086893
St George Green Chile Vodka,824.67,18.24366110080395,False,560.146,64.9299097086893
St George Spiced Pear Liquer,985.66,4.896211675425591,False,560.146,64.9299097086893
St George Terrior Gin,44358.34,7.813231964947291,False,560.146,64.9299097086893
St Germain Liqueur,307930.26,50.0365303272987,False,560.146,64.9299097086893
St Hilaire Blanc de Blancs,61322.96,33.75841609733124,False,560.146,64.9299097086893
St Julien Rose CDR,174.5,35.08309455587392,False,560.146,64.9299097086893
St Mayhem Red Coffee & Peppe,367.8399999999999,32.448890822096544,False,560.146,64.9299097086893
St Mayhem Wh Peach & Ginger,643.7199999999999,32.88386254893432,False,560.146,64.9299097086893
St Mayhem White Aged/Peppers,1885.1799999999998,12.888954900858263,False,560.146,64.9299097086893
St Paul's Pnt Nr Alto Aldige,1199.4,32.866433216608314,False,560.146,64.9299097086893
St Remy VSOP Authentic Brndy,90567.54,31.42209670263761,False,560.146,64.9299097086893
St Remy XO Napoleon Brandy,42971.78,32.18256260271276,False,560.146,64.9299097086893
St Supery Cab Svgn,95233.54000000001,43.50519785361334,False,560.146,64.9299097086893
St Supery Dollarhide Cab Svg,2719.66,9.06436834016015,False,560.146,64.9299097086893
St Supery Dollarhide Svgn Bl,1019.66,65.62971971049174,False,560.146,64.9299097086893
St Supery Elu Meritage Red,3904.29,9.18604919204259,False,560.146,64.9299097086893
St Supery Rutherford Merlot,1871.52,40.09575104727708,False,560.146,64.9299097086893
St Supery Svgn Bl Napa,48544.5,35.46622171409738,False,560.146,64.9299097086893
St Urbans-Hof Rsl,24373.25,30.001128286133365,False,560.146,64.9299097086893
Stagg Jr Bourbon,23395.32,27.005401080216046,False,560.146,64.9299097086893
Staglin Cab Svgn Rutherford,4463.76,68.39054967112926,False,560.146,64.9299097086893
Staglin Family Vyd Est Chard,636.87,80.14665473330507,False,560.146,64.9299097086893
Staglin Salus Cab Svgn,1079.76,35.47454989997777,False,560.146,64.9299097086893
Staglin Salus Rthfd Chard,287.90999999999997,92.33788336632975,True,560.146,64.9299097086893
Stags Leap Artemis Cab Svgn,306724.45,36.226042625555294,False,560.146,64.9299097086893
Stags Leap Chard Napa,78275.61,4.358560731752844,False,560.146,64.9299097086893
Stags Leap Csk 23 Cab Svgn,11714.29,88.11007752070334,False,560.146,64.9299097086893
Stags Leap Fay Cab Svgn Napa,4647.62,0.4993953894681587,False,560.146,64.9299097086893
Stags Leap Hand of Time Red,4893.96,31.386852364955985,False,560.146,64.9299097086893
Stags Leap Hands of Time Chr,1936.86,19.081399791414956,False,560.146,64.9299097086893
Stags Leap SLV Cab Svgn,7034.33,94.10860735848333,False,560.146,64.9299097086893
Stags Leap Svgn Bl Napa,7896.879999999999,14.768364214727841,False,560.146,64.9299097086893
Stags Leap The Investor Red,14217.48,68.1130551968422,False,560.146,64.9299097086893
Stags Leap Wine Petite Syrah,13946.62,25.64449307430762,False,560.146,64.9299097086893
Stags Leap Winery Cab Svgn,71526.92,31.383149169571407,False,560.146,64.9299097086893
Stags Leap Winery Chard Napa,25881.63,23.755806724692373,False,560.146,64.9299097086893
Starborough Svgn Bl Marlboro,237069.63,42.57271587254766,False,560.146,64.9299097086893
Stark Conde Cab Svgn,39520.44,31.031031031031038,False,560.146,64.9299097086893
Stark Raving Cab Svgn,527.56,53.92182879672453,False,560.146,64.9299097086893
Stark Raving Red,4959.5199999999995,54.34961447882053,False,560.146,64.9299097086893
Stark Raving White,1604.6,75.36457684158046,False,560.146,64.9299097086893
State Ranch 07 Cab Svgn Youn,2834.73,30.892889269877553,False,560.146,64.9299097086893
Stateland Cellars Cab Svgn 1,39424.55,28.553908668583418,False,560.146,64.9299097086893
Steak House Cab Svgn,7094.91,11.735737310268917,False,560.146,64.9299097086893
Steele 09 Bien Nacido Pnt Nr,342.86,90.66091115907368,True,560.146,64.9299097086893
Steele 10 Pnt Nr Sangiacomo,22721.79,15.468367588997179,False,560.146,64.9299097086893
Steele Catfish Znfdl,1065.52,8.720624671521882,False,560.146,64.9299097086893
Steele Chard Cal,43638.119999999995,41.683280581289935,False,560.146,64.9299097086893
Steele Clear Lake Merlot Cty,8047.86,40.27455745999558,False,560.146,64.9299097086893
Steele Out Kaste Lke Cty Red,791.64,82.07518569046537,False,560.146,64.9299097086893
Steele Pacini Mendocno Znfdl,373.78,22.9573545936112,False,560.146,64.9299097086893
Steele Pnt Nr,26110.309999999998,46.771371155685245,False,560.146,64.9299097086893
Steele Red Hills Cab Svgn,1249.33,58.93799076304899,False,560.146,64.9299097086893
Steele Stymie Merlot Lake Cy,580.81,52.800399442158366,False,560.146,64.9299097086893
Steele Wines Scarlet Lake Cn,28085.82,31.584265654340875,False,560.146,64.9299097086893
Steelhead Red,1628.37,83.55840503079767,False,560.146,64.9299097086893
Stella Moscato,139.9,35.09649749821301,False,560.146,64.9299097086893
Stella Pinot Grigio Umbria,5479.34,31.770813471010683,False,560.146,64.9299097086893
Stellar Organics Cab Svgn,350.73,10.495252758532205,False,560.146,64.9299097086893
Stellar Organics Merlot,233.82,28.16696604225473,False,560.146,64.9299097086893
Stellar Organics Shiraz,155.88,31.023864511162436,False,560.146,64.9299097086893
Stellina di Notte Pnt Grigio,2433.97,31.18896288779237,False,560.146,64.9299097086893
Stellina di Notte Prosecco,7052.9400000000005,16.713881019830033,False,560.146,64.9299097086893
Stemmari Nero D'Avola,66708.18,35.80865195242921,False,560.146,64.9299097086893
Stemmari Pnt Grigio,13846.81,15.679568073801828,False,560.146,64.9299097086893
Stemmari Pt Nr,25744.04,37.74395937855908,False,560.146,64.9299097086893
Steph Avrn Chn Vielles Vig,999.5,97.27863931965982,False,560.146,64.9299097086893
Steph Avrn Julienas Vielles,1599.2,89.09079539769886,False,560.146,64.9299097086893
Sterling Cab Svgn,162549.0,41.619081015570686,False,560.146,64.9299097086893
Sterling Carneros Pnt Nr,9084.58,51.87185318418683,False,560.146,64.9299097086893
Sterling Chard,40275.33,68.94297327917612,False,560.146,64.9299097086893
Sterling Merlot,53904.59,62.18911970205134,False,560.146,64.9299097086893
Sterling Rsv Platinum Red,781.83,47.34660987682745,False,560.146,64.9299097086893
Sterling Svgn Bl,78158.11,28.420096135896838,False,560.146,64.9299097086893
Sterling Vintner Clt Svgn Bl,20291.98,34.21588233380873,False,560.146,64.9299097086893
Sterling Vintners CA Meritag,127382.74,32.556341620536664,False,560.146,64.9299097086893
Sterling Vintners Cab Svgn C,329861.74,40.20280133124866,False,560.146,64.9299097086893
Sterling Vintners Cltn Chard,258456.59,39.149862651983454,False,560.146,64.9299097086893
Sterling Vintners Cltn Merlo,143443.83,41.4059147751423,False,560.146,64.9299097086893
Sterling Vintners Cltn Pnt N,109708.45,55.3922236618966,False,560.146,64.9299097086893
Sterling Vintners Cltn Syrah,2447.85,56.757971280919996,False,560.146,64.9299097086893
Sterling Vntnr Coll Rose Ltd,1013.19,44.78429514701092,False,560.146,64.9299097086893
Sterling Vntrs Cltn Chard,629.16,35.51401869158878,False,560.146,64.9299097086893
Sterling Vntrs Pnt Grigio,45914.4,35.58465318070149,False,560.146,64.9299097086893
Sterling Vyd Aromatic White,2843.37,85.59807552305891,False,560.146,64.9299097086893
Stillhouse Apple Crisp Moons,33253.619999999995,2.7275827413676867,False,560.146,64.9299097086893
Stival Pnt Grigio,2260.2599999999998,34.29428472830559,False,560.146,64.9299097086893
Stival Pnt Grigio Veneto,287.64,34.167709637046315,False,560.146,64.9299097086893
Stock Italian Sweet Vermouth,92175.72,23.585701507752482,False,560.146,64.9299097086893
Stock Italian X Dry Vermouth,89688.62,24.326716753357132,False,560.146,64.9299097086893
Stoli 80 VAP Lemonade Shaker,4696.4,98.86977259177242,False,560.146,64.9299097086893
Stoli Elite Vodka,18798.01,8.806783271207964,False,560.146,64.9299097086893
Stoli Mini Bar 5/50mLs Pack,46318.03,40.50319065815191,False,560.146,64.9299097086893
Stoli Salted Karamel,77290.23,29.05799348766332,False,560.146,64.9299097086893
Stolichnaya,1920270.47,25.542705396637835,False,560.146,64.9299097086893
Stolichnaya 100* Vodka,1957.11,50.77639989576467,False,560.146,64.9299097086893
Stolichnaya 802 Glass Pack,22139.129999999997,17.2606150286845,False,560.146,64.9299097086893
Stolichnaya Blueberi,444453.80999999994,29.597257756677028,False,560.146,64.9299097086893
Stolichnaya Chocolat Kokonut,39408.45,64.84289509834178,False,560.146,64.9299097086893
Stolichnaya Citros Vodka,1039.48,8.240658790933924,False,560.146,64.9299097086893
Stolichnaya Elit Vodka,43761.740000000005,17.450494427323974,False,560.146,64.9299097086893
Stolichnaya Ohranj,396807.19,25.440224484199522,False,560.146,64.9299097086893
Stolichnaya Ohranj Orange,27382.5,26.006244864420708,False,560.146,64.9299097086893
Stolichnaya Razberi,1044119.6399999999,25.751489215008245,False,560.146,64.9299097086893
Stolichnaya Vanil,359252.27,24.213382829173145,False,560.146,64.9299097086893
Stone Barn Chard,1197.5,29.673486430062624,False,560.146,64.9299097086893
Stone Cellars Cab Svgn,122772.64,38.248293756654576,False,560.146,64.9299097086893
Stone Cellars Chard,185085.32,39.13810128215463,False,560.146,64.9299097086893
Stone Cellars Merlot,95530.96,40.68260174502591,False,560.146,64.9299097086893
Stone Cellars Pnt Grigio,30323.579999999998,40.65090599460881,False,560.146,64.9299097086893
Stone Fruit Rsl,6459.62,18.786244392084978,False,560.146,64.9299097086893
Stonehaven Svgn Bl,1007.28,48.00452704312604,False,560.146,64.9299097086893
Stonehedge Amador 12 Znfdl,3696.3,94.62705949192436,False,560.146,64.9299097086893
Stonehedge Cab Svgn Cal,10399.8,35.98723052366392,False,560.146,64.9299097086893
Stonehedge Merlot Cal,8211.98,34.713674412261106,False,560.146,64.9299097086893
Stoneleigh Pnt Nr Marlboro,1386.6299999999999,57.962830747928415,False,560.146,64.9299097086893
Stones Currant Ginger Flavor,516.53,33.64954600894429,False,560.146,64.9299097086893
Stonestreet Est Cab Svgn,4170.82,33.77801007955269,False,560.146,64.9299097086893
Storybook Mt Znfdl Mayacamas,4023.8500000000004,7.650136063720078,False,560.146,64.9299097086893
Storypoint Cab Svgn,3306.69,22.19409742068352,False,560.146,64.9299097086893
Storypoint Chardonnay,2154.23,28.587012528838606,False,560.146,64.9299097086893
Straccali Chianti,113039.15000000001,35.70811528572181,False,560.146,64.9299097086893
Stradanova Barolo,195.96,0.6736068585425706,False,560.146,64.9299097086893
Stranahan's Colorado Whiskey,38865.13,67.25084928314918,False,560.146,64.9299097086893
Stranahans Diamond Peak,7908.869999999999,21.76075722574779,False,560.146,64.9299097086893
Stratus Cab Franc VQA,2219.2599999999998,99.06815785441995,False,560.146,64.9299097086893
Studebaker Manhattan RTD,14610.269999999999,42.68524811656457,False,560.146,64.9299097086893
Studebaker Old Fashioned RTD,10625.429999999998,43.94730377970585,False,560.146,64.9299097086893
Stump Jump Shiraz,311.74,40.41188169628537,False,560.146,64.9299097086893
Sule Susumaniello IGP,20.99,31.967603620771794,False,560.146,64.9299097086893
Summers Cab Svgn Rsv,76661.65,56.457002947366774,False,560.146,64.9299097086893
Summers Calistoga Cab Svgn N,199.92,32.41296518607442,False,560.146,64.9299097086893
Summers Est Cab S Andriana C,243.85,33.51650604880049,False,560.146,64.9299097086893
Sunday Mtn Svgn Bl,3166.02,28.705440900562845,False,560.146,64.9299097086893
Sur de Los Andes Malbec Rsva,2086.8399999999997,29.156044545820457,False,560.146,64.9299097086893
Sutter Home Cab Svgn,52959.53,38.0182784267224,False,560.146,64.9299097086893
Sutter Home Chard,119386.69,38.02883846915805,False,560.146,64.9299097086893
Sutter Home Clsc Cab Svgn,44925.0,30.092376182526433,False,560.146,64.9299097086893
Sutter Home Clsc Chard,114498.85,32.89419064034267,False,560.146,64.9299097086893
Sutter Home Clsc Svgn Bl,2084.52,23.824189741523224,False,560.146,64.9299097086893
Sutter Home Clsc Wh Znfdl,70945.56,31.08668111154524,False,560.146,64.9299097086893
Sutter Home Malbec Arg,71.88,32.05342237061768,False,560.146,64.9299097086893
Sutter Home Merlot Cal,95284.79999999999,37.39093381230351,False,560.146,64.9299097086893
Sutter Home Moscato,640.93,27.82987221693476,False,560.146,64.9299097086893
Sutter Home Moscato Cal,24775.2,34.13978494623656,False,560.146,64.9299097086893
Sutter Home Muscato,419.29999999999995,20.46744574290483,False,560.146,64.9299097086893
Sutter Home Pink Moscato,33531.979999999996,35.93655682360943,False,560.146,64.9299097086893
Sutter Home Pnt Grigio,143.04,33.557046979865774,False,560.146,64.9299097086893
Sutter Home Pnt Grigio Cal,36990.25,42.21842638558252,False,560.146,64.9299097086893
Sutter Home Pnt Nr,1066.22,27.018244693536843,False,560.146,64.9299097086893
Sutter Home Red Blend,181.75,2.3380102089716135,False,560.146,64.9299097086893
Sutter Home Red Moscato,349.65000000000003,20.0,False,560.146,64.9299097086893
Sutter Home Rsl,1000.3299999999999,27.044075455099804,False,560.146,64.9299097086893
Sutter Home Svgn Bl,13515.17,23.09404833530798,False,560.146,64.9299097086893
Sutter Home Sweet Red,876.97,20.88699339204567,False,560.146,64.9299097086893
Sutter Home Wh Merlot Cal,6123.87,34.908807665740774,False,560.146,64.9299097086893
Sutter Home Wh Znfdl,167575.00999999998,38.162405857511956,False,560.146,64.9299097086893
Sutter Home White Merlot Cal,383.36,29.9300918196995,False,560.146,64.9299097086893
Sutter Home Znfdl,431.28,32.38731218697829,False,560.146,64.9299097086893
Svedka 100 Vodka,3992.67,84.17800619635481,False,560.146,64.9299097086893
Svedka Cherry Vodka,3156.57,40.91814849662767,False,560.146,64.9299097086893
Svedka Citron Vodka,48739.28999999999,36.97125807304617,False,560.146,64.9299097086893
Svedka Clementine Vodka,111791.07999999999,19.695291595222276,False,560.146,64.9299097086893
Svedka Colada Vodka,923.7,46.8805435517044,False,560.146,64.9299097086893
Svedka Cucumber Lime Vodka,17986.32,16.953662561324386,False,560.146,64.9299097086893
Svedka Grape Vodka,545.58,64.37369405036841,False,560.146,64.9299097086893
Svedka Grapefruit Jalapeno,7730.33,88.432248888848,False,560.146,64.9299097086893
Svedka Mango Pineapple Vodka,100480.37000000001,27.85954112231076,False,560.146,64.9299097086893
Svedka Orange Cream Pop,6261.92,79.26706185962134,False,560.146,64.9299097086893
Svedka Raspberry Vodka,5364.87,20.251562479612744,False,560.146,64.9299097086893
Svedka Strwbry Lemonad Vodka,203750.04,20.04851961186043,False,560.146,64.9299097086893
Svedka Vanilla Vodka,5455.8,30.420836540928924,False,560.146,64.9299097086893
Svedka Vodka,1340318.88,24.84921969713218,False,560.146,64.9299097086893
Sweet Baby Vyds Blueberry,70912.41,25.173463995935276,False,560.146,64.9299097086893
Sweet Baby Vyds Raspberry,27121.38,22.8204095809284,False,560.146,64.9299097086893
Sweet Baby Vyds Strawberry,41616.68,22.652407640398035,False,560.146,64.9299097086893
Sweet Baby Vyds White Peach,44602.8,22.88616409732125,False,560.146,64.9299097086893
Sweet Carolina Sweet Tea Vdk,1455.09,18.455215828574175,False,560.146,64.9299097086893
Sweet Revenge,44075.03,32.61104983933079,False,560.146,64.9299097086893
Sycamore Lane Cab Svgn Cal,18019.850000000002,32.145000359976464,False,560.146,64.9299097086893
Sycamore Lane Chard Cal,23977.34,24.58318204924263,False,560.146,64.9299097086893
Sycamore Lane Merlot Cal,14076.38,32.151545007875015,False,560.146,64.9299097086893
Sycamore Lane Pnt Grigio Cal,20768.460000000003,30.11120875216099,False,560.146,64.9299097086893
Sycamore Lane Wh Znfdl Cal,5114.38,32.20998452274422,False,560.146,64.9299097086893
Sydney Ann Pinot Grigio Ver,1560.77,28.19697969591933,False,560.146,64.9299097086893
Szigeti Gruner Velt Skt Brut,1383.42,73.46142169406255,False,560.146,64.9299097086893
T-Vine Grenache Napa,26727.17,33.755837224816545,False,560.146,64.9299097086893
T-Vine Petite Sirah Napa,10822.779999999999,90.61839933917163,False,560.146,64.9299097086893
T-Vine Zinfandel Napa,82714.82,30.159129887485708,False,560.146,64.9299097086893
T.T. Handy Sazerac Rye Whisk,8369.07,34.159351039004335,False,560.146,64.9299097086893
TGI Fridays Long Island Iced,60416.490000000005,23.323201993363078,False,560.146,64.9299097086893
TGI Fridays Ultimte Mudslide,79187.04,26.616464007241582,False,560.146,64.9299097086893
TJ Lot #45 Zinfandel Tilting,167.88,33.30950679056469,False,560.146,64.9299097086893
Taaka Gin,137494.66,24.078055104103687,False,560.146,64.9299097086893
Taaka Vodka,284147.5,27.372142989116572,False,560.146,64.9299097086893
Taaka Vodka Traveler,122739.03000000001,38.62702841956631,False,560.146,64.9299097086893
Taittinger Brut Francaise,382.99,31.97211415441656,False,560.146,64.9299097086893
Taittinger Brut La Francais,173745.35,30.500770236440864,False,560.146,64.9299097086893
Taittinger Brut Millesime,419.94,35.06215173596228,False,560.146,64.9299097086893
Taittinger La Francaise,3156.74,26.12322091092214,False,560.146,64.9299097086893
Takara Sake Sho Chiku Bai G,16309.970000000001,33.48657293667616,False,560.146,64.9299097086893
Taken Red Napa,27888.84,26.29621741169586,False,560.146,64.9299097086893
Talamonti Moda Montepulciano,15615.73,34.55317170570956,False,560.146,64.9299097086893
Talbot St Julien 10,4589.82,53.10186456113747,False,560.146,64.9299097086893
Talbott Kali Hart Mtry Chard,37118.25,30.202258996585236,False,560.146,64.9299097086893
Talbott Kali Hart Vyd Pnt Nr,15924.66,35.464116659319565,False,560.146,64.9299097086893
Talbott Logan Slpy Hl Pnt Nr,8731.08,43.80672265057702,False,560.146,64.9299097086893
Talbott Pnt Nr Santa Lucia,21229.77,33.43686719168413,False,560.146,64.9299097086893
Talbott Sleepy Hollow Chard,39466.5,28.64794192543043,False,560.146,64.9299097086893
Talisker 10-Yr Single Malt,166564.47,18.42059714175539,False,560.146,64.9299097086893
Talisker 18 Yr Old Scotch,50070.61,37.407592997169395,False,560.146,64.9299097086893
Talisker Distillers Edition,37374.659999999996,29.054311129519288,False,560.146,64.9299097086893
Talisker Storm Scotch,78195.39,11.058631461522236,False,560.146,64.9299097086893
Tall Ship Appledore Rum,14610.779999999999,20.954254324546675,False,560.146,64.9299097086893
Tall Ship Cedar Island Spice,12847.41,28.28180932966255,False,560.146,64.9299097086893
Tall Ship White Island Rum,12334.429999999998,15.704495465132947,False,560.146,64.9299097086893
Talley Vyds Chard,6182.25,20.91972987181043,False,560.146,64.9299097086893
Talley Vyds Pnt Nr,2099.2999999999997,21.652455580431564,False,560.146,64.9299097086893
Tamari RSV Malbec Mendoza,5604.87,37.14965735155321,False,560.146,64.9299097086893
Tamaya Svgn Bl,2320.1,37.485453213223565,False,560.146,64.9299097086893
Tamellini Soave DOC,179.88,33.3555703802535,False,560.146,64.9299097086893
Tangent Albarino,1666.05,94.14003181177037,False,560.146,64.9299097086893
Tangent Chard,21428.55,79.27017927017927,False,560.146,64.9299097086893
Tangent Pnt Gris,2527.7,76.77849428334059,False,560.146,64.9299097086893
Tangle Ridge Canadian Whisky,237.85999999999999,26.872950475069363,False,560.146,64.9299097086893
Tanqueray,3456697.9,27.174826685979646,False,560.146,64.9299097086893
Tanqueray Bloomsbury,46123.09,79.68481730083565,False,560.146,64.9299097086893
Tanqueray Old Tom Gin,1824.27,94.60606160272327,False,560.146,64.9299097086893
Tanqueray Rangpur Gin,265131.66,28.22768215630208,False,560.146,64.9299097086893
Tanqueray Sterling Vodka,582563.9199999999,29.70733784761975,False,560.146,64.9299097086893
Tanqueray Ten Gin,139140.41999999998,26.892676828722788,False,560.146,64.9299097086893
Tanteo Jalapeno Tequila,74696.1,27.900921199366508,False,560.146,64.9299097086893
Tanteo Tropical Tequila,199.95000000000002,69.92248062015504,True,560.146,64.9299097086893
Tap 357 Maple Rye Whisky,15573.23,24.336826721238953,False,560.146,64.9299097086893
Tapiz Malbec Mendoza,63582.97,32.505339086865554,False,560.146,64.9299097086893
Tarantas Tempranillo,1091.09,21.463857243673743,False,560.146,64.9299097086893
Tarantula & Margarita Mix,12186.39,6.660709201002094,False,560.146,64.9299097086893
Tarantula Azul Tequila,67014.26999999999,36.72531230869888,False,560.146,64.9299097086893
Tarantula Azul Tequila Gift,3819.27,34.12248937624206,False,560.146,64.9299097086893
Tardieu Laurent Le Becs Fins,2221.83,92.44046574220349,False,560.146,64.9299097086893
Tarima 14 Blanco Alicante,2127.86,75.7526341018676,False,560.146,64.9299097086893
Tarima Monastrell Jumilla,12771.41,36.91730200502529,False,560.146,64.9299097086893
Tariquet Sauvignon,1247.04,10.662047729022328,False,560.146,64.9299097086893
Tasca D'Almerita Lamuri Nero,459.64,51.88408319554433,False,560.146,64.9299097086893
Tasca D'Almerita Leone 11,1025.46,54.32683868702826,False,560.146,64.9299097086893
Tasca D'Almerita Rosso 06,2148.4100000000003,79.91724112250455,False,560.146,64.9299097086893
Tatoosh Bourbon,5786.89,80.20612107712434,False,560.146,64.9299097086893
Tatoosh Whiskey,1604.69,79.57362481226905,False,560.146,64.9299097086893
Tavernello Pinot Grigio IGT,71.94,31.02585487906589,False,560.146,64.9299097086893
Tavernello Pnt Grigio,143.76,44.07345575959932,False,560.146,64.9299097086893
Taylor Cream Sherry,39386.24,32.752453648786975,False,560.146,64.9299097086893
Taylor Dry Sherry,66355.58,28.191927970616007,False,560.146,64.9299097086893
Taylor Fladgate 10-Yr Tawny,72904.09,37.9471851304913,False,560.146,64.9299097086893
Taylor Fladgate 11 Port,1407.78,69.084494687035,False,560.146,64.9299097086893
Taylor Fladgate 20-Yr Tawny,91592.28,30.09772220977575,False,560.146,64.9299097086893
Taylor Fladgate 30 yr Tawny,2419.78,32.552546099232174,False,560.146,64.9299097086893
Taylor Fladgate LBV Port,26456.27,34.11542897014582,False,560.146,64.9299097086893
Taylor Golden Sherry,13724.19,32.49583399821775,False,560.146,64.9299097086893
Taylor Lake Country Red,57008.65,33.02174319160338,False,560.146,64.9299097086893
Taylor Lake Country Wh,63.92,34.167709637046315,False,560.146,64.9299097086893
Taylor Madeira NY,4670.64,33.91740746450166,False,560.146,64.9299097086893
Taylor New York Marsala,575.28,28.274926992073425,False,560.146,64.9299097086893
Taylor Nys Cream Sherry,37059.51,33.46004844640418,False,560.146,64.9299097086893
Taylor Red Port,132114.47,27.30686527907385,False,560.146,64.9299097086893
Taylor Sherry,20547.58,32.082297817030316,False,560.146,64.9299097086893
Taylor Tawny Port,51799.17,31.508555059859066,False,560.146,64.9299097086893
Teachers Highland Cream,65934.69,19.498385447781743,False,560.146,64.9299097086893
Teeling Irish Whiskey,40732.61,13.075174902860386,False,560.146,64.9299097086893
Tellus Chardonnay,1573.6299999999999,24.85654188087415,False,560.146,64.9299097086893
Telmo Rodriguez Gaba do XII,107.88,34.59399332591768,False,560.146,64.9299097086893
Templeton Rye Whiskey,107873.22,28.53240127623891,False,560.146,64.9299097086893
Tempranillo Vente Mazzaron,5433.21,31.1456763128979,False,560.146,64.9299097086893
Temptation Znfdl,441.71999999999997,53.87123064384678,False,560.146,64.9299097086893
Tempus Fugit Gran Classico,39.99,24.231057764441115,False,560.146,64.9299097086893
Tempus Fugit de Violettes,32.99,21.885419824189153,False,560.146,64.9299097086893
Ten High,131845.7,34.03481493897792,False,560.146,64.9299097086893
Ten High Bourbon,816.08,40.705568081560635,False,560.146,64.9299097086893
Tenet Syrah The Pundit,2706.67,44.85105313909713,False,560.146,64.9299097086893
Tenshen Red,13446.03,92.36205779698543,False,560.146,64.9299097086893
Tenshen White,4605.44,87.7431906614786,False,560.146,64.9299097086893
Tentaka Kuni Hawk Heavens J,467.64,55.86348473184501,False,560.146,64.9299097086893
Tenuta Alzatura Sagrantino,6476.76,76.69668167417042,False,560.146,64.9299097086893
Tenuta Guado Al Tasso Bructo,12444.83,33.895119499422655,False,560.146,64.9299097086893
Tenuta San Guido 09 Sassacia,2039.88,83.76669215836226,False,560.146,64.9299097086893
Tenuta Santo Pietro Imago 11,329.25,45.62186788154898,False,560.146,64.9299097086893
Tenuta Santo Pietro Percept,14858.739999999998,30.438583621491443,False,560.146,64.9299097086893
Tenuta Santo Pietro Pio Il C,11486.66,32.37459801195473,False,560.146,64.9299097086893
Tenuta Santo Pietro Viper Su,17170.989999999998,30.107699090151456,False,560.146,64.9299097086893
Tenuta Sette Cieli Indaco,2159.55,83.36922043944341,False,560.146,64.9299097086893
Tenuta Sette Cieli Yantra,725.67,73.91651852770543,False,560.146,64.9299097086893
Tenuta Sette Ponti Crognolo,1091.61,69.42864209745238,False,560.146,64.9299097086893
Tenuta Sette Ponti Oreno,2753.4900000000002,68.20326204199036,False,560.146,64.9299097086893
Tenuta di Arceno Chianti Cls,13524.599999999999,32.72466468509235,False,560.146,64.9299097086893
Tenuta di Biserno Il Pino,779.87,68.1716183466475,False,560.146,64.9299097086893
Tenuta di Capraia 11 Chianti,2558.72,30.244028264132066,False,560.146,64.9299097086893
Tenuta la Favola Bianco,419.76,34.19096626643796,False,560.146,64.9299097086893
Tequila Ocho Plata Fresno,15346.93,25.540808487430393,False,560.146,64.9299097086893
Tequila Rose Liqueur,92026.38,26.03899012435348,False,560.146,64.9299097086893
Tequila Rose Strawberry Gift,9698.52,31.909198516887116,False,560.146,64.9299097086893
Tercos Torrontes,1005.6899999999999,38.358738776362486,False,560.146,64.9299097086893
Terlato Fmly Vyd Angels Peak,1154.67,82.29104419444516,False,560.146,64.9299097086893
Terlatto & Chapoutier Shiraz,60869.549999999996,14.522663630665905,False,560.146,64.9299097086893
Terra D'Oro Pnt Grigio,1870.44,29.13325206903189,False,560.146,64.9299097086893
Terra D'Oro Znfdl,143.88,32.443703085904914,False,560.146,64.9299097086893
Terra Mia Lacryma Christi Wh,778.87,32.621618498594124,False,560.146,64.9299097086893
Terra d'Oro Ch Bl/Viognier,4975.85,65.97767215651598,False,560.146,64.9299097086893
Terra d'Oro Deaver Vyd Znfdl,17737.53,54.84038645741543,False,560.146,64.9299097086893
Terra d'Oro Znfdl Port,11081.839999999998,29.07170650361311,False,560.146,64.9299097086893
Terra de Touros Red,487.39,22.8872155768481,False,560.146,64.9299097086893
Terra de Touros White,953.32,84.20572315696722,False,560.146,64.9299097086893
Terrabianca Campaccia,14037.72,40.16578190760322,False,560.146,64.9299097086893
Terrasole 07 Brunelo d Montl,16496.7,94.14767802045257,False,560.146,64.9299097086893
Terrazas Alto Cab Svgn Argn,190.78,28.797567879232624,False,560.146,64.9299097086893
Terrazas Alto Chard Mendoza,278.21,12.397110096689556,False,560.146,64.9299097086893
Terrazas Alto Malbec Argn,16993.57,40.32831241463683,False,560.146,64.9299097086893
Terrazas RSV Malbec Mendoza,52337.75,37.91253922837722,False,560.146,64.9299097086893
Terrazas Torrontes Rsv 10,6460.8,35.358624318969795,False,560.146,64.9299097086893
Terre Rouge Syrah Les Cotes,9813.789999999999,40.63211053018252,False,560.146,64.9299097086893
Terre du Lion Saint-Julien,1159.71,88.80323529158153,False,560.146,64.9299097086893
Terrilogio Primitivo,189.76,42.95952782462057,False,560.146,64.9299097086893
Terroirs du Rhone,18518.71,30.057547204961892,False,560.146,64.9299097086893
Terruzzi & Puthod Vernaccia,4.99,32.46492985971944,False,560.146,64.9299097086893
Thatchers Organic Coffee Hou,99.9,21.221221221221224,False,560.146,64.9299097086893
Thatchers Organic Cucumber,539.46,24.824824824824827,False,560.146,64.9299097086893
Thatchers Organic Pomegranat,269.73,27.527527527527536,False,560.146,64.9299097086893
The Beach House Chard,28987.25,36.45068090281072,False,560.146,64.9299097086893
The Beach House Pinot Grigio,51982.42,34.21256647920585,False,560.146,64.9299097086893
The Beach House Red,503.52,28.693994280266917,False,560.146,64.9299097086893
The Big Easy Red,5843.73,30.861282092088445,False,560.146,64.9299097086893
The Black Grouse Scotch,77304.21,8.41619104573995,False,560.146,64.9299097086893
The Botanist Islay Dry Gin,99373.38,10.691776811858466,False,560.146,64.9299097086893
The Calling Cab Svgn Rio Lgo,8721.51,31.251010432826433,False,560.146,64.9299097086893
The Calling Dutton Chard RRV,7736.129999999999,29.39221548758874,False,560.146,64.9299097086893
The Calling Pnt Nr RRV,7921.83,12.999900275567638,False,560.146,64.9299097086893
The Chocolate Block Red,779.74,36.74173442429528,False,560.146,64.9299097086893
The Club Mudslide,83.58,91.32567599904283,True,560.146,64.9299097086893
The Club Strawbry Margarita,143.28,98.97403685092128,True,560.146,64.9299097086893
The Crossings Svgn Bl Marlbo,49761.1,34.204308184505564,False,560.146,64.9299097086893
The Crusher 12 Sugar Beet Rd,167.88,31.52251608291637,False,560.146,64.9299097086893
The Crusher Cab Svgn,10757.43,31.304224150192013,False,560.146,64.9299097086893
The Crusher Pnt Nr,6155.13,35.780397814505946,False,560.146,64.9299097086893
The Culprit Red,399.79999999999995,12.341170585292643,False,560.146,64.9299097086893
The Curator Red,359.64,31.03103103103102,False,560.146,64.9299097086893
The Curator White,119.88,32.93293293293292,False,560.146,64.9299097086893
The Dalmore 12Yr Single Malt,95329.26,40.6894693192835,False,560.146,64.9299097086893
The Deveron 12 Yr Scotch,11592.52,45.79073402504375,False,560.146,64.9299097086893
The Divining Rod Cab Svgn,16901.54,34.93545558570402,False,560.146,64.9299097086893
The Divining Rod Chard,239.82999999999998,9.635992161114117,False,560.146,64.9299097086893
The Divining Rod Red,10764.3,24.15986176527967,False,560.146,64.9299097086893
The Dreaming Tree CC Chard,48796.96,27.30497965447028,False,560.146,64.9299097086893
The Dreaming Tree Cab Svgn,192234.14,37.00490453984917,False,560.146,64.9299097086893
The Dreaming Tree Crush Red,238209.55,40.98288670626346,False,560.146,64.9299097086893
The Dreaming Tree Everyday,15925.050000000001,69.48832185770218,False,560.146,64.9299097086893
The Dreaming Tree Pnt Nr CA,57856.24,36.252615102536915,False,560.146,64.9299097086893
The Dreaming Tree Svgn Bl,20708.52,3.535549619190555,False,560.146,64.9299097086893
The Famous Grouse,520259.83999999997,26.738126473951795,False,560.146,64.9299097086893
The Feathery Blended Scotch,15122.44,56.281658250917175,False,560.146,64.9299097086893
The Federalist 1776 Zinfande,22478.59,23.015856421599395,False,560.146,64.9299097086893
The First Lady Cab Svgn,779.4000000000001,31.947652040030803,False,560.146,64.9299097086893
The Gifted Horse,12147.570000000002,21.88437687537509,False,560.146,64.9299097086893
The GlenDronach Cask Strngth,4589.49,97.09510207016466,False,560.146,64.9299097086893
The Glendronach 12 Yr Scotch,36802.340000000004,28.701789071021032,False,560.146,64.9299097086893
The Glenlivet 12 Yr Gift Pk,44374.78,32.14524105809651,False,560.146,64.9299097086893
The Glenlivet 12 Yr Single,1721078.0299999998,25.787938899845265,False,560.146,64.9299097086893
The Glenlivet 15Yr FrenchOak,413475.55,25.113455922605336,False,560.146,64.9299097086893
The Glenlivet 18 Yr Single,203200.63999999998,33.541321523396775,False,560.146,64.9299097086893
The Glenlivet 25 Yr Old,5399.82,21.228300202599346,False,560.146,64.9299097086893
The Glenlivet Archive 21 Yr,44197.71000000001,15.441139371247974,False,560.146,64.9299097086893
The Glenlivet Founders Res,128328.76000000001,36.160171733912186,False,560.146,64.9299097086893
The Glenlivet Nadurra 16 Yr,81684.37999999999,37.955885813175044,False,560.146,64.9299097086893
The Glenlivet Oloroso Nadu,794.9,85.25852308466474,False,560.146,64.9299097086893
The Glenturret 27 Yr Old,4199.79,96.39243866955252,False,560.146,64.9299097086893
The Great American Wine Chrd,131.89,39.76798847524452,False,560.146,64.9299097086893
The Immortal Zin,503.58,35.02919099249374,False,560.146,64.9299097086893
The Insider Cab Svgn,953.47,11.195947434109096,False,560.146,64.9299097086893
The Irishman Irish Whiskey,587.25,72.0919540229885,False,560.146,64.9299097086893
The Irishman Single Malt,30877.74,3.119334510880666,False,560.146,64.9299097086893
The London No 1 Gin,22192.6,0.2218307003235293,False,560.146,64.9299097086893
The Loop Svgn Bl,167.88,33.30950679056469,False,560.146,64.9299097086893
The Macallan 10 Yr Fine Oak,117841.64,22.739771781859112,False,560.146,64.9299097086893
The Macallan 12 Yr Old,725793.21,29.537030059280905,False,560.146,64.9299097086893
The Macallan 17Yr Old Scotch,6969.71,85.33425350552606,False,560.146,64.9299097086893
The Macallan 18 Yr Old,133394.74000000002,39.12237453015144,False,560.146,64.9299097086893
The Macallan 21 Yr Old,1919.94,27.007093971686615,False,560.146,64.9299097086893
The Macallan 25 Yr Old,29119.79,12.806720103407343,False,560.146,64.9299097086893
The Macallan Edition No 1,22497.75,92.01360136013602,False,560.146,64.9299097086893
The Macallan Fine Oak 15 Yr,156141.13,33.74245466265039,False,560.146,64.9299097086893
The Macallan MOP,1499.99,25.92617284115228,False,560.146,64.9299097086893
The Macallan No.2 Edition,29097.089999999997,15.038857837673788,False,560.146,64.9299097086893
The Macallan Rare Cask,64147.86,6.288471665305745,False,560.146,64.9299097086893
The Messenger Telegram Red 1,14002.929999999998,31.288666014898304,False,560.146,64.9299097086893
The Messenger Telegram Red 2,39487.14,2.513324591246675,False,560.146,64.9299097086893
The Messenger Telegram White,208.89,69.0746325817416,True,560.146,64.9299097086893
The Monterey Vyds Chard,5436.62,44.59057281914131,False,560.146,64.9299097086893
The Monterey Vyds Pnt Nr,17537.03,40.31058850900067,False,560.146,64.9299097086893
The Naked Grape Box Merlot,10839.3,20.997758157814623,False,560.146,64.9299097086893
The Naked Grape Box Moscato,1956.78,0.7675875673299888,False,560.146,64.9299097086893
The Naked Grape Cab Svgn,10841.07,14.329307046711426,False,560.146,64.9299097086893
The Naked Grape Chard,8147.66,34.97298610889508,False,560.146,64.9299097086893
The Naked Grape Harvest Red,4817.5,25.330565646081986,False,560.146,64.9299097086893
The Naked Grape Moscato,25859.34,28.433053589148056,False,560.146,64.9299097086893
The Naked Grape Pnt Grigio,67132.58,25.805295817884865,False,560.146,64.9299097086893
The Naked Grape Pnt Nr,13058.88,31.93405560048027,False,560.146,64.9299097086893
The Offering Rhone,97.96,34.21804818293181,False,560.146,64.9299097086893
The Other Red,30254.54,33.29873797453209,False,560.146,64.9299097086893
The Pass Svgn Bl,431.52,35.483870967741936,False,560.146,64.9299097086893
The Path Cab Svgn,10335.7,42.098938630184705,False,560.146,64.9299097086893
The Path Merlot,287.76,45.87155963302752,False,560.146,64.9299097086893
The Path Pnt Nr,7052.63,39.639538725269865,False,560.146,64.9299097086893
The Peach Chenin Bl/Viognier,6866.34,39.373960508800906,False,560.146,64.9299097086893
The Pessimist Cab Svgn,90.86999999999999,36.34862991086166,False,560.146,64.9299097086893
The Pinot Project Pnt Nr,16918.53,33.62780336116671,False,560.146,64.9299097086893
The Pogues Irish Whiskey,20770.51,25.954682865273888,False,560.146,64.9299097086893
The Prisoner Red Napa Valley,177568.56,56.81382447433262,False,560.146,64.9299097086893
The Royal Chenin Blanc,203.82999999999998,64.54398273070694,False,560.146,64.9299097086893
The Rule Cab Svgn Napa Vly,5026.200000000001,4.642075524252927,False,560.146,64.9299097086893
The Seeker Malbec,9318.29,35.54514830510749,False,560.146,64.9299097086893
The Seeker Svgn Bl,17203.76,30.89836175347714,False,560.146,64.9299097086893
The Shepherd Svgn Bl,8671.5,36.0667704549386,False,560.146,64.9299097086893
The Show Malbec Argentina,1678.6,26.10985344930299,False,560.146,64.9299097086893
The Steward's Solera Bourbon,14928.2,71.89754960410498,False,560.146,64.9299097086893
The Tractor Guy Pnt Nr,1559.2199999999998,58.376624209540665,False,560.146,64.9299097086893
The Transcendentalist,1119.6,27.63129689174705,False,560.146,64.9299097086893
The Tweeddale 12 Yr Old,1324.75,64.96244574448008,False,560.146,64.9299097086893
The Usual Suspect Cab Svgn,349.65000000000003,27.7906477906478,False,560.146,64.9299097086893
The Wolftrap Syrah Vio Mourv,27072.91,29.919613369970204,False,560.146,64.9299097086893
Thierry Delaunay Tour Svgn B,23301.420000000002,1.6979222725482097,False,560.146,64.9299097086893
Thorny Rose Cab Svgn,6779.849999999999,36.67234525837591,False,560.146,64.9299097086893
Thorny Rose Red,3791.94,35.25214006550736,False,560.146,64.9299097086893
Thorny Rose Svgn Bl NZ,7901.48,31.881115942836026,False,560.146,64.9299097086893
Three Knights Svgn Bl,54954.99,28.319448333991136,False,560.146,64.9299097086893
Three Olives Berry Vodka,40313.82,17.39562264255782,False,560.146,64.9299097086893
Three Olives Blueberry Vodka,41937.369999999995,43.792265406231344,False,560.146,64.9299097086893
Three Olives Cake Vodka,239.84,41.82788525683789,False,560.146,64.9299097086893
Three Olives Cherry Vodka,137643.63,29.367381549004484,False,560.146,64.9299097086893
Three Olives Chocolate Vodka,9001.75,87.92534784902935,False,560.146,64.9299097086893
Three Olives Dude Vodka,914.39,81.67302792025284,False,560.146,64.9299097086893
Three Olives Elvis Presley,119.92,43.162108072048035,False,560.146,64.9299097086893
Three Olives Espresso Vodka,143416.71,20.80178104768962,False,560.146,64.9299097086893
Three Olives Grape Vodka,161175.13,64.39502149905691,False,560.146,64.9299097086893
Three Olives Jacked Apple,670.39,97.64017959695101,False,560.146,64.9299097086893
Three Olives Loopy Vodka,78941.95,45.640914468135094,False,560.146,64.9299097086893
Three Olives Mango Vodka,1603.93,1.551813358438342,False,560.146,64.9299097086893
Three Olives Orange Vodka,2065.56,9.71165204593427,False,560.146,64.9299097086893
Three Olives Peach Vodka,26359.38,5.462495703616705,False,560.146,64.9299097086893
Three Olives Pomegranate,87030.1,32.57436220342158,False,560.146,64.9299097086893
Three Olives Raspberry Vodk,83992.06,18.776524828656417,False,560.146,64.9299097086893
Three Olives Strawberry,33554.69,21.875153667043275,False,560.146,64.9299097086893
Three Olives Tomato Vodka,314.79,65.24667238476445,True,560.146,64.9299097086893
Three Olives Vanilla Vodka,86087.27,21.945985742142824,False,560.146,64.9299097086893
Three Olives Vodka,1555364.1400000001,47.260878481044266,False,560.146,64.9299097086893
Three Olives Vodka w/Flask,4549.4400000000005,92.29487585285221,False,560.146,64.9299097086893
Three Olives Vodka w3 50mls,26077.5,2.6840763109960646,False,560.146,64.9299097086893
Three Olives Whipped Cream,483.56,89.34155016957564,True,560.146,64.9299097086893
Three Saints Steak House Red,167.88,32.45175125089349,False,560.146,64.9299097086893
Three Thieves Bandit Merlot,95.88,31.038798498122645,False,560.146,64.9299097086893
Three Thieves Bnd Pnt Grigio,567.29,30.097481006187305,False,560.146,64.9299097086893
Three Wishes Cab Svgn,223.72,21.56266762023959,False,560.146,64.9299097086893
Three Wishes Merlot,246.75,17.458966565349538,False,560.146,64.9299097086893
Three Wishes Pnt Grigio Colm,194.10999999999999,21.364174952346595,False,560.146,64.9299097086893
Thunevin Calvet Cuvee Constn,9925.48,14.641508521502233,False,560.146,64.9299097086893
Tia Maria Coffee Liqueur,106146.0,32.09807246622576,False,560.146,64.9299097086893
Tiamo Chianti,481.63,60.59007952162448,False,560.146,64.9299097086893
Tiamo Pnt Grigio,635.52,36.25377643504532,False,560.146,64.9299097086893
Tiamo Prosecco,804.5699999999999,10.585778738953723,False,560.146,64.9299097086893
Tiefenbrunner Pnt Grigio,43892.81,34.04181687160152,False,560.146,64.9299097086893
Tierra de Antes Malbec Mndza,130.21,42.86153137239843,False,560.146,64.9299097086893
Tierruca Svgn Bl Rsva,191.76,25.531914893617014,False,560.146,64.9299097086893
Tijuana White Tequilla,8.99,28.58731924360401,False,560.146,64.9299097086893
Tikal Natura Malbec,9575.21,22.539662315500117,False,560.146,64.9299097086893
Tiki Sound Svgn Bl,326.71,67.75121667533898,True,560.146,64.9299097086893
Tilia Chard Mendoza,4361.7,40.573629548111974,False,560.146,64.9299097086893
Tilia Malbec Mendoza,88866.76,41.7038384205748,False,560.146,64.9299097086893
Tilia Malbec Syrah  Mendoza,11115.04,35.992133181706954,False,560.146,64.9299097086893
Tin Barn Cab Svgn Sonoma Cty,1671.24,10.885330652689024,False,560.146,64.9299097086893
Tin Barn Svgn B Hi Vista Vyd,1439.1,0.9380863039399625,False,560.146,64.9299097086893
Tin Barn Znfdl RRV Gilsson,263.88,32.42382901318781,False,560.146,64.9299097086893
Tin Cup Whiskey,73331.0,18.723023005277447,False,560.146,64.9299097086893
Tineta Avante 10 Tinto Fino,6846.77,33.30300272975432,False,560.146,64.9299097086893
Tineta Tinto Fino Ribera Del,489.65,8.538752169917288,False,560.146,64.9299097086893
Tintero Langhe Arneis,2004.77,77.14700439451907,False,560.146,64.9299097086893
Tintonegro Mendocino Malbec,1780.3799999999999,27.813163481953286,False,560.146,64.9299097086893
Tippy Cow Choclate Rum Cream,479.76,46.42321160580289,False,560.146,64.9299097086893
Tippy Cow Shamrock Mint,3089.3399999999997,87.24452472049046,False,560.146,64.9299097086893
Tippy Cow Vanilla Soft Serve,239.88,40.970485242621315,False,560.146,64.9299097086893
Tisdale Cab Svgn Cal,574.5600000000001,32.330827067669176,False,560.146,64.9299097086893
Tisdale Chard Cal,690.2700000000001,28.288930418531887,False,560.146,64.9299097086893
Tisdale Merlot Cal,1053.3600000000001,37.5598086124402,False,560.146,64.9299097086893
Tisdale Shiraz Cal,522.69,25.340067726568332,False,560.146,64.9299097086893
Tisdale Vyds Pnt Grigio,1244.88,35.087719298245624,False,560.146,64.9299097086893
Tisdale Vyds Pnt Nr,494.76,31.421295173417413,False,560.146,64.9299097086893
Tisdale Vyds Sweet Red,191.52,19.48621553884713,False,560.146,64.9299097086893
Tisdale Vyds Wh Znfdl Cal,1193.0100000000002,36.268765559383425,False,560.146,64.9299097086893
Tito's Handmade Vodka,7399657.58,28.953634467380528,False,560.146,64.9299097086893
Tiziano Chianti,7232.570000000001,31.806398002369846,False,560.146,64.9299097086893
Tiziano Pnt Gr Delle Venezie,1282.93,26.35139875129586,False,560.146,64.9299097086893
Tiziano Prosecco,1529.1,39.022954679223076,False,560.146,64.9299097086893
Toad Hollow Mendocino Chard,88514.79000000001,36.09542540856732,False,560.146,64.9299097086893
Toad Hollow Risque Sparkling,1173.3,40.42700076706724,False,560.146,64.9299097086893
Toad Hollow Rose Eye Pnt Nr,1929.4099999999999,63.16490533375488,False,560.146,64.9299097086893
Toasted Head BB Oaked Svgn B,642.47,82.34314442697713,False,560.146,64.9299097086893
Toasted Head Cab Svgn,55479.34,38.83218509809237,False,560.146,64.9299097086893
Toasted Head Chard,360783.42,37.00830542600876,False,560.146,64.9299097086893
Toasted Head Merlot Cal,12545.99,35.6168783810604,False,560.146,64.9299097086893
Toasted Head Untamed Red,6142.65,24.602899400096042,False,560.146,64.9299097086893
Tohu Chard Marlborough NZ,3830.28,21.238134026755223,False,560.146,64.9299097086893
Tohu Pnt Nr Marlboro,1135.52,22.00929970410032,False,560.146,64.9299097086893
Tohu Svgn Bl Marlboro,74360.81,38.58861946232162,False,560.146,64.9299097086893
Tolaini Al Passo Toscana,15993.599999999999,28.682347939175663,False,560.146,64.9299097086893
Tom Cat Barrel Aged Gin,56959.48,8.113838117904164,False,560.146,64.9299097086893
Tom Eddy Cab Svgn Napa,1099.8,57.5177304964539,False,560.146,64.9299097086893
Tom Eddy Mt Veeder Cab S Rsv,3743.52,81.181348036073,False,560.146,64.9299097086893
Tom Gore Cabernet Svgn CA,35551.69,27.806048038785214,False,560.146,64.9299097086893
Tom Gore Chardonnay CA,21827.09,18.368870976387598,False,560.146,64.9299097086893
Tomada de Castro Albarino,215.88,33.35186214563646,False,560.146,64.9299097086893
Tomahawk Maple Cream Liqueur,3644.8499999999995,69.02994273379583,False,560.146,64.9299097086893
Tomaiolo Chianti Clsco Rsva,72006.69,25.118749382869844,False,560.146,64.9299097086893
Tomaiolo Pinot Grigio,37403.83,34.36832538272151,False,560.146,64.9299097086893
Tomaiolo Toscana,11837.710000000001,19.00460477575478,False,560.146,64.9299097086893
Tomatin 12 Yr Old Scotch,62703.7,33.657519412730025,False,560.146,64.9299097086893
Tomatin 18 Yr Single Malt,19502.42,45.817339591701945,False,560.146,64.9299097086893
Tommasi Amarone,6379.0,31.667816272142975,False,560.146,64.9299097086893
Tommasi Pinot Grigio Le Ros,12406.99,34.038795872326816,False,560.146,64.9299097086893
Tommasi Poggio Al Tufo Rompi,30700.19,32.99907915879348,False,560.146,64.9299097086893
Tommasi Poggio Tufo Cab Svgn,269.73,74.78960441923405,True,560.146,64.9299097086893
Tommasi Tenuta Filo Prosecco,11590.8,33.31616454429374,False,560.146,64.9299097086893
Tommasi Valpo Clsc Supr Rafl,33620.64,38.98390988392844,False,560.146,64.9299097086893
Tommaso Bussola Amarone Clsc,899.8499999999999,61.04350725120854,False,560.146,64.9299097086893
Tommy Guns Vodka,77268.33,18.315472846378334,False,560.146,64.9299097086893
Tons de Durum Douro Red,733.4,77.91109899100081,False,560.146,64.9299097086893
Tooters Ala-Bama Slama 15 Pk,62041.76,18.57742269078118,False,560.146,64.9299097086893
Tooters Apple-tini 15 Pk,53213.37,8.768792504590492,False,560.146,64.9299097086893
Tooters Blu-D Kamikazi 15 Pk,63035.75,24.43630796809747,False,560.146,64.9299097086893
Tooters Red-diculous 15 Pk,64000.630000000005,9.664889236246585,False,560.146,64.9299097086893
Torii Mor Pnt Nr Deux Verres,594.83,43.98399542726494,False,560.146,64.9299097086893
Torino Don David RSV Malbec,28912.35,40.01110252193266,False,560.146,64.9299097086893
Tormaresca Neprica Puglia,709.39,38.003073062772245,False,560.146,64.9299097086893
Tormaresca Primitivo,491.63,39.88161829017757,False,560.146,64.9299097086893
Torna Sorrento Limoncello,265.81,87.85598735939205,True,560.146,64.9299097086893
Torre Migliori Monte d'Abruz,1061.32,33.58836166283496,False,560.146,64.9299097086893
Torremoron Tinto,1242.98,86.44547780334358,False,560.146,64.9299097086893
Torres Altos Ibericos Rioja,10488.49,27.855964013885696,False,560.146,64.9299097086893
Torres Celeste Crianza,10052.91,29.908255420569763,False,560.146,64.9299097086893
Torres Sangre de Toro Catal,5527.41,37.98107974621025,False,560.146,64.9299097086893
Torresella Pinot Grigio Ven,17597.53,50.35212328093771,False,560.146,64.9299097086893
Torresella Prosecco Xtra Dry,21863.989999999998,39.06930985606927,False,560.146,64.9299097086893
Torrontes Jelu San Juan,2542.92,13.040913595394265,False,560.146,64.9299097086893
Tortilla Gold Tequila Liquer,258592.57,25.973062567110883,False,560.146,64.9299097086893
Tortiose Crk La Charmel Mus1,5859.55,32.37193982473057,False,560.146,64.9299097086893
Tortoise Creek Cab Svgn,819.36,20.13766842413591,False,560.146,64.9299097086893
Tortoise Creek Cal Pnt Nr,1805.61,32.40954580446497,False,560.146,64.9299097086893
Tortoise Creek Chard,696.4300000000001,15.121404879169503,False,560.146,64.9299097086893
Tortoise Creek Rose le Charm,52480.840000000004,32.02776479949635,False,560.146,64.9299097086893
Tortoise Creek Znfdl,143.88,31.526271893244374,False,560.146,64.9299097086893
Totts Brut Calif,21005.71,30.518368576925038,False,560.146,64.9299097086893
Totts Extra Dry,18049.41,32.35568364838519,False,560.146,64.9299097086893
Toucas Vinho Verde DOC,878.12,35.389240650480566,False,560.146,64.9299097086893
Tozai Blossom of Peace,7333.719999999999,28.619036450805325,False,560.146,64.9299097086893
Tozai Nigori Voice Mist Sake,131.94,31.969076853115048,False,560.146,64.9299097086893
Tozai Snow Maiden Junmai Ngr,449.57,33.5555657233873,False,560.146,64.9299097086893
Tozai Typhoon Sake,79.95,21.575984990619137,False,560.146,64.9299097086893
Tozai Well of Wisdom Sake,14593.65,29.74067488256879,False,560.146,64.9299097086893
Tracia Malbec,11439.44,57.48209702572853,False,560.146,64.9299097086893
Tracia Syrah,44.94,88.49577214063194,True,560.146,64.9299097086893
Trackers Crossing Moscato,146.79,21.193541794400154,False,560.146,64.9299097086893
Trader Joe's Chard 720 Btls,45.48,32.45382585751979,False,560.146,64.9299097086893
Trader Joe's Pet Rsv Merlot,89.88,35.11348464619493,False,560.146,64.9299097086893
Trader Joe's Petit Rsv Znfdl,93.48,31.06546854942234,False,560.146,64.9299097086893
Tranzind Red Blend,2504.4,39.572352659319606,False,560.146,64.9299097086893
Trapiche Broquel Mndz Malbec,106683.08,43.3676361799828,False,560.146,64.9299097086893
Trapiche Cab Svgn Oak Cask,24491.1,55.646826806472546,False,560.146,64.9299097086893
Trapiche Chard,1725.12,35.058430717863104,False,560.146,64.9299097086893
Trapiche Malbec,646.92,34.2237061769616,False,560.146,64.9299097086893
Trapiche Malbec Mendoza Oak,135124.03,48.418797159913005,False,560.146,64.9299097086893
Travis Hasse's Apple Pie Liq,271.83,48.08520030901666,False,560.146,64.9299097086893
Treana Red Calif,29928.03,56.58591627982196,False,560.146,64.9299097086893
Treana White Table Central,215.88,31.962201222901616,False,560.146,64.9299097086893
Trefethen Cab Svgn,21698.98,19.53557263981992,False,560.146,64.9299097086893
Trefethen Chard Napa,28305.420000000002,30.37835156659043,False,560.146,64.9299097086893
Trefethen Merlot Napa,479.88,33.78344586146537,False,560.146,64.9299097086893
Trentadue Merlot Alex Vly,208.89,27.73229929628033,False,560.146,64.9299097086893
Trentadue Old Patch Red Son,16351.84,42.76001966751143,False,560.146,64.9299097086893
Trentadue Znfdl Alex Vly,9342.669999999998,34.22437054931834,False,560.146,64.9299097086893
Tres Agaves Anejo Tequila,23879.870000000003,12.659491027379962,False,560.146,64.9299097086893
Tres Agaves Blanco Tequila,32045.03,28.299770666465278,False,560.146,64.9299097086893
Tres Generaciones Reposado,31916.61,19.233026314511477,False,560.146,64.9299097086893
Tribuno Dry Vermouth,42909.270000000004,27.33579480611067,False,560.146,64.9299097086893
Tribuno Sweet Vermouth,71058.14,20.828662275708325,False,560.146,64.9299097086893
Triennes Rose 2012,10942.7,21.788224112878915,False,560.146,64.9299097086893
Triga Alicante Tinto 11,4077.96,35.06753376688344,False,560.146,64.9299097086893
Triibe Celtic,318.83,68.42204309506633,True,560.146,64.9299097086893
Trim Cabernet Sauvignon,727.44,29.97360607060377,False,560.146,64.9299097086893
Trimbach Gewurztraminer,16062.399999999998,32.185103097918116,False,560.146,64.9299097086893
Trimbach Pnt Bl,31678.81,29.922872734171513,False,560.146,64.9299097086893
Trimbach Pnt Gris Rsv,1511.28,22.740987771954906,False,560.146,64.9299097086893
Trimbach Riesling,18912.289999999997,33.17948275962349,False,560.146,64.9299097086893
Trinchero BRV Cab Svgn Napa,1839.77,12.467319284475783,False,560.146,64.9299097086893
Trinchero Main St Cab Svgn,30880.65,31.818630760686716,False,560.146,64.9299097086893
Trinity Oaks Cab Svgn Cal,1997.5,28.1351689612015,False,560.146,64.9299097086893
Trinity Oaks Chard Cal,1478.1499999999999,28.924669350201267,False,560.146,64.9299097086893
Trinity Oaks Merlot Cal,958.8,31.914893617021278,False,560.146,64.9299097086893
Trinity Oaks Pnt Grigio Cal,2588.7599999999998,32.41551939924906,False,560.146,64.9299097086893
Trinity Oaks Pnt Nr Cal,1094.6299999999999,18.81092241213926,False,560.146,64.9299097086893
Triple Crown Blended Whiskey,1295.19,94.39001227619113,False,560.146,64.9299097086893
Triple Eight Vodka,63.98,24.257580493904342,False,560.146,64.9299097086893
Triton Avante Mencia,2773.15,95.18561924165661,False,560.146,64.9299097086893
Trivento Amado Sur Malbec,28731.54,32.158596441402025,False,560.146,64.9299097086893
Trivento Birds & Bees Sw Red,244.44,31.075110456553762,False,560.146,64.9299097086893
Trivento Golden RSV Malbec,93.48,34.65982028241336,False,560.146,64.9299097086893
Trivento Rsv Cab Malbec,12534.4,47.86978235894817,False,560.146,64.9299097086893
Trivento Select Mendz Malbec,35550.83,41.14399016844332,False,560.146,64.9299097086893
Trois Couronnes CdR Red,19851.07,24.261513359229504,False,560.146,64.9299097086893
Trombetta Family Pnt Nr Gaps,3989.43,84.27068528586791,False,560.146,64.9299097086893
Trombetta Family Wines Pnt N,2649.4700000000003,72.50695422103288,False,560.146,64.9299097086893
Troublemaker Red,47977.69,50.25544164381404,False,560.146,64.9299097086893
Truchard Carneros Cab Svgn,7124.73,7.9180544385541545,False,560.146,64.9299097086893
Truchard Carneros Chard,5287.099999999999,34.27247451343836,False,560.146,64.9299097086893
Truchard Carneros Pnt Nr,15694.289999999999,46.28135455633864,False,560.146,64.9299097086893
Truchard Vyds The Shepard Rd,917.5699999999999,14.012009982889584,False,560.146,64.9299097086893
Truchard Znfdl,48282.79,33.755837224816545,False,560.146,64.9299097086893
True Myth Cab,31105.92,56.39964997016644,False,560.146,64.9299097086893
True Myth Chard,18664.58,50.97312663879927,False,560.146,64.9299097086893
True Myth Chard Keg,310.99,34.21010321875302,False,560.146,64.9299097086893
Truuli Peak Vodka,2636.43,92.16023182864707,False,560.146,64.9299097086893
Truvee Chard,1783.29,20.89060108002624,False,560.146,64.9299097086893
Truvee Red,1563.51,14.320982916642688,False,560.146,64.9299097086893
Tsilili Tsipouro,9227.75,23.35390533987159,False,560.146,64.9299097086893
Tuaca Italian Liqueur,20596.17,28.484761972735694,False,560.146,64.9299097086893
Tullamore Dew,515048.35,17.199969075756783,False,560.146,64.9299097086893
Tullamore Dew 10 Yr Old,4138.9400000000005,84.61828390844033,False,560.146,64.9299097086893
Tullamore Dew 12 Yr Old,46523.23,31.168579653648305,False,560.146,64.9299097086893
Tullamore Dew Crock,9986.67,7.755437998852472,False,560.146,64.9299097086893
Tullamore Dew Phoenix,11097.9,1.987943665017697,False,560.146,64.9299097086893
Tullia Prosecco,491.67,19.783594687493654,False,560.146,64.9299097086893
Tullibardine 20 YO Highland,2879.84,95.50356964275794,False,560.146,64.9299097086893
Tullibardine Burgundy Finish,3054.5299999999997,84.92304871780601,False,560.146,64.9299097086893
Tullibardine Sauterne Finish,2794.5699999999997,77.9314885653249,False,560.146,64.9299097086893
Tullibardine Sherry Finish,3509.4599999999996,95.66001607084851,False,560.146,64.9299097086893
Tullibardine Single Malt,23345.33,20.909492390983562,False,560.146,64.9299097086893
Turnbull Cab Svgn 11,1982.63,73.10239429444728,False,560.146,64.9299097086893
Turnbull Cab Svgn Napa,5526.75,9.871081557877599,False,560.146,64.9299097086893
Turnbull Cab Svgn Oakvile 12,2309.67,27.755913182402676,False,560.146,64.9299097086893
Turnbull Syrah 11,21241.5,93.34397288327095,False,560.146,64.9299097086893
Turning Leaf Pnt Nr RSV VDP,549.5,18.87170154686079,False,560.146,64.9299097086893
Turning Leaf RSV Cab Svgn,94990.67,34.2886885260171,False,560.146,64.9299097086893
Turning Leaf RSV Chard Cal,167468.87,43.52764296777988,False,560.146,64.9299097086893
Turning Leaf RSV Merlot Cal,24469.31,31.223523221861814,False,560.146,64.9299097086893
Turning Leaf RSV Pnt Grigio,17855.8,27.143329887527784,False,560.146,64.9299097086893
Tussock Jumper Chard,9.99,31.931931931931935,False,560.146,64.9299097086893
Tussock Jumper Malbec,59.88,34.669338677354716,False,560.146,64.9299097086893
Tutunjian Cab Svgn,185.88,34.667527437056165,False,560.146,64.9299097086893
Twenty 2 Coffee Vodka,299.88,26.490596238495396,False,560.146,64.9299097086893
Twenty 2 Vodka,31319.739999999998,22.201748801235258,False,560.146,64.9299097086893
Twenty Grand Cognac,1659.1699999999998,88.52197182928813,False,560.146,64.9299097086893
Twisted Cab Svgn Cal,970.92,71.85761957730811,False,560.146,64.9299097086893
Twisted Chard Cal,458.49,8.944578943924618,False,560.146,64.9299097086893
Twisted Moscato,1591.23,30.318055843592695,False,560.146,64.9299097086893
Twisted Old Vine Znfdl,14050.820000000002,36.88709982762573,False,560.146,64.9299097086893
Twisted Pnt Grigio Cal,16992.21,38.11187597140101,False,560.146,64.9299097086893
Twisted Shotz Multi Pack,43256.53999999999,22.30113642931217,False,560.146,64.9299097086893
Two Hands Angels Share Shira,10876.6,35.776345549160595,False,560.146,64.9299097086893
Two Hands Bella Gardn Shiraz,5039.28,88.12032671334,False,560.146,64.9299097086893
Two Oceans WestrnCape Shiraz,6964.77,30.626280551978024,False,560.146,64.9299097086893
Two Oceans WstrnCape Svgn Bl,21002.13,36.21366023350966,False,560.146,64.9299097086893
Two Vines Vineyard 10 Red,978.6500000000001,31.00189035916825,False,560.146,64.9299097086893
Ty Ku Coconut Nigori,4404.44,39.45745656655556,False,560.146,64.9299097086893
Ty Ku Cucumber Sake,359.70000000000005,34.19516263552961,False,560.146,64.9299097086893
Ty Ku Sake Junmai Ginjo,16712.44,39.17584745255629,False,560.146,64.9299097086893
Tyrconnell Irish Whiskey,35108.799999999996,21.45738390375062,False,560.146,64.9299097086893
U V Vodka,230982.93,30.963885513098298,False,560.146,64.9299097086893
UV Blue Raspberry Vodka,96343.25,39.90725868184849,False,560.146,64.9299097086893
UV Ruby Red Grapefruit Vodka,11965.310000000001,58.28815494532387,False,560.146,64.9299097086893
UV Sangria Vodka,10369.560000000001,60.326971355133736,False,560.146,64.9299097086893
Uisce Beatha Irish Whisky,26190.789999999997,11.566585047644603,False,560.146,64.9299097086893
Ultimat Vodka,17597.67,69.88283107934174,False,560.146,64.9299097086893
Uncle Val's Botanical Gin,93934.47,21.971487144176148,False,560.146,64.9299097086893
Uncle Val's Peppered Gin,9812.449999999999,70.48953115684665,False,560.146,64.9299097086893
Underwood Pnt Nr,8082.38,4.947552577334895,False,560.146,64.9299097086893
Undone Pnt Nr,3496.5,31.42513942513942,False,560.146,64.9299097086893
Ungava Gin,20807.96,23.212510981374443,False,560.146,64.9299097086893
Urban Rsl Mosel,2014.56,33.30950679056468,False,560.146,64.9299097086893
Usquaebach 15 Yr Whisky,10428.509999999998,87.17017100237715,False,560.146,64.9299097086893
Usquaebach Old Rare Whisky,55884.44,14.320623057151508,False,560.146,64.9299097086893
Uvaggio Primitivo Lodi,2817.65,84.1506219722109,False,560.146,64.9299097086893
Valandraud 09 St Emilion Cru,2459.59,79.81614821982525,False,560.146,64.9299097086893
Valckenberg Dornfelder,6354.7,29.846727618927726,False,560.146,64.9299097086893
Valckenberg Gewurz Pfalz,51944.92,32.323796051663955,False,560.146,64.9299097086893
Valckenberg Madonna Spatlese,155.88,32.409545804464976,False,560.146,64.9299097086893
Valckenberg Rsl,194.85,47.03618167821401,False,560.146,64.9299097086893
Valdivieso Brut,220.83,78.60345061812254,True,560.146,64.9299097086893
Valdivieso Cab Franc Rsva,7167.57,21.02358260888975,False,560.146,64.9299097086893
Valentin Bianchi Elsa Malbec,995.1700000000001,24.370710531868934,False,560.146,64.9299097086893
Valle de la Puerta Torrontes,3452.16,42.532501390433815,False,560.146,64.9299097086893
Valley of the Moon Blend 41,659.67,6.134885624630485,False,560.146,64.9299097086893
Valley of the Moon Pnt Bl,5314.59,32.313875576479084,False,560.146,64.9299097086893
Valley of the Moon Znfdl,1599.2,30.455227613806912,False,560.146,64.9299097086893
Valmaggiore Nebbiolo d'Alba,986.79,61.90070835740127,False,560.146,64.9299097086893
Vampire Transylvania Merlot,227.15,96.24036979969183,True,560.146,64.9299097086893
Van Gogh Chocolate Liqueur,206.77,5.614934468249753,False,560.146,64.9299097086893
Van Ruiten Family Cab Svgn,346.17,88.2658809255568,True,560.146,64.9299097086893
Van Ruiten Family Chard,1208.03,92.26178157827206,False,560.146,64.9299097086893
Van Winkle Special Rsv 10 Yr,3459.42,33.912332125038304,False,560.146,64.9299097086893
Van Winkle Special Rsv 12 Yr,2649.62,29.922403967361355,False,560.146,64.9299097086893
VanGogh Acai Blueberry Vodka,1427.4899999999998,34.1235315133556,False,560.146,64.9299097086893
Vanya Light Vodka,181795.16999999998,23.659522967524385,False,560.146,64.9299097086893
Vat 69 Gold,108812.41,27.981495860628392,False,560.146,64.9299097086893
Vecchia Romagna Nera Brandy,8005.139999999999,12.471986748514077,False,560.146,64.9299097086893
VeeV Acai Spirit,1095.99,56.26146223961898,False,560.146,64.9299097086893
Vega Sindoa 14 Chard Navarra,1984.3,81.28206420400141,False,560.146,64.9299097086893
Vega Sindoa 14 Garnacha Nava,1704.66,95.19317635188249,False,560.146,64.9299097086893
Vega Sindoa Cab Svgn Navarra,6523.719999999999,72.87161312870572,False,560.146,64.9299097086893
Vegan Vines Chard,5825.52,92.64615004325795,False,560.146,64.9299097086893
Velvet Crush Cab Svgn,163.88,1.1471808640468608,False,560.146,64.9299097086893
Velvet Crush Red Blend,14206.15,46.491554713979504,False,560.146,64.9299097086893
Vendange Cab Svgn,61914.73,38.76412918278298,False,560.146,64.9299097086893
Vendange Chard,157718.77,33.199932688128655,False,560.146,64.9299097086893
Vendange Chard 192/2Pk  Plt,191.88,18.261413383364598,False,560.146,64.9299097086893
Vendange Merlot,57412.81,38.70145563690585,False,560.146,64.9299097086893
Vendange Pnt Grigio,48436.8,31.431576817626272,False,560.146,64.9299097086893
Vendange Pnt Grigio Cal,1655.8500000000001,30.602409638554217,False,560.146,64.9299097086893
Vendange Shiraz,175.56,12.337662337662337,False,560.146,64.9299097086893
Vendange Svgn Bl,57063.47,34.27106693651824,False,560.146,64.9299097086893
Vendange Sweet Pink Moscato,195.72,12.44635193133048,False,560.146,64.9299097086893
Vendange Sweet Red,104.85,21.545064377682394,False,560.146,64.9299097086893
Vendange Sweet White,395.01,91.64578111946533,True,560.146,64.9299097086893
Vendange Wh Znfdl,58087.26,29.555755892968776,False,560.146,64.9299097086893
Venta Morales Organic Tempra,246.21,19.873278908249045,False,560.146,64.9299097086893
Venta Morales Tempranillo,5737.03,47.48589426933448,False,560.146,64.9299097086893
Verde Sole Chard,923.16,55.803977642012214,False,560.146,64.9299097086893
Verde Sole Petite Sirah,5506.91,8.364218772415015,False,560.146,64.9299097086893
Verde Sole Pnt Grigio,536.51,36.12048237684292,False,560.146,64.9299097086893
Verde Sole Znfdl,6549.22,36.178048683660045,False,560.146,64.9299097086893
Verite La Joie Red Sonoma,2549.9399999999996,65.9862585002,False,560.146,64.9299097086893
Verite La Muse Red Sonoma,849.98,34.210216710981435,False,560.146,64.9299097086893
Vermont Ice Maple Creme,62893.11,21.127703813660993,False,560.146,64.9299097086893
Verrazzano Chianti Clsc,44422.07,35.50908366044175,False,560.146,64.9299097086893
Very Old Barton,467.64,24.78829869130099,False,560.146,64.9299097086893
Veuve Clicquot Brut Grande,33717.19,27.1539235624321,False,560.146,64.9299097086893
Veuve Clicquot Brut Yellow,1791728.3800000001,30.129772063296503,False,560.146,64.9299097086893
Veuve Clicquot Gold Label,48002.74999999999,31.077636177093996,False,560.146,64.9299097086893
Veuve Clicquot Ponsardin Rs,121233.01999999999,34.3550131804025,False,560.146,64.9299097086893
Veuve Clicquot Rose,11120.59,6.511614941293575,False,560.146,64.9299097086893
Veuve Clicquot Rose Shop Bag,20345.93,20.747933370457876,False,560.146,64.9299097086893
Veuve du Vernay Brut Rose,1090.99,41.658493661720094,False,560.146,64.9299097086893
Veuve du Vernay Sparkling Ro,191.52,1.503759398496238,False,560.146,64.9299097086893
Veuve du Vernay Sprklng Brut,1394.0,48.19512195121952,False,560.146,64.9299097086893
Viberti Barbera D'Alba Gemel,2417.58,42.6203062566699,False,560.146,64.9299097086893
Viberti Barolo Buon Padre,1268.71,48.259551827746286,False,560.146,64.9299097086893
Viberti Barolo Rsv 06 Volta,4065.57,95.5253506888333,False,560.146,64.9299097086893
Viberti Bricco Airoli,1362.53,95.68670047631979,False,560.146,64.9299097086893
Viberti Chard,308.22999999999996,64.84443435097167,False,560.146,64.9299097086893
Viberti Langhe Nebbolio,5043.51,58.44005464448371,False,560.146,64.9299097086893
Vidal Jackson-Triggs RSV Icw,3417.3799999999997,31.277762496415374,False,560.146,64.9299097086893
Vietti Barbera D'Asti Vigne,6401.41,9.077218925205537,False,560.146,64.9299097086893
Vietti Barolo Castiglione,6198.76,39.10814420948706,False,560.146,64.9299097086893
Vietti Nebbiolo Perbacco DOC,724.7099999999999,67.81609195402298,False,560.146,64.9299097086893
Vieux Ch Certan 10 Red Brdx,1629.95,46.66584864566398,False,560.146,64.9299097086893
Vieux Clocher Chateauneuf Du,944.73,69.76914038931758,False,560.146,64.9299097086893
Vieux Clocher Cote du Rhone,419.70000000000005,61.83940910173935,False,560.146,64.9299097086893
Vieux Clocher Rose CDR,223.82,45.715306943079256,False,560.146,64.9299097086893
Vieux Telegraphe Chtnf Pape,12673.31,52.66019690199324,False,560.146,64.9299097086893
Vieux Telegraphe Pigeoulet,2798.6,78.27663831915956,False,560.146,64.9299097086893
Vigna Magana Dignus,359.82,96.24534489466956,True,560.146,64.9299097086893
Vigne A Porrona Rosso,272.79,96.82539682539681,True,560.146,64.9299097086893
Vikingfjord Vodka,1103.31,82.6993320100425,False,560.146,64.9299097086893
Villa Cornaro Pinot Grigio,671.16,33.79224030037547,False,560.146,64.9299097086893
Villa Cornaro Pnt Grigio LTD,14627.800000000001,36.095380029806265,False,560.146,64.9299097086893
Villa Cornaro Prosecco,11287.380000000001,26.16523940896825,False,560.146,64.9299097086893
Villa Cornaro Prosecco Del,258911.62,41.60062804442689,False,560.146,64.9299097086893
Villa Fassini Sangio/Cab,89.88,35.51401869158878,False,560.146,64.9299097086893
Villa Jolanda Cocnut Moscato,3366.94,24.317035646610876,False,560.146,64.9299097086893
Villa Jolanda Peach Moscato,48740.08,35.823289580156626,False,560.146,64.9299097086893
Villa Jolanda Pineap Moscato,2450.77,20.090420561701023,False,560.146,64.9299097086893
Villa Jolanda Strwby Moscato,48895.28,37.73192422663291,False,560.146,64.9299097086893
Villa Jolanda Xmas Spumante,7692.299999999999,17.68508768508768,False,560.146,64.9299097086893
Villa Maria Chard NZ,12118.75,39.6187725631769,False,560.146,64.9299097086893
Villa Maria Clr Slct Svgn Bl,831.48,5.787270890460385,False,560.146,64.9299097086893
Villa Maria Svgn Bl Pvt Bin,171790.64,40.2443346156694,False,560.146,64.9299097086893
Villa Massa Limoncello,47382.079999999994,31.910629503812398,False,560.146,64.9299097086893
Villa Mount Eden Gran Rs Pnt,449.64,31.54523618895117,False,560.146,64.9299097086893
Villa Novare Valpol Ripasso,4256.91,31.902718168812584,False,560.146,64.9299097086893
Villa Olmi Cabernet Svgn,107.88,31.03448275862068,False,560.146,64.9299097086893
Villa Pozzi Moscato,21182.39,38.85770208177642,False,560.146,64.9299097086893
Villa Pozzi Nero D'Avola,25813.72,38.70422395532299,False,560.146,64.9299097086893
Villa Pozzi Pnt Grigio Vnzie,11441.289999999999,38.863537240992926,False,560.146,64.9299097086893
Villa Rosa Barolo Piedmonte,1376.49,38.870605670945665,False,560.146,64.9299097086893
Villa Sandi Il Fresco Prosec,13211.91,58.86136069652306,False,560.146,64.9299097086893
Villa d Anges Old Vines Rose,15500.92,25.40404053436829,False,560.146,64.9299097086893
Villadoria Barolo,1439.64,31.507876969242314,False,560.146,64.9299097086893
Vin Vault Cab Svgn,352.82,64.79791395045632,False,560.146,64.9299097086893
Vin Vault Chard,11762.869999999999,22.034418471002397,False,560.146,64.9299097086893
Vin Vault Pnt Nr,314.70000000000005,73.84175405147761,True,560.146,64.9299097086893
Vin Vault Red,73.42999999999999,40.92332833991556,False,560.146,64.9299097086893
Vina Borgia Garnacha,2954.56,25.40039802880971,False,560.146,64.9299097086893
Vina Cobos Cocodrilo Corte,1874.25,99.09297052154194,False,560.146,64.9299097086893
Vina Zaco Tempranillo Rioja,42649.7,31.692813782980885,False,560.146,64.9299097086893
Vincent Delaporte Sancerre,14652.67,34.801780153378196,False,560.146,64.9299097086893
Vincent Girardin Bour Bl 11,2098.95,10.648657662164416,False,560.146,64.9299097086893
Vincent Van Gogh Double Esp,51854.25,15.7527878621328,False,560.146,64.9299097086893
Vincent Van Gogh Espresso V,167.94,23.079671311182558,False,560.146,64.9299097086893
Vincent Van Gogh Pineapple,1203.57,20.219845958274128,False,560.146,64.9299097086893
Vincent Van Gogh Raspberry,419.84999999999997,6.966773847802788,False,560.146,64.9299097086893
Vindicated Cab Svgn,30749.93,39.338398493915264,False,560.146,64.9299097086893
Vinedo de Los Vientos Alcyo,1790.48,36.44665117733793,False,560.146,64.9299097086893
Vinedo de Los Vientos Estiv,319.8,18.34896810506567,False,560.146,64.9299097086893
Viniq Ruby Shimmery Liqueur,29776.319999999996,33.424177332860474,False,560.146,64.9299097086893
Viniq Shimmery Liqueur,60509.90999999999,60.89758581454258,False,560.146,64.9299097086893
Vino Dious Cab Svgn 11,1245.1100000000001,9.778252523873409,False,560.146,64.9299097086893
Vino Dious Chard 13,662.49,7.862760192606685,False,560.146,64.9299097086893
Vino Dious Welch Rsl 13,899.25,15.590770086182934,False,560.146,64.9299097086893
Vino Pnt Grigio,13264.4,14.256204577666537,False,560.146,64.9299097086893
Vino Rose,1982.48,36.26165207215205,False,560.146,64.9299097086893
Vino.e Falanghina Beneventno,558.5699999999999,63.35284744973772,False,560.146,64.9299097086893
Vinsacro Rioja,35865.57,31.519699812382733,False,560.146,64.9299097086893
Vinum Cellars Chard,358.04999999999995,31.529116045245072,False,560.146,64.9299097086893
Vinum Cellars Pnt Nr,433.7,3.629236799631071,False,560.146,64.9299097086893
Vinum Cellars Scrapper Cab F,2581.12,1.2207878750310028,False,560.146,64.9299097086893
Vinum Cellars Znfdl Cal,275.31,42.69732301768915,False,560.146,64.9299097086893
Vinyes Domenech Furvus,692.7900000000001,67.82574806218335,False,560.146,64.9299097086893
Virginie Taunt Svgn Blanc,541.63,37.58839059874822,False,560.146,64.9299097086893
Virtu St Supery White Blend,879.56,78.35281277002137,False,560.146,64.9299097086893
Vista Point Cab Svgn,209.4,20.5730659025788,False,560.146,64.9299097086893
Vista Point Chard,310.61,20.028331347992662,False,560.146,64.9299097086893
Vista Point Merlot,125.64000000000001,7.927411652340025,False,560.146,64.9299097086893
Vista Point Pnt Grigio/Col,251.28000000000003,24.11652340019104,False,560.146,64.9299097086893
Vistamar Svgn Bl,477.51,39.66199660740089,False,560.146,64.9299097086893
Viu Manent Cab Svgn La Capil,167.88,65.51107934238742,True,560.146,64.9299097086893
Viu Manent Estate Rsv Malbec,615.72,28.04034301305789,False,560.146,64.9299097086893
Viu Manent Rsva Cab Svgn,575.28,39.54943679599499,False,560.146,64.9299097086893
Viu Manent Rsva Svgn Blanc,95.88,39.54943679599499,False,560.146,64.9299097086893
Viu Manet Rsva Chard,215.23,14.695906704455682,False,560.146,64.9299097086893
Viu Manet Rsva Merlot,287.64,31.53942428035043,False,560.146,64.9299097086893
Vivanco Rioja Rsva 08,13235.21,92.10681205662775,False,560.146,64.9299097086893
Vivanco Rose,4016.65,27.525674380391624,False,560.146,64.9299097086893
Voga Moscato Italia,2905.55,44.28077300339007,False,560.146,64.9299097086893
Voga del Venezie Pnt Grigio,90502.98000000001,35.712282623179924,False,560.146,64.9299097086893
Volcanes Summit Series Cab S,143.88,29.190992493744787,False,560.146,64.9299097086893
Volker Eisele Family Est Cab,949.8100000000001,58.98969267537718,False,560.146,64.9299097086893
Volpaia Chianti Clsco,14320.039999999999,27.40802399993296,False,560.146,64.9299097086893
Volpaia Citto Toscana,8514.32,31.906717154159114,False,560.146,64.9299097086893
Volpe Rossa Pnt Grigio,2930.71,30.887945375241948,False,560.146,64.9299097086893
Von Winning Riesling Pfalz,2680.52,63.403369495471026,False,560.146,64.9299097086893
Voss Svgn Blanc Napa Vly,14.99,32.88859239492995,False,560.146,64.9299097086893
W Hill Cab Svgn Central Cst,8391.6,34.07764907764908,False,560.146,64.9299097086893
W Hill Cab Svgn Napa,74948.58,30.225909550254322,False,560.146,64.9299097086893
W Hill Chard Napa,123470.48999999999,34.90577384118261,False,560.146,64.9299097086893
W Hill Est Cab Svgn No Cst,112064.21,33.79072587046302,False,560.146,64.9299097086893
W Hill Est Chard Bench Blend,1829.3899999999999,43.16466144452522,False,560.146,64.9299097086893
W Hill Est Chard Cntrl Cst,19463.35,32.80154752393601,False,560.146,64.9299097086893
W Hill Est Chard N Coast,176611.99,14.914519676721829,False,560.146,64.9299097086893
W Hill Est Cntrl Cst Pnt Nr,28810.1,29.834676033752043,False,560.146,64.9299097086893
W Hill Est Merlot Cntrl Cst,37744.91,28.328879311144217,False,560.146,64.9299097086893
W Hill Merlot Napa,3159.91,85.96130902462411,False,560.146,64.9299097086893
W Hill RSV Cab Svgn,11564.310000000001,37.79481871378406,False,560.146,64.9299097086893
W.Laure Weller KY Bourbon,7019.22,34.63718190910101,False,560.146,64.9299097086893
Wairau River Svgn Bl,415.74,40.424303651320535,False,560.146,64.9299097086893
Walnut Crest Cab Svgn Rapel,5432.75,34.537757121163324,False,560.146,64.9299097086893
Walnut Crest Chard Central,7275.17,42.2185323504468,False,560.146,64.9299097086893
Walnut Crest Malbec,59.94,41.94194194194195,False,560.146,64.9299097086893
Walnut Crest Merlot Rapel,13791.98,37.169427449865786,False,560.146,64.9299097086893
Walnut Crest Vnto Pnt Grigio,19403.08,32.728412190229605,False,560.146,64.9299097086893
Walt La Brisa Chard,4507.42,83.73703803949931,False,560.146,64.9299097086893
Walt La Brisa Pnt Nr,935.7600000000001,74.49345986150296,False,560.146,64.9299097086893
Warre's 20-Yr Tawny Port,16781.27,57.06254651763544,False,560.146,64.9299097086893
Warre's Altano Douro Portuga,6149.16,37.22329553955337,False,560.146,64.9299097086893
Warre's Fine Selected Ruby P,10115.93,30.144237850598017,False,560.146,64.9299097086893
Warre's Kings Tawny Porto,18302.91,31.35189977987107,False,560.146,64.9299097086893
Warre's Late Bottled Vintage,56726.83,36.562892726422405,False,560.146,64.9299097086893
Warre's Otima 10-Yr Tawny,57747.619999999995,38.21147953803117,False,560.146,64.9299097086893
Warre's Quinta Cavadinha,2549.2700000000004,27.485123192129528,False,560.146,64.9299097086893
Warre's Vintage Port 03,3399.5,20.523606412707746,False,560.146,64.9299097086893
Warre's Vintage Port 2000,1781.7299999999998,75.95034039949937,False,560.146,64.9299097086893
Warre's Vintage Port 2011,3674.4399999999996,80.46388801966005,False,560.146,64.9299097086893
Warre's Warrior Port,61698.31,32.898567237903265,False,560.146,64.9299097086893
Washington Hills LH Rsl,8714.44,8.77554954764735,False,560.146,64.9299097086893
Waterstone Cab Svgn,23853.48,34.71162279046915,False,560.146,64.9299097086893
Weller Antique -Hanover Chop,275.88,20.00869943453675,False,560.146,64.9299097086893
Weller Rsv Special Barrel,10027.82,22.976279989070402,False,560.146,64.9299097086893
Wellington Cab Svgn Sonoma,521.71,25.414502309712294,False,560.146,64.9299097086893
Wemyss The Hive,19120.8,44.77615999330572,False,560.146,64.9299097086893
Wente Louis Mel Svgn Bl,22722.66,38.86736852111504,False,560.146,64.9299097086893
Wente Morning Fog Chard,161133.81,35.094670696361,False,560.146,64.9299097086893
Wente Pnt Nr Riva Ranch,23867.699999999997,50.03984464359783,False,560.146,64.9299097086893
Wente Riva Ranch Chard,42770.74,41.95938625331242,False,560.146,64.9299097086893
Wente Riverbank Rsl Monterey,12331.53,44.49772250483112,False,560.146,64.9299097086893
Wente Sandstone Mntry Merlot,22986.97,36.16492299768087,False,560.146,64.9299097086893
Wente Southern Hill Cab Svgn,65096.43,31.630966552236423,False,560.146,64.9299097086893
Wente Wetmore Cab Svgn,22551.19,31.108735281818824,False,560.146,64.9299097086893
West Cork 10Yr S Malt Irish,758.7700000000001,2.2720982642961793,False,560.146,64.9299097086893
West Cork Irish Whiskey,59329.02,11.343133596341213,False,560.146,64.9299097086893
West Indies Blue Mtn Coffee,593.8199999999999,91.3879626822943,False,560.146,64.9299097086893
Westland American Sngle Malt,11953.34,39.765371017640256,False,560.146,64.9299097086893
Whalers Vanille Rum,149.88,23.698959167333868,False,560.146,64.9299097086893
WhistlePig 10 Yr Old Rye,417229.41,49.14497556551153,False,560.146,64.9299097086893
WhistlePig 10Yr Rye,81941.94,29.06588494243607,False,560.146,64.9299097086893
WhistlePig 10Yr Straight Rye,54165.51,2.5214753816589264,False,560.146,64.9299097086893
WhistlePig Old World 12 Yr,102860.79999999999,20.607850609756078,False,560.146,64.9299097086893
White Elephant Vinum Cellars,971.4599999999999,23.513062812673706,False,560.146,64.9299097086893
White Horse Scotch,1287.54,32.86732839368097,False,560.146,64.9299097086893
White Knight Viognier,142.89,39.70186857022885,False,560.146,64.9299097086893
White Mountain Moonshine,10468.76,35.80213893527028,False,560.146,64.9299097086893
White Mountain Vodka,24540.18,2.7560515041046973,False,560.146,64.9299097086893
White Oak Chard RRV,6391.219999999999,16.528612690534818,False,560.146,64.9299097086893
White Oak Merlot Napa,599.76,34.65386154461784,False,560.146,64.9299097086893
Whitehall Lane Cab Svgn Napa,33111.26,44.242411795866424,False,560.146,64.9299097086893
Whitehall Tre Leoni Red Napa,15029.99,42.15565013682644,False,560.146,64.9299097086893
Whitehaven Svgn Bl,20670.95,31.876135349367107,False,560.146,64.9299097086893
Whitehaven Svgn Bl Marlboro,321940.23,32.60534727206972,False,560.146,64.9299097086893
Whoop & Holler Bourbon,5599.68,25.927195839762273,False,560.146,64.9299097086893
Wicked 87 Whiskey,12513.32,41.87660685174297,False,560.146,64.9299097086893
Wicked Bright Pnt Gr Veneto,3182.05,31.25595135211577,False,560.146,64.9299097086893
Wicked Silky Shiraz,118.44,31.914893617021274,False,560.146,64.9299097086893
Wicked Smooth Merlot,2213.25,34.98791370157009,False,560.146,64.9299097086893
Widow's Migaki Shochu,1319.6000000000001,74.45286450439528,False,560.146,64.9299097086893
Wiggly Bridge Bourbon Sm Brl,57858.29,0.3517041378167207,False,560.146,64.9299097086893
Wiggly Bridge Gold Rum,6298.74,75.70847502833901,False,560.146,64.9299097086893
Wild Horse CC Cab Svgn,70088.95,48.15028617207135,False,560.146,64.9299097086893
Wild Horse CC Chard,67542.01,51.926985886265456,False,560.146,64.9299097086893
Wild Horse CC Merlot,49185.14,57.68040916423131,False,560.146,64.9299097086893
Wild Horse CC Pnt Nr,106295.54,53.86814912460108,False,560.146,64.9299097086893
Wild Horse Pnt Nr CC,395.64,13.982408249924172,False,560.146,64.9299097086893
Wild Oats Chard Cntrl Ranges,527.5600000000001,0.6444764576541229,False,560.146,64.9299097086893
Wild Oats Shiraz Cntrl Range,1426.81,37.93146950189583,False,560.146,64.9299097086893
Wild Shot Reposado Mezcal,599.88,8.141628325665138,False,560.146,64.9299097086893
Wild Turkey,256075.66,16.159424033733625,False,560.146,64.9299097086893
Wild Turkey 101,524038.63,29.867668864952737,False,560.146,64.9299097086893
Wild Turkey 81 Rye,215.90999999999997,21.884118382659445,False,560.146,64.9299097086893
Wild Turkey American Honey,276462.43,25.864829526893697,False,560.146,64.9299097086893
Wild Turkey Diamond Annivsry,5534.59,88.2928997450579,False,560.146,64.9299097086893
Wild Turkey Forgiven,5169.06,84.04197281517337,False,560.146,64.9299097086893
Wild Turkey Honey VAP,677.65,88.77296539511546,False,560.146,64.9299097086893
Wild Turkey Rare Breed,29904.960000000003,23.75813243020557,False,560.146,64.9299097086893
Wild Turkey Russell's RSV,71658.91,34.61340676267613,False,560.146,64.9299097086893
Wild Turkey Russell's Rsv,49045.73,42.824502765072516,False,560.146,64.9299097086893
WillM Alsace Rsl,12969.999999999998,26.370701619121046,False,560.146,64.9299097086893
Willamette Rsl Valley Oregon,11080.08,4.8059219789026795,False,560.146,64.9299097086893
Willamette Vly Elton Pnt Nr,1115.74,44.1375230788535,False,560.146,64.9299097086893
Willamette Vly Tualatin Est,914.7900000000001,24.627510138938998,False,560.146,64.9299097086893
Willamette Whole Clst Pnt Nr,43182.65,34.355950827473535,False,560.146,64.9299097086893
William Grant Scotch,123810.57,28.63575963127724,False,560.146,64.9299097086893
Wilson Winery Znfdl,6187.91,1.4929111767947516,False,560.146,64.9299097086893
WindRacer Anderson Vly Chard,1609.54,56.81188414081042,False,560.146,64.9299097086893
WindRacer RRV Chard,1679.52,22.89225492998,False,560.146,64.9299097086893
WindRacer RRV Pnt Nr,755.8199999999999,10.518377391442394,False,560.146,64.9299097086893
Wine & Soul Manoela Douro,4046.0199999999995,93.17477422256934,False,560.146,64.9299097086893
Wine Cube Chard,135.92,9.52030606238964,False,560.146,64.9299097086893
Wine by Joe Pnt Nr,11691.15,31.81731480649893,False,560.146,64.9299097086893
Wines of Substance Cab Svgn,5467.19,7.721882722202798,False,560.146,64.9299097086893
Wisdom & Warter Cream Sherry,79.84,41.83366733466934,False,560.146,64.9299097086893
Wlm Hill Est No Cst Svgn Bl,46544.88,30.85770121224934,False,560.146,64.9299097086893
Wolf Blass Yellow Lbl Chard,647.28,87.28216536892843,False,560.146,64.9299097086893
Wolf Blass Yllw Lbl Cab Svgn,11210.76,41.77691788959893,False,560.146,64.9299097086893
Wolf Blass Ylw Lb Shiraz/Cab,194.85000000000002,78.49627918911983,True,560.146,64.9299097086893
WolfHound Irish Whiskey,43103.49,31.42764077804373,False,560.146,64.9299097086893
Wolfgang Puck Chard,641.54,13.395891136951702,False,560.146,64.9299097086893
Wolfschmidt Vodka 80 Proof,79360.31,39.28892162845634,False,560.146,64.9299097086893
Wolfschmidt Vodka Plastic,11156.33,69.98564940262614,False,560.146,64.9299097086893
Woodbridge Harvest Spice Red,3588.79,87.55875935900401,False,560.146,64.9299097086893
Woodford Reserve Bourbon,939737.9900000001,25.837903749814885,False,560.146,64.9299097086893
Woodford Reserve Derby,5803.71,25.383418537452773,False,560.146,64.9299097086893
Woodford Reserve Double Oak,147315.99,28.984742253709182,False,560.146,64.9299097086893
Woodford Reserve MC 1838,8329.109999999999,88.35337749171279,False,560.146,64.9299097086893
Woodford Reserve Rye,41211.25,3.4143589432497157,False,560.146,64.9299097086893
Woodford Rsv Bourbon,194469.7,32.725026058044,False,560.146,64.9299097086893
Woodford Rsv Cotton Restrant,1471.68,97.51984126984127,False,560.146,64.9299097086893
Woodford Rsv Federal Cigar,1931.58,21.87432050445749,False,560.146,64.9299097086893
Woodford Rsv MC Classic Malt,789.9200000000001,73.08841401660928,False,560.146,64.9299097086893
Woodford Rsv Master Coll Pnt,489.95,73.76058781508317,True,560.146,64.9299097086893
Woodford Rsv Mt Washington,551.88,26.462274407479892,False,560.146,64.9299097086893
Woodstock Hot Licks,1114.53,95.20335926354606,False,560.146,64.9299097086893
Woodstock Killer Bee,1171.98,93.15773306711718,False,560.146,64.9299097086893
Woodwork Cab Svgn,143.88,33.36113427856547,False,560.146,64.9299097086893
Woodwork Pnt Nr,11029.35,37.214523067995856,False,560.146,64.9299097086893
Woop Woop Shiraz,18732.98,38.71450244435215,False,560.146,64.9299097086893
Writer's Block 12 Lake Count,8851.14,26.224192589881074,False,560.146,64.9299097086893
Writer's Block Cab Franc,8106.93,27.81484483028718,False,560.146,64.9299097086893
Writer's Block Pnt Nr,2670.33,33.81492175124423,False,560.146,64.9299097086893
Wrongo Dongo Jumilla,1098.15,44.675135455083556,False,560.146,64.9299097086893
Wyborowa Vodka,579.74,29.675371718356498,False,560.146,64.9299097086893
Wycliff Brut,52200.39,30.729138230576446,False,560.146,64.9299097086893
Wyndham Bin 555 Shiraz,18131.59,34.353578478225025,False,560.146,64.9299097086893
X Rated Fusion Liqueur,30989.809999999998,32.088451010186894,False,560.146,64.9299097086893
XYZin Old Vines Znfdl,22419.38,36.533169070687954,False,560.146,64.9299097086893
Xicaru Silver Mezcal,119.96,28.576192064021335,False,560.146,64.9299097086893
Xinomavro Naoussa Young Vine,191.88,35.08442776735459,False,560.146,64.9299097086893
Yaegaki Nigori Sake,5321.58,25.401102680031112,False,560.146,64.9299097086893
Yago Sant'Gria Red,105143.1,42.830990969816824,False,560.146,64.9299097086893
Yalumba Y Series Shiraz Ausl,10281.6,38.07160364145658,False,560.146,64.9299097086893
Yalumba Y Series Viognier,18574.93,39.38647413476121,False,560.146,64.9299097086893
Yamazaki 12 Yr Japanese,12412.61,29.193215608965406,False,560.146,64.9299097086893
Yangarra Est Vyd 10 Shiraz,550.8,41.830065359477125,False,560.146,64.9299097086893
Yazi Ginger Vodka,1289.57,38.79742860023107,False,560.146,64.9299097086893
Yealands Svgn Bl Marlborough,20068.850000000002,30.536229031558864,False,560.146,64.9299097086893
Yellow Spot Irish Whisky,29897.01,36.52408719132782,False,560.146,64.9299097086893
Yellow Stone Ltd Edition 15,5564.47,52.458365307028345,False,560.146,64.9299097086893
Yellow Tail Big Bold Red,89675.34999999999,38.20128942903484,False,560.146,64.9299097086893
Yellow Tail Bubbles Rose,1618.38,21.871253970019403,False,560.146,64.9299097086893
Yellow Tail Bubbles White,11496.12,41.55941308893784,False,560.146,64.9299097086893
Yellow Tail Cab Svgn Ausl,358596.64,37.622101634692015,False,560.146,64.9299097086893
Yellow Tail Cab/Merlot Ausl,939.0,76.33865814696486,False,560.146,64.9299097086893
Yellow Tail Chard Ausl,540267.39,39.022980785751784,False,560.146,64.9299097086893
Yellow Tail Merlot Ausl,346866.29000000004,40.1692377980299,False,560.146,64.9299097086893
Yellow Tail Moscato,156729.52999999997,39.45671816165384,False,560.146,64.9299097086893
Yellow Tail Moscato Bubbles,259.8,50.98152424942264,False,560.146,64.9299097086893
Yellow Tail Pink Moscato,68151.17,35.35109789854745,False,560.146,64.9299097086893
Yellow Tail Pnt Grigio Ausl,361385.6,38.00265946343314,False,560.146,64.9299097086893
Yellow Tail Pnt Nr,71836.67,35.09977470281591,False,560.146,64.9299097086893
Yellow Tail RSV Shiraz Ausl,8818.28,45.94694203404745,False,560.146,64.9299097086893
Yellow Tail Rsl,22444.13,30.82851705771892,False,560.146,64.9299097086893
Yellow Tail Sangria,99012.31,21.58978937670187,False,560.146,64.9299097086893
Yellow Tail Sangria Blanco,27532.43,41.692469571338236,False,560.146,64.9299097086893
Yellow Tail Sangria Bubbles,668.66,51.32952472108395,False,560.146,64.9299097086893
Yellow Tail Shiraz Ausl,345336.01999999996,37.82313168087124,False,560.146,64.9299097086893
Yellow Tail Shiraz/Cab Ausl,113333.69,39.11695169974707,False,560.146,64.9299097086893
Yellow Tail Shiraz/Grenache,878.6,54.54586842704303,False,560.146,64.9299097086893
Yellow Tail Svgn Bl,31675.81,37.29347410531886,False,560.146,64.9299097086893
Yellow Tail Sweet Red Roo,27967.29,34.2784748490836,False,560.146,64.9299097086893
Yellow Tail Sweet White Roo,1206.01,33.760352287708,False,560.146,64.9299097086893
Yellow Tail Tree Free Chard,18490.91,41.572642990528855,False,560.146,64.9299097086893
Yeni Raki,2915.47,37.24785369082858,False,560.146,64.9299097086893
Yosemite Road Cab Svgn,460.68000000000006,33.81088825214901,False,560.146,64.9299097086893
Yosemite Road Chard,1256.4,25.300859598853876,False,560.146,64.9299097086893
Yosemite Road Moscato,460.68000000000006,30.945558739255024,False,560.146,64.9299097086893
Yosemite Road Pnt Grigio,530.48,21.957472477755996,False,560.146,64.9299097086893
Yosemite Road Red,52.35000000000001,47.736389684813766,False,560.146,64.9299097086893
Yukon Jack,460357.1,32.72770484326036,False,560.146,64.9299097086893
Yukon Jack Wicked Hot,175.89000000000001,20.927852635169707,False,560.146,64.9299097086893
Z Alexander Brown Uncage Red,179.88,34.2228152101401,False,560.146,64.9299097086893
Z Alexander Brown Uncaged Ca,45340.04,1.2987196305958348,False,560.146,64.9299097086893
Z Znfdl Tom Eddy,917.82,58.71194787648996,False,560.146,64.9299097086893
Z-52 Znfdl Lodi Old Vines,1709.8600000000001,99.0893991320927,False,560.146,64.9299097086893
ZIPZ Pnt Grigio,10.74,35.754189944134076,False,560.146,64.9299097086893
Zabrin de Fuego Garnacha,40654.93,44.614048037962434,False,560.146,64.9299097086893
Zaccagnini Cerasuolo Rose,22487.1,35.95590360695687,False,560.146,64.9299097086893
Zaccagnini Montepulciano Rsv,264292.94,46.89497192017312,False,560.146,64.9299097086893
Zaccagnini Pnt Grigio,68835.57,47.74852594378169,False,560.146,64.9299097086893
Zaccagnini Rsl,27383.54,23.02938188415377,False,560.146,64.9299097086893
Zacharias Ambelos Phos Red,739.26,14.03295187078971,False,560.146,64.9299097086893
Zacharias Ambelos Phos White,689.31,28.972450711581143,False,560.146,64.9299097086893
Zacharias Cab Svgn,287.76,32.86071726438699,False,560.146,64.9299097086893
Zacharias Merlot,659.4499999999999,13.855485631966017,False,560.146,64.9299097086893
Zanetti Prosecco Frizzante,3466.53,74.25552353506244,False,560.146,64.9299097086893
Zardetto Pros di Coneg Brut,345.86,88.75845717920546,True,560.146,64.9299097086893
Zardetto Prosecco Conegliano,79471.73,34.76343097098805,False,560.146,64.9299097086893
Zaya Grand Reserva Rum,98362.88,21.006318643781068,False,560.146,64.9299097086893
Zeitgeist Cab Svgn Napa Vly,4604.01,25.248641944739482,False,560.146,64.9299097086893
Zeller Schwarze Rsl Valcknbg,53416.53,33.0303185175076,False,560.146,64.9299097086893
Zenato Alanera Rosso Verones,3968.74,5.844172205788226,False,560.146,64.9299097086893
Zenato Amarone,7739.839999999999,41.217777111671545,False,560.146,64.9299097086893
Zenato Cresasso,2149.57,81.0157380313272,False,560.146,64.9299097086893
Zenato Lugana Brut,699.77,77.74125784186234,False,560.146,64.9299097086893
Zenato Lugana Doc San Bened,10894.48,29.175968013158954,False,560.146,64.9299097086893
Zenato Pinot Grigio Veneto,52029.14,25.669980322565383,False,560.146,64.9299097086893
Zenato Valpolicella Clsc,27495.42,35.908016680596255,False,560.146,64.9299097086893
Zenato Valpolicella Clsc Ri,7242.59,32.857582715575504,False,560.146,64.9299097086893
Zeni 11 Amarone Classico,17844.05,30.057358054925864,False,560.146,64.9299097086893
Zerran Tinto Montsant,139.91,77.59273818883568,True,560.146,64.9299097086893
Zestos Blanco,1489.84,19.502765397626586,False,560.146,64.9299097086893
Zestos Garnacha,5685.51,34.5968963206467,False,560.146,64.9299097086893
Zhenka 80 Proof,816412.77,20.88870559925221,False,560.146,64.9299097086893
Zhenka Pink Lemonade Vodka,140309.83,36.21521029567208,False,560.146,64.9299097086893
Zhenka Raspberry Vodka,161886.13,29.601183251462004,False,560.146,64.9299097086893
Zhenka Tropical Dark Rum,157493.97,31.565138652610003,False,560.146,64.9299097086893
Zhenka Vodka,161690.34,19.746863046982277,False,560.146,64.9299097086893
Zhenka Vodka 100 Proof,202316.99,31.719466565808435,False,560.146,64.9299097086893
Zhenka Vodka 80 Proof,240.39,87.30396439119762,True,560.146,64.9299097086893
Zhenka Vodka Plastic,198872.26,25.989713195797147,False,560.146,64.9299097086893
Zin 91 Old Vine Znfdl CA,44809.5,29.067720014729026,False,560.146,64.9299097086893
Zin-phomaniac Znfdl,1511.1599999999999,38.187882156753744,False,560.146,64.9299097086893
Zinsane Znfdl Lodi,14789.49,98.38155338689839,False,560.146,64.9299097086893
Zion Dolev Muscato,1329.79,72.27532166733093,False,560.146,64.9299097086893
Zoe Red by D Skouras,299.75,2.7189324437030784,False,560.146,64.9299097086893
Zolo Malbec Rsv,713.63,21.169233356221017,False,560.146,64.9299097086893
Zonin Moscato,383.64,48.952142633719106,False,560.146,64.9299097086893
Zonin Prosecco Brut,4382.28,31.290561077795115,False,560.146,64.9299097086893
Zorah Red,417.81,67.55941695986213,True,560.146,64.9299097086893
Zorvino Bacca Z Blackberry,35786.42,34.84855428399934,False,560.146,64.9299097086893
Zorvino Fragole Z Strawberry,25475.79,34.133818813862106,False,560.146,64.9299097086893
Zorvino Vyds Mango Magnifico,16224.51,22.217681766660448,False,560.146,64.9299097086893
Zorvino Vyds Peachez,15494.49,24.03518928341624,False,560.146,64.9299097086893
Zorvino Vyds Pearz,20629.350000000002,31.25449905110923,False,560.146,64.9299097086893
Zorvino Vyds Sangiovese,10579.03,29.525674849206407,False,560.146,64.9299097086893
Zuccardi Q Malbec,1639.1799999999998,23.981502946595246,False,560.146,64.9299097086893
Zum Rsl,10857.34,32.67503826904195,False,560.146,64.9299097086893
Zwack Liqueur,227.88,16.653501843075297,False,560.146,64.9299097086893
von Buhl Jazz Rsl,1359.1100000000001,90.7733737519406,False,560.146,64.9299097086893
